source_id,filename,sha256
source_0001,existing_realizations.csv,2eca40ce8dad08455e38f6cd945bba7ed556643b40059300cf17b6a176e8b1a7
source_0002,realizations.csv,9570dd70d502fda16da97bd4c5988ebeac8f9ab8f7cb8c2d9b5a218132ab0b48
source_0003,realizations.csv,72cc58031533a584c03163933bd396977cb3c90f7b8269b120c3f2796a8e0f58
source_0004,EXT_rank2R_L256_r000.csv,54baea5383a7dec0831753b93888d12b84d7e460707c21917366a469c4cefe81
source_0005,EXT_rank2R_L256_r001.csv,68efbab11a7c847e293a4c0fd5ee01aefabf9af24e6afb1416c2fb760362d442
source_0006,EXT_rank2R_L256_r002.csv,21491090b7e202f6af5887f2ca8747a2427f94f0335954da96c1f100c2e80fa1
source_0007,EXT_rank2R_L256_r003.csv,2c9149eba7c1e3c6f9846acb034a96f06c2db5ec123b6398e5b5428d197f3571
source_0008,EXT_rank2R_L256_r004.csv,7bddbd888ad31f1b1cc1b40d4ce8015557bb059f1ff39ae0efe8be59f9a1ace4
source_0009,EXT_rank2R_L256_r005.csv,d64ec9909aab95df1999df2d165d0ecef80f188daa1ce63ba06df87b5ec18f73
source_0010,EXT_rank2R_L256_r006.csv,bc011faa94657f0bfecff273d61247726307c2d35d04b4f4e46c5fdf6494db22
source_0011,EXT_rank2R_L256_r007.csv,298d8aaabf211ff3c9ce6412be8db529b8f24baf3c6976043087f316f6049e9c
source_0012,EXT_rank2R_L256_r008.csv,8163b1a2c9e94bfac861f100882fb6c4a24dfec6bb6ef039c1f080021edf352b
source_0013,EXT_rank2R_L256_r009.csv,d085f7f2e30d3dbae81e8197f11daab315c33a50e0d34112f2cb0d046760511a
source_0014,EXT_rank2R_L256_r010.csv,ae05e9751e4735cfe0ab44a7eb25370309d37f6afb7c6ed31f083f93c2c979cb
source_0015,EXT_rank2R_L256_r011.csv,2e64aaf23d865c58e8e9f830012cf23aed9ffce1c83eee58fc29638b48abc1f8
source_0016,EXT_rank2R_L256_r012.csv,00265783cf21f2b83b4fbf6ee9de0f693d5924026aec0071f251d1a57d12c5a8
source_0017,EXT_rank2R_L256_r013.csv,ae614b884e1f9f9f0e40bf28e5577ca19c4bef83627e9174f860221ff62a94bd
source_0018,EXT_rank2R_L256_r014.csv,98697e13ce96f7af9dc1df7ff57dbeda6437255f71c5e6fad7b5759fe17d67ff
source_0019,EXT_rank2R_L256_r015.csv,163a185291c604b390435de7374a6ee8b50e5a81c60aa4acd80250744fd20228
source_0020,EXT_uniform_L128_r000.csv,452d5eb02f30122bd7f39501cf724d92f3ae5a426e448437254332fbd6ff8d0d
source_0021,EXT_uniform_L128_r001.csv,328361193385f2886ce89290748e771fe90bea1b8f8f97d363a4e8a9235627dd
source_0022,EXT_uniform_L128_r002.csv,ed833908d1c50091bc6fb371b37dfdc1e9353530dbc77026906a763988bd25f2
source_0023,EXT_uniform_L128_r003.csv,8a45edb90daa83de4e8a4f3b980928110e930152d6b56aba6e59c74191c55bc1
source_0024,EXT_uniform_L128_r004.csv,e72d6efe3bfd6109a7e64182a875c02fea2002ba55547c2134b9bfdcdd8a02e7
source_0025,EXT_uniform_L128_r005.csv,985a7a9c03c381b129d1b7f3980959bce772975b7ece01d805435c478c29b7b5
source_0026,EXT_uniform_L128_r006.csv,4771bfbd92cf21ee472635fd9b352389f70a80f440d350cee7d41203326c814b
source_0027,EXT_uniform_L128_r007.csv,7b21d9e749f9156531b5f316ed1148515ff4dc0fb21b60956df103b46912c571
source_0028,EXT_uniform_L128_r008.csv,0962733276137aafe2c52db8c5d972cca89f8b462b8ab3b1eccbcbdab57b4168
source_0029,EXT_uniform_L128_r009.csv,853890801e6fcafda77ac652393c00678d249943efef53b6c51d9705c70de8c9
source_0030,EXT_uniform_L128_r010.csv,28d177e00efab3d8dd637fc5491a62af76c183b016649dd5f6887b15c000b563
source_0031,EXT_uniform_L128_r011.csv,e52e6ba931877ad9c4cbb2356daf1cfe2b095622117c1f588943d1d55e051960
source_0032,EXT_uniform_L128_r012.csv,0a94e155cb5fa2775e67c480a893bb074ad5589386b686b50b88e4bbeb14d22c
source_0033,EXT_uniform_L128_r013.csv,5c755a8106c3fa008ea79fc6953639f66f95a6de78a5e6152d45427699a7cb43
source_0034,EXT_uniform_L128_r014.csv,a80bf420129c7716ce70e3e9d1329121319ac3c347fa44bed77f6c32b842d809
source_0035,EXT_uniform_L128_r015.csv,cb83aebfa843d429422f88ddf35626cd3ed32da901a981705fe5d7783f5064b6
source_0036,EXT_uniform_L64_r000.csv,5356d9ba406b5dca83bd1815e55460d7834d123757e01ccea3c5f87380b59c3a
source_0037,EXT_uniform_L64_r001.csv,10d0c79851f4f67473e0fd25c5cb0ef93a1fca16e3619241b00a2de19e43ec77
source_0038,EXT_uniform_L64_r002.csv,11cf170b7ff82ed0d4847a449544ea7b5eef187cf87902bfddd92b8e4c06d697
source_0039,EXT_uniform_L64_r003.csv,0b486f2ac0002322258e4d8cf3b67b7d3410f04f2067197a5e1d0c7d50f1625a
source_0040,EXT_uniform_L64_r004.csv,3ac681ac1da13fd0d758efebd87a44d1a5bdfc712abb1d8cab37aba152da9539
source_0041,EXT_uniform_L64_r005.csv,dcc785da7af57535d4be08afca16157e96f3bfc45a572e468f607027a2c8b5f0
source_0042,EXT_uniform_L64_r006.csv,94547415679cf4545e08f01d29010f1c79247a0b16a1165821f26c8a6a065667
source_0043,EXT_uniform_L64_r007.csv,497ccab71bda0b2d48146852cfc3694f8551344133b2f462c56dcc48660281ad
source_0044,EXT_uniform_L64_r008.csv,528b767eb2c28021d8a54df0edd237781fcf708b47a79a5e1fb66f307a9660b3
source_0045,EXT_uniform_L64_r009.csv,4b64b211b52b8f3ed82a1ce3a8169ac56f7da5516a5d05206cfebab2d0c58786
source_0046,EXT_uniform_L64_r010.csv,68fd57ed84fadfc7dc9e9b11dfad23a00cba3307083cc4621fae537ae5231adf
source_0047,EXT_uniform_L64_r011.csv,e7f49fe2f2dfceecacb2d73ccbab554e9c5fd2fc49dbfc16e3f444c1e11a7d81
source_0048,EXT_uniform_L64_r012.csv,ede8402236924a8c48fc50f507156fe76b2b522a7e5cc8a4b3a3345e8eefe883
source_0049,EXT_uniform_L64_r013.csv,096680890dfb833020dba3911ef0ec3320180e2148687ba0e58a4063e70d9681
source_0050,EXT_uniform_L64_r014.csv,bee4784e6a27e845fea574c06116685aa5f030a54f4245caffe331c044262124
source_0051,EXT_uniform_L64_r015.csv,ec209a66f7307384b423179034476fc0231fe2f631fda57807eb9bdbca2029f0
source_0052,EXT_uniform_L64_r016.csv,25a5ba4ffbd535cdc5b825842dd2aef555894cfa3cb8857d20cee3cb0b6f6114
source_0053,EXT_uniform_L64_r017.csv,5a9b568ded1b2cf6c371624d6bce6bf932a3d5e806a2875933cd2a726873f066
source_0054,EXT_uniform_L64_r018.csv,f186adc4b8cdef25293871e96cd11b2758d8b1f5e3d4c62b7e45371d2a78ce7c
source_0055,EXT_uniform_L64_r019.csv,5cc5192104a083beb7791b033594e3ff319878896c3ab4890f5093729618e1ce
source_0056,EXT_uniform_L64_r020.csv,211de38fc848755b1202a93664ad33c7dfccd51d2fd899dde629317f680ebf8b
source_0057,EXT_uniform_L64_r021.csv,7c7a9bde510cada5a235c1625030ce29808d7294bd15cd3bdcc9c7bb1321ab1b
source_0058,EXT_uniform_L64_r022.csv,f68a96122e979800857592343f8fe118eaf3992a1b4b4be54a2feeddd2d92f6a
source_0059,EXT_uniform_L64_r023.csv,9e75491a151c17567d3efafabd00404c722c71c4fa930e162997745c5f5eaeec
source_0060,Q12_L128_r000.csv,044566967fc8377d582b158740dba6bfcbe89bdab88b93c4694ec7543463b205
source_0061,Q12_L128_r001.csv,a462473a9718a2050982135f3252af6e8fa06ed9566be6067620561fb31dcdbf
source_0062,Q12_L128_r002.csv,70cdea44699cec29f1940d7650448ed26e299a72f1e2bfa7a3789b7111afaf75
source_0063,Q12_L128_r003.csv,f78bcb8d313e3ba7fc643f75a26915e8e311d31dea289d377d75ba227e4dce9a
source_0064,Q12_L128_r004.csv,4cc9298ffb984f2442e0418bf70b81005e95795ce4bedb659ff6bd569dad26e4
source_0065,Q12_L128_r005.csv,01034a3fa70b7fd26f5f08c030026089cebbe73b4a6f37f8d852efa7e9680216
source_0066,Q12_L128_r006.csv,8f84e6adf4ed34ef13d3d2a003c059be74314f6be1b249f788f5d9a4c9d30c0e
source_0067,Q12_L128_r007.csv,e2b9734752864ac05ed62ce581f586c3de83ebb74c3ba092f24102df59611b59
source_0068,Q12_L128_r008.csv,41325ab4df3df52542f88e6b1ac555745d4e79dfb6d04c7e07baf406ad17c9f1
source_0069,Q12_L128_r009.csv,52abaf82c245796921b920dcb0d926ab9e83ec2dae394e91a6cf1c1e2a0a8ef5
source_0070,Q12_L128_r010.csv,9180486bfb82ae73231918f901f134b129c9c351d54e216983391e70b3be23b8
source_0071,Q12_L128_r011.csv,55c77b17bfe695d1873ef35ebba78075cf25cb6bea9fb2872627223b39074a1b
source_0072,Q12_L128_r012.csv,8771c8a941ea7bf4b8523955f48ab631dae108fbd6d916fef7975d14c7756a98
source_0073,Q12_L128_r013.csv,6fcc2b9ebe08e9c380902c415bad6b6fa407a0fb6224ec9a7e5805a21f7f7dc1
source_0074,Q12_L128_r014.csv,ea2dea893673fac2cc121d6f1452364e470c7e28f5f217e348287129c9dfa54e
source_0075,Q12_L128_r015.csv,fa63862bd0285822e09c569ea6d2f991dd9d29e6a57a3720fbe5b885bce7f149
source_0076,Q12_L128_r016.csv,6e8fa2614ca7ad6c20a66d1dac70336eb17fe9b053049868492055cf6aba020a
source_0077,Q12_L128_r017.csv,83176be80b8dd31ce9c687d07ea63ac60a2daa0d9cdf48995d4795c8325cc5c8
source_0078,Q12_L128_r018.csv,ceda4e1c78649b1aee0f58ceb9f47866c7c200cc5dcdd104e36c70ccec5acb65
source_0079,Q12_L128_r019.csv,523363a53bd30eff866e5447ecf5ae4d7f5c74780b0cfebe151c926c7dc3f5b1
source_0080,Q12_L128_r020.csv,704a0dfd810fa3ba54c99e5b415ba8d8a8ba90607235acc90d2b37f60fdb8076
source_0081,Q12_L128_r021.csv,876a15162de117c63f6a6935cc433bcba919d0c0f4c7a3545cd00daaefaca1e6
source_0082,Q12_L128_r022.csv,eb02e42bf217cff614f0d66fe38d77222bfa6563a036c8f07659c4afa935cc35
source_0083,Q12_L128_r023.csv,273f5e02a53f2a634d134c03d5cde131b879d32c008137eb7d2de85bbb7288f1
source_0084,Q12_L128_r024.csv,4445f6025ba605953694f0ba4fb00762a6cbf40fbf2f5549e62f0b6cb090b62c
source_0085,Q12_L128_r025.csv,2209ea7a5ff9019ebc18e0332890308e980866b0839cddc00c8f68cd4d1f0637
source_0086,Q12_L128_r026.csv,ab4ad21b68b21b1888bfed62d708432858f39a0500d9c63ec21f9a036aed7aef
source_0087,Q12_L128_r027.csv,fc74ff736608a7df1c21512bbe4be1f8efeccb3351d4bf40513d13d8638af57b
source_0088,Q12_L128_r028.csv,498fee1a5f3b8139bebf89ad3f62e85bf49e211ef341456b9700d5f11a136ef6
source_0089,Q12_L128_r029.csv,9598f0ec84b6ac042d8efa7a0a0914957751bb020821e3f771d6b0fae1b4d3e0
source_0090,Q12_L128_r030.csv,a80672bb83fd8fe72f790084fd6e204e890c01928159738e39497671dd7fe28a
source_0091,Q12_L128_r031.csv,200d4a458f383ed9dfa708f6fe909aca65286ad5161eb52c4cdb9372d7828f16
source_0092,Q12_L256_r000.csv,4597340cacf129a562f20e092434c6ccfc951c6e53bdcba8eebf58af5ea0d727
source_0093,Q12_L256_r001.csv,2179e1a51cfe47313e11c92df80ace1e7c80569fc7f86dd854776aa8cb016d36
source_0094,Q12_L256_r002.csv,6cc6e0360a8381c59892772c221720743662956a0b8a9edcbbd85e9179b512ad
source_0095,Q12_L256_r003.csv,1807850aef2a5f8105b17a147fa1444ee38a30895c1492b52d00add8b63653ef
source_0096,Q12_L256_r004.csv,ecf16d5e134edfccae50035df99dd24bb1b664e741d3fbf9486b8068e25763cb
source_0097,Q12_L256_r005.csv,475495312724ddcc6c8aaf158e55e92daa22c6cb513110e8cc18415c70ec0386
source_0098,Q12_L256_r006.csv,9a4bfdf107472e33fb099aace23887c5d4731b3b930b9f9391d6f02b842865d3
source_0099,Q12_L256_r007.csv,f32571b871a4756f2b3b65c25a10a3b5c7af63ff839dba53dca8be1352389200
source_0100,Q12_L256_r008.csv,1c3e5448a6e75d146379450376f35298aac7c63f546dd25f634e090951e27107
source_0101,Q12_L256_r009.csv,6f97a45aa93504d4215f1d934deb9a799e30ef5a97ff21839ebca39daf079da6
source_0102,Q12_L256_r010.csv,6703d93730a4fdd8d5a9593f6dab92345244251ffe86c893841e735f935ef745
source_0103,Q12_L256_r011.csv,d6d5ae8547b3062409a7acf823023ee19ea5edad7c3a0f5dec7186c7566bcdd0
source_0104,Q12_L256_r012.csv,227ac9c653a9afc7444af819e6fcea5c39d2d7355fd2efb0bcaec01062c5d8f3
source_0105,Q12_L256_r013.csv,387d0b737b52eac19637db7bde9b8b06103071f71c87a835a472af39ca7b6e89
source_0106,Q12_L256_r014.csv,7f926885e945819df04f7b08a311d8134217c83f974e8fa1fe34b1607f1cb763
source_0107,Q12_L256_r015.csv,de79d368aae335a8ee7171108209518adf67abab4dcb52a00deb3d1e1e5b5764
source_0108,Q12_L64_r000.csv,73e27b9d164c2268ca0bef003f5be1b590717ed2dc0b97a9b1878af5d826294a
source_0109,Q12_L64_r001.csv,c40131558788a3a1e6fc1a84c082f5738d5792aadca0e68b00eb88da489ee101
source_0110,Q12_L64_r002.csv,fc9edc968e485a2e0839f271bbe9ba444f31225243ccfc1cbab8540422f57947
source_0111,Q12_L64_r003.csv,ee9cc8876a579fea943247977d4e9fc682179c0a4e874a333e4a4c149d27a39e
source_0112,Q12_L64_r004.csv,6a2e6e37860fc0de9fd82dbbc6e44e0ddf9cf764351d347f632172cd44624822
source_0113,Q12_L64_r005.csv,ee43d4012f2eff2989b0343b6563522af53c2974bbd87a57bd87b515258dc07f
source_0114,Q12_L64_r006.csv,a6012abc0aa47ef5c8c74fe9660ff855f41b1cce4b91e46db546ace2d57fb070
source_0115,Q12_L64_r007.csv,d2f1d2fe93a85da63ef4ec5b076f4511e7e834f80760ea625c1673577eea6b14
source_0116,Q12_L64_r008.csv,1f3c1abbddd67d7a8ce096e060286fe905921bd963ffc8993cebbb49352ed6a2
source_0117,Q12_L64_r009.csv,cf7a793c5d83d8fcb5b3ffea550b0fd7c8411e75d73e6bfea97d633e18b18118
source_0118,Q12_L64_r010.csv,08a7a348fbdf5fd7c89708ed9a1b8408efa1f2f82ed663cacc35bc91205a2330
source_0119,Q12_L64_r011.csv,24e6e8fce145039a052f522c1829ba06a64e892b85abc417b14cbda57293a6f1
source_0120,Q12_L64_r012.csv,4b1fa02daba5182faf3e59e253e17b19e60fbceafd9b2bf75910078d2f74cb77
source_0121,Q12_L64_r013.csv,e9eec7a92eafbfd97a07368f0b966aac0fe765c89a9da654828c60a7d5533e92
source_0122,Q12_L64_r014.csv,b11fa874263a568e6e9ae228cc109adddae309aa71f88bca2dda7d09bba0d521
source_0123,Q12_L64_r015.csv,763136d40b7cdca8b1c292fdfe383de8ae48d101174f569c650b09bcfd6ef461
source_0124,Q12_L64_r016.csv,53865113654aad8941fc2f0e3253ee1bb3e10d08e0ba1797ba7f3812c5519341
source_0125,Q12_L64_r017.csv,9f27c817f425d42d9a0a5c86e29ed7da307e68463414862497fe2a49b9070335
source_0126,Q12_L64_r018.csv,916033ac533c758eedb679d6f8b5d173396257ac5e84ae4a29452330cb25e9aa
source_0127,Q12_L64_r019.csv,9927ec338e149eadfcc9308bac0a775b0e03c9ced41d6e7203a56bcc4624bb7f
source_0128,Q12_L64_r020.csv,c5ddfbfd92694ea511029a0c1df78cbbbc2bb9994119a4b6baae12794f288c29
source_0129,Q12_L64_r021.csv,d392a01cac4ef33f88d909119c1f6101d39fcd546b262551df850a2f35104d17
source_0130,Q12_L64_r022.csv,8d1ba63c0b9a4385ca5d841d5532c98bd7884848adbba4a5a6ebedf412f8bac5
source_0131,Q12_L64_r023.csv,64b68381b0f988efc890c7e09414db9a310228f9eabae7ee8761fd19dbb0f4ad
source_0132,Q12_L64_r024.csv,bdf67cc2cb9aa1567f9921f60b5b4ec4c49b350f35cf7a07a3cf4bb49fdac6bc
source_0133,Q12_L64_r025.csv,18b5c1d9da987bb7b712afee1c148b21a1c1abd95b389020f7d4f5d132e15e7e
source_0134,Q12_L64_r026.csv,47c1927f5abde6602048fae19d1205c416324655c44720bcfbf1226f08a310e8
source_0135,Q12_L64_r027.csv,294021755ee76f2a73af1d8d8ef8db1d590e9a1ff58ca6fcddeed86d2df66a15
source_0136,Q12_L64_r028.csv,311381654d65681e3e42f116805504db5f48eb1036406121f0342cf53b168adb
source_0137,Q12_L64_r029.csv,759d97abd77ba1e3f4bbf786e1237fae67a578b71f3b81983bd786c38b402da7
source_0138,Q12_L64_r030.csv,c879a66b7ec95d247b5a2b4d996869e4fe7b3ac68ca2825166f3093c12435327
source_0139,Q12_L64_r031.csv,eb5510ca121f9d21df2c17f4a2504e9f57871500a2199ab7fc7cdbf5982cef7d
source_0140,Q12_L64_r032.csv,d8700bbedb3a38a18f0439b49dd73e9e4ce4512645eb6b781ab98f4e38568307
source_0141,Q12_L64_r033.csv,b16b78897d1e3f7398cff999c86351cb126a36d8896c911886afa960f06bd4bf
source_0142,Q12_L64_r034.csv,840d9bb117d8eec7c89c8638d1bac22bd86433360707167ad9d771b4042f2e32
source_0143,Q12_L64_r035.csv,40fb0940c00d8dca01acbc735e1e3e72a07f0af27867c59ac4329be54edf2226
source_0144,Q12_L64_r036.csv,1bcb622258f04939db754ac45aa15bb242e9fbadff390895f766d66e5c49edf1
source_0145,Q12_L64_r037.csv,5e412cafe27b8b58d11114e2faeb0702a0fbf55d3802d3c66ac69df33cbc0eb3
source_0146,Q12_L64_r038.csv,316fe4731ed73e4f8bd7094854064fd115df98139632197ea6b16992db975b60
source_0147,Q12_L64_r039.csv,6bb78872e091f7653dbc10fa2694ab6d05e75205f3265fe18574be876b97fa21
source_0148,Q12_L64_r040.csv,70e6d15cc1e1d2da34b6afc36abf2732221a879c27b118f146fd7530a35ad939
source_0149,Q12_L64_r041.csv,1a45cf165e49018b0522c2708c649cb319f2c053a62b97621fc9d5d65b48faf9
source_0150,Q12_L64_r042.csv,267e1bc945b0494d3d6a4f3f6cd636f64ed92fbcf99b21593adb3fe96e5830c1
source_0151,Q12_L64_r043.csv,3a16d2cc34781a4a579d4cbd29c4bde267f4360e8dc6901389d417aeed323893
source_0152,Q12_L64_r044.csv,6be90421de7739a4c51a0d80e021084a70015af3d4a5f4db6f62392d1a8877f6
source_0153,Q12_L64_r045.csv,9650e1be55c72a73377691b78cffe6dc8dbd0d67909a2652d9b51a3eb1aec8ca
source_0154,Q12_L64_r046.csv,5dd88f05262c6bcfe9c03b1bec05af37fec0d27791520ddf5ad7f2cd7ceeb709
source_0155,Q12_L64_r047.csv,95666cf788506d75a5b35aa7dfdbc05aeeebb2dc585757ba368fb61787434282
source_0156,Q4_L128_r000.csv,75d2ac44923d52ae44f210baa052e03a001134bfb6fee2f9c93f2d19b0ff7ad5
source_0157,Q4_L128_r001.csv,4a460800c86fac1ffd0b361699f2c6e694986b8154dba79e4ad1955d9849453b
source_0158,Q4_L128_r002.csv,1367337b8fd614c9ee6a01d60435bb92759945e0b00f4011fc86fda02d12640e
source_0159,Q4_L128_r003.csv,2dcbb32701fddf4951472e6099eff67df071e2513148b3da4a6babe4be21eeb2
source_0160,Q4_L128_r004.csv,268bfcfeb673dc11e616f7dffb4df5f130cd710553dbdec8bba9bde65611f968
source_0161,Q4_L128_r005.csv,469efe501617fe816eea0e9f47b38105f99c5cf1434a246e6746acf36f0133ae
source_0162,Q4_L128_r006.csv,13fa1b35c94adbb7aa74863312fca550b605a2b12a4314ccb83909a8791007c2
source_0163,Q4_L128_r007.csv,0c7acddd623ca1548b43d3b8185c1c09b18addd743cba515cb1f4c2be2880144
source_0164,Q4_L128_r008.csv,6974ebe490b85ef81122eef9439253bd3137412f04d3033a205b42f971149d29
source_0165,Q4_L128_r009.csv,64338f3983724aa96d242cf4e39778777a90f769ba15e31ea3613c44b7129699
source_0166,Q4_L128_r010.csv,96c8cd611f3eb48239d0f8236e7aea28ce22ec61717c379fb455249abb689f5c
source_0167,Q4_L128_r011.csv,4fcaa21035aadc14084a9ab28628cea61c0215e8f3a5d27c0bd486579b2a41e8
source_0168,Q4_L128_r012.csv,0744eedb7ad6af79dc36267997c42eee96e5223b3a0343988db76151612af62d
source_0169,Q4_L128_r013.csv,faf331bc462264c7e64ceb49e385c0f1b0d6e3a1a4aac6b2abf3791e66d99929
source_0170,Q4_L128_r014.csv,81e476839085531ba764634f7b7be11db40e2a0d211abc7dd3236e38f7546bd8
source_0171,Q4_L128_r015.csv,cf1eaa77200c61903d9781a8e44163bab1a3c29a5a5c35168bf5d26c84fa2655
source_0172,Q4_L128_r016.csv,7df306986b6e3b351d15ef74683498db52c8debcf2d8a1b7040f4c13d51293da
source_0173,Q4_L128_r017.csv,272ba3d2c918872bcb590256c85da5d6c5e3661892f2d76d770ec0528a8aed81
source_0174,Q4_L128_r018.csv,180c3ab5008d18e35cb48b385d4cc89c8cd0c950d825787db958ff3544d8ff78
source_0175,Q4_L128_r019.csv,955284325a545cf2ace59832a35303a5d896983a94d5dcff802c32d79c28b081
source_0176,Q4_L128_r020.csv,7c3383b3f06eca8606027ad63aca5299226e0ea78fd1f785d21263654579eeca
source_0177,Q4_L128_r021.csv,be82479e8b557ac830bb9e0bef2997c765e8559c94d11df6a150f04f1c1f1fc8
source_0178,Q4_L128_r022.csv,73c2037aace5e34e90f8fc4a27ed400c364202eca1634258e4e154118bbe9198
source_0179,Q4_L128_r023.csv,090267ffd61dfcd5e2c9d9b88d58d364d60fe4b5ca3b3aa72629d49b003445c6
source_0180,Q4_L128_r024.csv,1137d7117e9938750021d5030c7d965bafd90e20f33e308ee301b5fbc9534b9b
source_0181,Q4_L128_r025.csv,0e176399b594dd6c45d7a06127b968a2370c32c2b8dbaedd0da5953b285c1539
source_0182,Q4_L128_r026.csv,ecfc78efd9956f9ea9ac3393111f5bd8e2c9f2c70fcf9fe41f84250173caad35
source_0183,Q4_L128_r027.csv,df0d287894cab6e1290bc666d343f9d7903791ca9c753e95380f0411f247b5b1
source_0184,Q4_L128_r028.csv,27bd30bb69fe7a0431d437271a660e7ff9929401f5490c602f3936285b255a9e
source_0185,Q4_L128_r029.csv,84189c32009cbad4bc7990676200e46d3fca5f9e6bd897d1b50381c6460ab98d
source_0186,Q4_L128_r030.csv,29ca1396dc2ba0a8995129aa96faee6b1acba311cca603bbfb8dd4146ee67c9f
source_0187,Q4_L128_r031.csv,4ce4cef7dc5cc919c1db5627d1697ac13425b459405d2256dce713157a1a06c3
source_0188,Q4_L256_r000.csv,0b6f5949b05d93b202222b95b319df0d864e71d3796de01dd5fa454264bb5b2a
source_0189,Q4_L256_r001.csv,ce813874a50e392b256c0d17d93480e34839b5cadf0848b5097e3a1e96368377
source_0190,Q4_L256_r002.csv,721c9ef5890f9eb242f627197b27fa2e3b646bea6ab017718712647e198897fe
source_0191,Q4_L256_r003.csv,f33c08690c9d66796bd0eb3f3a73d0a20dca4e7b924eb09cacf1df940bdd41d6
source_0192,Q4_L256_r004.csv,ed4092709703fe7fbc9989b838d2aa3166f5d68333662d4f1818315ec61d9b06
source_0193,Q4_L256_r005.csv,82526b482cae2bee5f6f3d561790775c05423a54e519bfe7617810bc2c4f4434
source_0194,Q4_L256_r006.csv,97a514d4d375f2a889053f80a21e137dcde0d21bafd37b08fbc1a8aa25e384cd
source_0195,Q4_L256_r007.csv,f3d1d69ad3c9b7275e198ed0060ba9d7de45e1688652269088399795d4be085c
source_0196,Q4_L256_r008.csv,f40ac76ce9d853edbe0054cf55f4099d6ce6d366a700eb946534b8e96a34df72
source_0197,Q4_L256_r009.csv,a2b22b6cd01865f4e3793c6ad300592b3364fc976e8717dfa71f0ebfb62ba527
source_0198,Q4_L256_r010.csv,dfd040bd23c1661af25e4abca5df9005c5a0d3787cb2ee2308e672c7cd7615c4
source_0199,Q4_L256_r011.csv,f34546806d01ca5c89ffab45082dba28a78769d7ff41e5880a39e3701ca2f0e5
source_0200,Q4_L256_r012.csv,00c577a2cf6e2064767dfef9844fc2e81fd8e436a032fdb23e02d4b2c4639a6f
source_0201,Q4_L256_r013.csv,e742ad7ab3d7f32a431fa45520cfa28c2b1c851dbf1aa502e2021869f5b3d12a
source_0202,Q4_L256_r014.csv,a55af2612cb54b7c9a70988a39e1802cd6a2a484e69dcaa07223c1a5954e0e14
source_0203,Q4_L256_r015.csv,6844788bdb00a346b1b7ca70e8b9aa7ce11e2c0d1c9a3999653bc81434380463
source_0204,Q4_L64_r000.csv,87c60b09b9f2e67c2fcf8e56766c647f6194a70c11025d10503590a281918a52
source_0205,Q4_L64_r001.csv,89550775757f7c74ae079a19729a8b7aa985453a3b569de18fc82c88408e0299
source_0206,Q4_L64_r002.csv,d60981c60883fd9631eaa701a5a7ec61cd0a6a910702bf6fda057f74badfbe81
source_0207,Q4_L64_r003.csv,49162820717c9cd9175429281105cc349325536a4fc11654b534c03371a1190c
source_0208,Q4_L64_r004.csv,4b4efb8b2fa61aba2b27718d4914c285f4c733c8dbe3791510c5905b65104e7c
source_0209,Q4_L64_r005.csv,b44b1ec38b1c00debc90e38175f68ae7c5b95bbc4aae375bdfc0d085cea9e354
source_0210,Q4_L64_r006.csv,96c460596956b967d7faf01b82abfe0f9404bb19bcc2481a19cc22feeac624de
source_0211,Q4_L64_r007.csv,2790ad2531647984bf73a1f2f9570c9013ad22ad0e33aaf368563f1b7e2c9713
source_0212,Q4_L64_r008.csv,0855298705771c7a3fe6f87bd04e4c084297dd6041e26a6646c6150d76cc613e
source_0213,Q4_L64_r009.csv,f8ae7bae63dd4a2b183c1c536d4f34b5bc0c8bc27293fb0d23fed8943ecd82d6
source_0214,Q4_L64_r010.csv,6e2f72940083f9f6b90bd3470bdfba3a618cef2126e91964898f16aaa2eb961d
source_0215,Q4_L64_r011.csv,2f14b814dccfabcd87eaca68641ca1051fb68c5f5c0fc213d4f36520743c105b
source_0216,Q4_L64_r012.csv,15cbaecdcae6e8b6ab4b72571ccd50d155e0540bdddb6fb16657b7456e0c41b8
source_0217,Q4_L64_r013.csv,93393c3762c4e659c6f750338f6b4aa58d44f0a3ba1a396a17c2cc4c777b693b
source_0218,Q4_L64_r014.csv,1b19d4781bf27f1bc51f7a75e743795c2ec3c16cec99cc5bf87e2fbc2d486926
source_0219,Q4_L64_r015.csv,14b6cad13ac45807b121b0c158d2fd8732f6d3a3bcc6083293bd47397582040d
source_0220,Q4_L64_r016.csv,e8d2dfa41f73bd5a53510b60762074e710dd8ac0ad33e7aec6a95264a0cc4e69
source_0221,Q4_L64_r017.csv,3fa7b37c7c1351294ac78fabae2cb2fbb3c54f1b07226e46d9b6fe5f411cc312
source_0222,Q4_L64_r018.csv,7fe43572e6632485b1b6b668db0863860b103948f1c5ec336e836779175f53ac
source_0223,Q4_L64_r019.csv,94e6b9eb94a06c075bbf08e840165fc83ffc07e3662f10272e1ee75e0de41232
source_0224,Q4_L64_r020.csv,2d7c3c8fa0c32a217d588be1b1362201263252c1a069290ffd8fd10ea67bb5fc
source_0225,Q4_L64_r021.csv,ee0abd3a4a836c34e45a6fe6b09603994818b25b82c6e15a712fbe410d497826
source_0226,Q4_L64_r022.csv,4bcb25d51785de01564bf23cc5046e0b64c468fbc3d5416a8adc4b634b2b5716
source_0227,Q4_L64_r023.csv,70708afcfce4eadaed99120354b691a99856a441edf317271c28fb0ffe760691
source_0228,Q4_L64_r024.csv,5ae2bae3b4b07e7a163fd1225827f265d0f6f49edbbc01c3614bcbd15dc2511e
source_0229,Q4_L64_r025.csv,1030b1d623657dce88b4a87bb3452b31f3154fd7066d52b4d62d310120a414a1
source_0230,Q4_L64_r026.csv,2319d3572b509a98cac3011dd351a7e28572414f9c1b08133ebb99976fda860e
source_0231,Q4_L64_r027.csv,ec05fcc5b2ea4cf02b5c6d9785583e3851072f54a227174f344e86805e700dcb
source_0232,Q4_L64_r028.csv,c2ff661af6ee7b69a5bf4331c7aff5b24c9856372f8d40c6df7c0f2edbeec802
source_0233,Q4_L64_r029.csv,350aa5a4e535dcff8d1051873ad4b5c820b501550071fbc69329e2b7d6c1bf67
source_0234,Q4_L64_r030.csv,a9a4a6829fe58e80482ce267dfdfaaf0a2b536eb94a3be521313a866d94824db
source_0235,Q4_L64_r031.csv,6919abc585f9c1433c452d967e527aa008fe0ed91d0ea9f278aca9db2ef6ff49
source_0236,Q4_L64_r032.csv,2f078b2e0e86ac695fff32f41e6cb4e39c62f7f077e4e0808ae6bef3a2515dfa
source_0237,Q4_L64_r033.csv,e412dc7fcb2075f084f5d717eab1dfb0f2929cf5aca8e4f0ffd6d593e9fab5ce
source_0238,Q4_L64_r034.csv,66f72cd28388ad7197e1502377af14fe641bfa50ee542a74f3eb602d1b55b686
source_0239,Q4_L64_r035.csv,538daf1c7f555aac1f07fcbe1409c252ff9d481459459ee3ac618165c9fbefb0
source_0240,Q4_L64_r036.csv,303fd902f1d7c4f0d81ce3116d6ab48ab8ed39b0aa9f4c5fc3c1b5abe0bcd529
source_0241,Q4_L64_r037.csv,48e45661372b48612fb79b3d98dfe94dd2dce91ff5d77bbf278cc3f5e2f446ec
source_0242,Q4_L64_r038.csv,abfac929023b2bd671320463bb1d3a5139c54d27d6b1a5ab7a6184c0c001494d
source_0243,Q4_L64_r039.csv,277106240f7b4a09668d722f2bc750b8b5b51d21bdfcfd97f82fe1c31b448d9a
source_0244,Q4_L64_r040.csv,f2f5b273ef50a190841be3034a76322410afb3e062a618c4fbc6cb37466bed76
source_0245,Q4_L64_r041.csv,41e0e9329f00a602791f0dbb4ca64f1085994183b93333ccb44e6d04e60f1e85
source_0246,Q4_L64_r042.csv,3d43c6268055047725ee4ca32939845ecd3f6a2f5da70ae7d0957e547da48f6f
source_0247,Q4_L64_r043.csv,21f4119b1ad740f427b6bf1ee1157d899fac852d396952463935ae837954aa39
source_0248,Q4_L64_r044.csv,e93f3aa80ee07ba3da991152fbcc5c221b9cc0596239d92a347ac821893a5211
source_0249,Q4_L64_r045.csv,ba0a043646f700ff8f75a658e411a24fc52707ed1711d674f72ff30e07393dd8
source_0250,Q4_L64_r046.csv,58102079d247a0b0c23e623d4ea9b88b73471d4c718132be715b49ba1f2b0991
source_0251,Q4_L64_r047.csv,3e6a1dfb5d17a7bc616323f4293c8b9409b60d85dd95b251f69cc430b78ea5c0
source_0252,LAPLACE_L128_r000.csv,e8bdc2a59cf6b8077f514128cc0e5d0f483c9caf84f522e5bd8301ccef868848
source_0253,LAPLACE_L128_r001.csv,4893a685986d281c77e159d1690a6c68679addc8b39f8c8076e60f94a5940762
source_0254,LAPLACE_L128_r002.csv,f00d03b4b7c4d486ead28d69c2f5741e029950848aa67dc2129e0c24d5887c62
source_0255,LAPLACE_L128_r003.csv,4d19164116e56b9da8ffc734d5181d10c6f73ac26412b6f341dc0aec51853ca3
source_0256,LAPLACE_L128_r004.csv,76be070877d6ed6fa0188f4433a5357fe9b6444f468ca13e8545f8b0d615e593
source_0257,LAPLACE_L128_r005.csv,04266c082b3f4756f970f2a8d8abac493afeab3d986649060ecb2cfc2d0f7c9c
source_0258,LAPLACE_L128_r006.csv,e33d0c0104a2f5a2add4b8217050e87e81025c424f6313bf14f0417e779657b5
source_0259,LAPLACE_L128_r007.csv,de4701482a761a4c8f382630089440f738598072d0748f1eaf1a33adbb801a9c
source_0260,LAPLACE_L128_r008.csv,29c9d1962d132ea2c02f0aa41dacc7623fb981b528a968bca26ac3b8268976a9
source_0261,LAPLACE_L128_r009.csv,52e29556ff629bdfbb3dfeca02e5c7b91d1a2fed83445f9db8c2bcc150b1b930
source_0262,LAPLACE_L128_r010.csv,3abcee4a4d91e18aa28f757e4863d7582726f9ae7bb491f091ee981c069daeac
source_0263,LAPLACE_L128_r011.csv,a0122cad97ab2f902cd23d1870d912616847734bee0ee8da7c48ee754968028c
source_0264,LAPLACE_L128_r012.csv,60f2011e3a579350f4b2ca16294455b8c27c024955659d2a0203565969afa677
source_0265,LAPLACE_L128_r013.csv,8282924c0c57e02a523b36b29abf58f5efbc1fa0d56904ea1e79256fb0b01c67
source_0266,LAPLACE_L128_r014.csv,db2d3fbd41a71fefaec8f5c56364e0f6f30baa377621bee5797fdb0a695799da
source_0267,LAPLACE_L128_r015.csv,351341ff5e01ecc1916c427f8f73b2740591ce1900d18bba05cf0a139bfe3093
source_0268,LAPLACE_L128_r016.csv,d11484eb7d4336aa503f047f23708f2c1ca0822a15fe137668fcb4cc397c9e44
source_0269,LAPLACE_L128_r017.csv,eb34bae960e675e67ea77d9f1eae8561beeaa967909031e7a7b571acd7043c00
source_0270,LAPLACE_L128_r018.csv,ff1c057f53e95dead334c751dadba323ad82a7782950cc860d27858a9f4e9030
source_0271,LAPLACE_L128_r019.csv,ed1ef0fe2cc4cd3b6da6cc1df790defdc74142af5dd9c7a050ae704538fcebc3
source_0272,LAPLACE_L128_r020.csv,b9b6f2c913bfcea9b1bfc232eb6691b53a2358af786777612fe4aad55993c08a
source_0273,LAPLACE_L128_r021.csv,f60fc6658420971d96ead1f81fb8d8b3bda6be733be7ee1e13fd810c9640cdeb
source_0274,LAPLACE_L128_r022.csv,4b0ded50de8a3e95cad0d1c61e64cb034b9be15aa63af3e9a97d27f501910c6c
source_0275,LAPLACE_L128_r023.csv,cbdc1d2b7d7c521aed308aacca839343b61390c4a461ec6afa3f74b74bcc5f44
source_0276,LAPLACE_L128_r024.csv,8b87b15615109448e5f596ea4e6e3c77470038b90b9078e4403912d2ef2a1b35
source_0277,LAPLACE_L128_r025.csv,bf23941b6662172a9980554179d007021af41f27826daa913335f00a8ba457e0
source_0278,LAPLACE_L128_r026.csv,996abd313138189714d3b69c34eeb7481e31a9e611e6e976a0dcbc00146fb12f
source_0279,LAPLACE_L128_r027.csv,09b43a857b30bf0750b1099cffa1e49b675dd4e1dc730cd6050fdf710f07bf5d
source_0280,LAPLACE_L128_r028.csv,a1efbc5ec0bcaed18979897fa83697f078be5821f8cafe16feb4489b8eac2c06
source_0281,LAPLACE_L128_r029.csv,83358af9265ad6eac75cefc1485b547b9fbf9b25291eeb5c053aaf16903da756
source_0282,LAPLACE_L128_r030.csv,a6c9c86522c1726bca9683abdb210c4907d3d288c2e940c1f1f7635123edf6a9
source_0283,LAPLACE_L128_r031.csv,d1eae3acb18fe10f1c83870d5354f50f627ae4c2667b43b571784d4ce8be4b71
source_0284,LAPLACE_L64_r000.csv,77dcf5c95e04bd7330a0573e27be2d8380269e3918897c9594d764e63ec2fed4
source_0285,LAPLACE_L64_r001.csv,2b350db918d06170fd8580d611a05d9747f4ae016b80c80599e78af7bd21afa5
source_0286,LAPLACE_L64_r002.csv,08083a0783d23a26d6d943c325affdf285d63b951841cc667b6adc2a82878b2c
source_0287,LAPLACE_L64_r003.csv,00f947c6f57591a4fde129ba0c65cddfc36aa2b2697c0b62e15098439fa8011f
source_0288,LAPLACE_L64_r004.csv,2a3f5d3eaa2d02ccc6733784fbae372566e058a9b2bde52107977e11714cec13
source_0289,LAPLACE_L64_r005.csv,a26d0af19014a9a8890785d89d34a46f8fd1057485cdc8cf572a0db8f90b9b91
source_0290,LAPLACE_L64_r006.csv,c6eb96b263dc952285d88ea43fcd7a0c229ab3bccd062159cecb576321519374
source_0291,LAPLACE_L64_r007.csv,3a72088fc3b1c4bee7e4265b6836eafefce98347850d4e61b5dfa2b987b26f62
source_0292,LAPLACE_L64_r008.csv,ce0ef6da8875efa7ee037ebe60b9263e370821ab8f5f4ada01f88be8098aa0c5
source_0293,LAPLACE_L64_r009.csv,4638372f4085f267c6365dd21d0e5b0dd6fce44ebdfb4835a1b05ae318f10ba1
source_0294,LAPLACE_L64_r010.csv,45240c8677ede33ef2e46742e383d3b2ab1849b445136f0eccf4e4ef1ada3c54
source_0295,LAPLACE_L64_r011.csv,1d578888df4681a614c50d97fd0141a61c1f915eb4293805e9a30c081fd85b36
source_0296,LAPLACE_L64_r012.csv,84e3e21b91bc68ebcdd848bd51f998058d6fa240b1e4f60aac157119e5e8f4ec
source_0297,LAPLACE_L64_r013.csv,ba680815923fc130e834e897081c97c5d8c460ce4889395a09d88d938b7c4a4b
source_0298,LAPLACE_L64_r014.csv,9f3f43423974cc52356f1679dd5862e40b7f9f208499eb0083e41e9cae92b5bc
source_0299,LAPLACE_L64_r015.csv,a9075ab4a14d36adc631f6e63988e4bcab8f475c4f25c2b9f2a497570d5167ec
source_0300,LAPLACE_L64_r016.csv,442b18da957343b24078125eb3e41898c9d1019c612b270072eb868163189f22
source_0301,LAPLACE_L64_r017.csv,99256dd779e7178a61037e416fd4daeeef9ce69bf75628b9ceca20bb9f9a8788
source_0302,LAPLACE_L64_r018.csv,c5e8a16419ed2037bed943f338d8567b9fb18fe31f27c898602ccbff85197c97
source_0303,LAPLACE_L64_r019.csv,14e716b7e5bc0e0e56683d1e990b26a8d25ece31cdbba1e493734accd572ec45
source_0304,LAPLACE_L64_r020.csv,a9c78f2f7e94701d3e4020ec5baf46a314daa553fdf41b5a4fefb8a66688e541
source_0305,LAPLACE_L64_r021.csv,b3c730bf85168b47651bdaaf107a9eb1aa6f4b7a4fed8d280e324329f94f498e
source_0306,LAPLACE_L64_r022.csv,f11bcc049044140453ef0eb28c527493e52d7e28e428442cfc7cb8b65d69f0d1
source_0307,LAPLACE_L64_r023.csv,0403992a6fdc6067a716738dc86f48c7257ee621100712114be2df93ed02d17e
source_0308,LAPLACE_L64_r024.csv,c6a4984c815e9cfeb386f40bfaa5125d0d166ab5f72d491d4c90cdec656ac2b6
source_0309,LAPLACE_L64_r025.csv,e1e59caa9ac98a1c3463341231943f017241ec9850a8cc4158843de1b77a66c1
source_0310,LAPLACE_L64_r026.csv,7e4cf6596994303592c7060de06daa9843d799e185ada6a5266a74d9dd681776
source_0311,LAPLACE_L64_r027.csv,ab3afb915cd9aaacfc58f7c9b8f6b0da774d1ab2f276b3e0efd47966b69d42be
source_0312,LAPLACE_L64_r028.csv,64a1c3896d10161bc5f006313d23fdae149d4891c8a04142d2c0407e332e2994
source_0313,LAPLACE_L64_r029.csv,fae084d230fc7e08ba6ae4e6b7b80b4f46711b16f38c73e666c705ae3d669828
source_0314,LAPLACE_L64_r030.csv,7f1b832bacb07c886dd1aee69838d458e40a827f04ca56e9682f54efe266cb30
source_0315,LAPLACE_L64_r031.csv,ccb245477b577949bb474aa21184a4984c3b04323fdc7cfc6db7a1e7a924f55a
source_0316,LAPLACE_L64_r032.csv,1bb15e7ee1155c122751866ee24e697a4ad78006a8c0a9c72993d3a33927d716
source_0317,LAPLACE_L64_r033.csv,03fe941d62547076d03b8056718dccb88f04992d2add1c16d704835d33dc3eae
source_0318,LAPLACE_L64_r034.csv,9db4ae708fff0bab055d6a7aa8bae7a70090a74d629a9eaf7f7e14d99147273f
source_0319,LAPLACE_L64_r035.csv,6f0679973af10666972a23368a48afe644bbec306e144eaaabb5fef2a2a9b667
source_0320,LAPLACE_L64_r036.csv,0cdef1585d6f4725f939871fff517d081562fe1e8c2856de0be4f7b886c1bfb2
source_0321,LAPLACE_L64_r037.csv,b9e46f39eb82060d9292da7445cf7e199e8364637ea788abc61f7f1c2b376182
source_0322,LAPLACE_L64_r038.csv,02d3d4e7e58aee86370a02cdfd19b34c2d5f359319527d862c03ecb5e5252bd6
source_0323,LAPLACE_L64_r039.csv,7be7f68ba344734d509caab4c00360c2fefb75e9c7084b8ddf6633617d48417a
source_0324,LAPLACE_L64_r040.csv,2e9a6b3365f3a393493c995b1598ab49e3ec06927fb72f9813a9de808f225cf1
source_0325,LAPLACE_L64_r041.csv,8ad15693099283566a919f971af2741389c9b1b3248f2863d4525d08ba3ce277
source_0326,LAPLACE_L64_r042.csv,dd7b73a3aabb3b4738f70c77969975b79edfb7b152b97cdb49681be8afb91785
source_0327,LAPLACE_L64_r043.csv,a1e51d4ff073d5f04a1d982c48d5f8d3276866d2c328387927e5c168f2807eab
source_0328,LAPLACE_L64_r044.csv,3ed987c736a0c91ddc0c1b66ea3e76c976e48305e5f0a63a49cafd876076621e
source_0329,LAPLACE_L64_r045.csv,b328ca74ba8544b6e7d0acb8761a641cae195c03a6685146927dbff78343ba23
source_0330,LAPLACE_L64_r046.csv,c5be6ddb7e2be1d6f1550cbb038848cbef497b53e11f42fdd463b62f62d348c6
source_0331,LAPLACE_L64_r047.csv,8671d37f6316676744f4522577f5d5ee1ad874ba1448d65759b833c51c06b629
source_0332,CORR12_L128_r000.csv,678386857578c7810563a56e7d7211a6941d67a018c35eb41d1b4474be72e32e
source_0333,CORR12_L128_r001.csv,57245f067e9d98abe633bd46af8bcb6bcc3970ddadc6b40ae3f3edfabc043a89
source_0334,CORR12_L128_r002.csv,b88764a848b671b70ad42bdbf53b37e0f46cc4a7230b5a119bd862f41f8da382
source_0335,CORR12_L128_r003.csv,6d22d7ee7e6299e8904fc11cc2f495817315c5fcf374afa7a03f4215a616908c
source_0336,CORR12_L128_r004.csv,200ae7d4ae0e064f1f45cf035ef2c31be4a70e580c732638d6b9dffed731a335
source_0337,CORR12_L128_r005.csv,ee9b19a893ed8562cd671f1f2b409f839043c8e163478951ff14cd0e77e4fb34
source_0338,CORR12_L128_r006.csv,e280e55ef2b4e73ccd3d4120af059ba6a5eb003fc06a6d1111fe42cd56f0f2bc
source_0339,CORR12_L128_r007.csv,891f3afa4d50ffe4b361d2755bcf240dc9a4c9e5f1dadffa7b1d0d5cf4f0d71c
source_0340,CORR12_L128_r008.csv,6731491201291e6bdc8fe8a97b04ea9235ea6834a3eea6c922393567c54d7f2c
source_0341,CORR12_L128_r009.csv,0cd7b890389454ca00351e2e9298a8162fab92201022a57b9e7018f3e05733f8
source_0342,CORR12_L128_r010.csv,3701309aca3223f4ce40b31399471f29e7e479728f5ff51597907dd66a3d03ec
source_0343,CORR12_L128_r011.csv,907d15bf4dd2eaf8c93449ea9edfc9ae38e2e892b2fb46fcacb3ba4913d216bc
source_0344,CORR12_L128_r012.csv,4b697dd5cde8792de83d909f3048e8f2d92a12bc64fd2e1f05e40b9d8b1989e2
source_0345,CORR12_L128_r013.csv,9258997d7f39fabfc0cab71cef3fcd353075db5e99d9d3d774dd14f1811ee64d
source_0346,CORR12_L128_r014.csv,7eb859633cee959232ee34d10473c61f84d5bcbeda0bc3556587261f892f8f26
source_0347,CORR12_L128_r015.csv,20cc45adf31f35477b459667b807d7375e80e97260f6f9e048256b0685f06d27
source_0348,CORR12_L128_r016.csv,491c6af88139cc62230659c959f44f05f6acbc15e46a9f4599e659d556378d26
source_0349,CORR12_L128_r017.csv,ff1e10cef37231b0428bdaf6737cbd7e1e7c8e1dc53c8a56f32512b9e443772f
source_0350,CORR12_L128_r018.csv,666b29f28f63167cba74fc66cbd6ecc8f50f1aec2c855804fe357f6a3dc4212f
source_0351,CORR12_L128_r019.csv,c0e448259670d6241d787b7d20a1796b59cdbcc537be33144861d79b1c40e4e0
source_0352,CORR12_L128_r020.csv,25d036996fd129141e0d4a4adfd1d50c6187bff5b0faf82625456a66fc79a83e
source_0353,CORR12_L128_r021.csv,1a65b60cdc482c9deea05394bbce4e855c28ce8575b6613cd450993c4fc747a7
source_0354,CORR12_L128_r022.csv,edb28c3ba66445085fdfc5c5b30fd314f511fce9d4125de7c6cfcb9f8650d2bf
source_0355,CORR12_L128_r023.csv,0b4eff16f85d5a9146bd255e829b16dc90144262671411ba5497098794842fa0
source_0356,CORR12_L128_r024.csv,8f5950d18c6bb1d537ea852ad52b6b5b287d76fb3bce4aabc310e7748ae07558
source_0357,CORR12_L128_r025.csv,a5964ed4e3c43ec2cf19788ac3d631db06da93e7d1ee8dbdd1ef130581e655ca
source_0358,CORR12_L128_r026.csv,8474efff8aacbbd527e684fad5ae2971187bd4f1af15d6ce4315b163d9281336
source_0359,CORR12_L128_r027.csv,3594c2f94cd0cb8579419397e337025870cc0a081000cfcc48938df6134fffe4
source_0360,CORR12_L128_r028.csv,55faabf9e37716884ed57a95bb2d2f939806fa91d6ca4bce82eff065918782b2
source_0361,CORR12_L128_r029.csv,c7d5198eb81ece47bc6d7f5ebe25426f0a174d3441afec94a0882922c14461b6
source_0362,CORR12_L128_r030.csv,499d62db819c10635269649828018c2e58190071a8adfcf3950b3583afcb9e46
source_0363,CORR12_L128_r031.csv,9f931200ebb126071691896f57050caa5b339bc0b4885afc3c3034ce7a53e030
source_0364,CORR12_L64_r000.csv,9f7e6f8977be468f410c8582484764add929211ce40ef0c4a9a63e786d5c14d9
source_0365,CORR12_L64_r001.csv,c863d2789a5e6f7550cd966c0ea1573430db2d38afdd38965398cd5df12e7a96
source_0366,CORR12_L64_r002.csv,fc160505c0927cf2abb3fa6fe1da7d7c37c227e35bf896fe11b412aabdeddb20
source_0367,CORR12_L64_r003.csv,72a1eed768cd34bb7d81e29092243d2bd70fa1e83bec7a8337fbc087ba3bc0f5
source_0368,CORR12_L64_r004.csv,675326de7b02d1365725d33ee91395e4b06cdd76895deecb839ee228448d2071
source_0369,CORR12_L64_r005.csv,5f5fbae9ebec2d2c1acd3c1ccaa1416a590d2dbd31075fccc6cb3d4f68e0c0d4
source_0370,CORR12_L64_r006.csv,2cd94759669d24ac52ff3f70c1fa1f307aab94236dd071926a508b1bbdaafac4
source_0371,CORR12_L64_r007.csv,0688facafdb12cc9516d0b53f6bee21a696e3810466e0e5f4094e8de68f974eb
source_0372,CORR12_L64_r008.csv,533ff7120a0dab9a32226361daee28fecf4c9473002f7e510ef91d474e02ef82
source_0373,CORR12_L64_r009.csv,6cbb0dbe66281fcd1751c3770dcb41c977abc94988dfadfc6d82eb19d50c4ce6
source_0374,CORR12_L64_r010.csv,a544deb982bb93960486e07d1078beb463d70aaf652f56f978befd70368bdaa6
source_0375,CORR12_L64_r011.csv,e7dc9f211a2b1e87d1df34a6499d57e7292b5b5b5c3aaff85554f33114c87822
source_0376,CORR12_L64_r012.csv,9452e830794b7e6533ffa0a2d96ee466b21ca06124a0ae6f69b2539b84fb20a1
source_0377,CORR12_L64_r013.csv,c026cf978e91746d3b75c41432da2a9f01182d4ed3e6b7b751abd64e76fa5058
source_0378,CORR12_L64_r014.csv,505b3278ea8f9c70577b6852a4a80a887c610d661af5dcc67e1f31d6cd31bc14
source_0379,CORR12_L64_r015.csv,db2c6a9d2b5cf5b4338c2bb763fe5cf841ef1ae478dcc0a3f571edbecf1eabdc
source_0380,CORR12_L64_r016.csv,870c4a295eff9e75cebd987543c7bfe9f1fe9b7963305272fe7ee4c982471a99
source_0381,CORR12_L64_r017.csv,b04d9cf8cb83787162a941da7244840d4bc4ad04119f8e1a1810bf3dd22bcdfc
source_0382,CORR12_L64_r018.csv,1b9f7fb0ede8fe73a258adb8a31f02c38dad8d3a2ce427cecbd084e3e6cc2704
source_0383,CORR12_L64_r019.csv,45693ec5f55487cdfabcac322b70b366108c85a92de793aec425f24a85e705ff
source_0384,CORR12_L64_r020.csv,e243aa5f8ec90e6a992e387b3d3a39dbe83bf03d94d1cf9ba5ba6cf4788347dd
source_0385,CORR12_L64_r021.csv,a37cdee53ee85b4a24fa4e3c20659b9dd7dad1e423b1a8b1960337ea162a9126
source_0386,CORR12_L64_r022.csv,ddf294d8d7634a7381a395bbfe514216fe86ca4438492057791a5e5c8f87c6ab
source_0387,CORR12_L64_r023.csv,bac09f4f3a07816380e4dc200e5b8c6e99415aad633f4060f9ea30c8f946974b
source_0388,CORR12_L64_r024.csv,3934575c3e8b73c86c3816e65199ff52abbed0e885e69c5a5550260e454c0767
source_0389,CORR12_L64_r025.csv,b4d5f960d71121d48a5c5d61fffa4d91887fd86dda725fd276ed2079f95264ca
source_0390,CORR12_L64_r026.csv,3fc882212b448ae37bda079e50276ddb817c1a70418faf38e1f7e88123746570
source_0391,CORR12_L64_r027.csv,e1ef7e639b003364518591c7c5bf4df5f47b772c5eb99e31d214305df7ae5413
source_0392,CORR12_L64_r028.csv,4e2c290b5b25bd4bd7550d36644f866a9c0652abe92ae45ab46ca8762c3c35e5
source_0393,CORR12_L64_r029.csv,71312650f91fb6b6ff17c6bc32c34097e5aca43413c5f4eda0d468720aaaefd3
source_0394,CORR12_L64_r030.csv,0a8391205f175df4e45e9922a9602b405510a2b96bff28679abdfa06855e9c27
source_0395,CORR12_L64_r031.csv,2b2057e3906e53535f09b31df4081db1fd4a483c3c2b6dfa57bc8277ec981f63
source_0396,CORR12_L64_r032.csv,9f6487ff38a0ed62edc19193040040ff22941d607cbcc8e52b6d921bc08326ff
source_0397,CORR12_L64_r033.csv,6ce34a591587f3e5a8c4e8421d19c9bb12c3b04a6045053538cfe5f3cdd0295f
source_0398,CORR12_L64_r034.csv,c9e8ac5c8b428791db5cf4acb66cf9e1af4ce56949807b851c5bec1d4b698904
source_0399,CORR12_L64_r035.csv,6bfb9e7f3897b2b1418db2f00faef97256410f2fa361335da67abb0222da96ed
source_0400,CORR12_L64_r036.csv,326d58b5cb50f28ae5d2be70796b14c6766270b28be700d47a6b8984001b6416
source_0401,CORR12_L64_r037.csv,7afff15936cb9b09a7b41dcab2058c66495522ce8295112e0d0a77b6109259c0
source_0402,CORR12_L64_r038.csv,ae1c430dc6e902ae847d3206198b3b6b7f7b21b30591ec189c05c4f699fab7c0
source_0403,CORR12_L64_r039.csv,20c8095db3902867cae4dbb2e29d48ff1d8d2f8251236c38d69e31771a7b67c1
source_0404,CORR12_L64_r040.csv,efd6d79eaedd24cf85e7746b21562b92fac12695b36aea07ce9a2a228a5e14ba
source_0405,CORR12_L64_r041.csv,eef66f88a5d3f75bcb3a32a7bf77089e9fcad8f04a93431d371fb8c8ba914b59
source_0406,CORR12_L64_r042.csv,c9cc4071dc54f1ac61f617f65ddedb62db0cf4b7b89eb47e5b8638cd824dd35c
source_0407,CORR12_L64_r043.csv,2dbb5e252960eb9e493aaec91490a0434c782906208f495b6e9eb48a49b69f62
source_0408,CORR12_L64_r044.csv,c49eb36ca91de32f25832d287b336b13f1fe76ae232f4bbae4756db9ba585405
source_0409,CORR12_L64_r045.csv,1158d24a98cfe8b25903188969c263642e827b7fc4b9379f6f99006cdce36c96
source_0410,CORR12_L64_r046.csv,c633b74c8e912324b27f0c4471b253bc1c62423089bde664cd226d9ec7748e6d
source_0411,CORR12_L64_r047.csv,e13e533542171a67feb0a5a81f722a456f957947813107d1ec5643ea72e43454
source_0412,CORR2_L128_r000.csv,3838aab455e8b8cb214a702b8088e132ea2ac67fe2c07ad5eba50a6567409523
source_0413,CORR2_L128_r001.csv,9a782517fd5eaf5695c4d14bbbe20a52eaeba5a753c106933c5aa50b4ddab446
source_0414,CORR2_L128_r002.csv,12639cf8182fb09b546ffb82621d0cb753870b85566a187e0c36a18825f9002b
source_0415,CORR2_L128_r003.csv,e1c8bac3309add97be10593f10a7e1e3a6eea9322a4a6ad82a7f5d97cfdc073a
source_0416,CORR2_L128_r004.csv,ace46b5a138f2515ea77e5b075d1ffc37bfcf0f052f375f47aa5b14965a7b760
source_0417,CORR2_L128_r005.csv,f27700af418a966135284165a9483bb1189ee9ba6a9c90cd675f7902456c0dce
source_0418,CORR2_L128_r006.csv,31033bd75aae5c2c24abc966d0afa2c88152caaa96dfaa31badf2d9088d89a65
source_0419,CORR2_L128_r007.csv,95cbe41e840732f717494b1643d5855d182e5ec81bcf1be02c7114542c156142
source_0420,CORR2_L128_r008.csv,4cb519841fccb7dec57be9161095ff463f6ff3b82cdbea0e3263be6e381ef613
source_0421,CORR2_L128_r009.csv,920dda5b198fc6996eb6feaa14128655d87100653a2da9a1739ff0a43930d601
source_0422,CORR2_L128_r010.csv,40db15eaa766367036e4a6cb6e0cb47296837e1da97c615da5fc0d67423529ef
source_0423,CORR2_L128_r011.csv,7d22e15c2bba51600d524706bbacbcc25c36251161b25c29d910b9c0259f8291
source_0424,CORR2_L128_r012.csv,95c0ac5172abb49716f6cfa41e4f0f81841badc1443467884167902d429a8199
source_0425,CORR2_L128_r013.csv,0145f1426fdc6c40431ff3cad34ea5cd93706d3d2b714043d048f0684d450a09
source_0426,CORR2_L128_r014.csv,e63d8f4c51f92397c3e7cf8c4474f8ee3022eee0f0432828b1d3d5f6b15f8218
source_0427,CORR2_L128_r015.csv,25ba5869fbe292e01e515ae3c444a5014c4e180a2072bd95539407c6a4e89fae
source_0428,CORR2_L128_r016.csv,6f37cb765489f2d48a2007e04103eb6f36bc1bc347d809eb3ce13b566f813987
source_0429,CORR2_L128_r017.csv,43b19df8e4641d733f867f1d5ccdbd9948513c58c9dee665b318df7dde45e5b6
source_0430,CORR2_L128_r018.csv,35bbc3c9229a5194b2ac264f9d04cd9c0281813645b4e3f61f766969b8389d0b
source_0431,CORR2_L128_r019.csv,31cfca9e6b44470494d57d239963b89499674433bbfae78a8b2d4e5d3cbdcb7a
source_0432,CORR2_L128_r020.csv,bfb73631ce4407647dc10b5a5117e03c73690557138b38b98596582605a82c3f
source_0433,CORR2_L128_r021.csv,0ebf204834f57626abc28c825f6cca5188688199091524d1f66c00be0a62df14
source_0434,CORR2_L128_r022.csv,4156c68294f5322bfbb76bc75d65bac20fde2aeb41a910427c7eb7a343fe7d02
source_0435,CORR2_L128_r023.csv,169756e36c12700e66562c6d880182239861396a99e9699652e9dc7b2382b95e
source_0436,CORR2_L128_r024.csv,a346a95f32c264ef9df83fbb089e52745d7d286a8c631369bbb4bc224a02c7a4
source_0437,CORR2_L128_r025.csv,46fafa57c9a1ca23263fb7e2e8996eacb21bdcb7ff939f2a75b6fb653e659803
source_0438,CORR2_L128_r026.csv,a94f803d2bba43640ea3953f2e261411f6a66724273573d0cdf89f2e8fed16aa
source_0439,CORR2_L128_r027.csv,6e57d268aa4cd7e075138ee398f6fc56c01425b38bdb115982c09b00af502275
source_0440,CORR2_L128_r028.csv,68a857612d377b6e7d1cd007b94c74ead73ab085a653864c6a0c0ce11a93c5bf
source_0441,CORR2_L128_r029.csv,321a0dee26c6c3858655dc064b56c2daa3729327a780021687a109ce69fa223b
source_0442,CORR2_L128_r030.csv,482c1734ee9870a35070e744c21010f4151750650138bc43d6ce8aa6d1b902e1
source_0443,CORR2_L128_r031.csv,260783b041563c4f72f9de8b19d3bfe580e93ed3fab847c242c6303d43693123
source_0444,CORR2_L64_r000.csv,f1360c425597087a2fd646a6260bb2c6e6a29d7497671621fe0c6b9b07c7b668
source_0445,CORR2_L64_r001.csv,eb893a71e546a326980c259f4a06c93ff72e736ac1a54baa715dc984458c1259
source_0446,CORR2_L64_r002.csv,9177f53e8190337e360fc8d9ea6886d72575a85945abccccd75d6459c534bf1b
source_0447,CORR2_L64_r003.csv,fa840beb413513bbe0fbebc836b9afdd99df4c1d1960308f39c3581b8cac8594
source_0448,CORR2_L64_r004.csv,cf0622df704e373b981e45cd2a1ddb8de2e0eb508961716ba70dbab43ff5f507
source_0449,CORR2_L64_r005.csv,f44d0976174904859573ef5240a79abd2e70edd6871895c816a63c7a366dd19e
source_0450,CORR2_L64_r006.csv,4159d4a7ca09e63af63ffafb21eabd7775d0ac7801a6a5c5141ed3e4623de394
source_0451,CORR2_L64_r007.csv,ca946db693defc03bc7717464a1e89e05b8d89b429180c60a3176e19844a2f00
source_0452,CORR2_L64_r008.csv,1359bca25dbd4c851c1d358f894079e28100c509de029b19518beebd1503251b
source_0453,CORR2_L64_r009.csv,f74ba483939e85ae5b5b163e10a863507ae02f93e56bead0a11d387c56512c46
source_0454,CORR2_L64_r010.csv,c01d5c973a61a459ef84327d0ef2def6dca670112a365662f471fc8583ce7098
source_0455,CORR2_L64_r011.csv,fe4b9dda64cc2dfa9bc5cc83210f72e57b74411d9c9cbdcb1fdcf7b74bcf7231
source_0456,CORR2_L64_r012.csv,13b82f7d629d8b1ead08684bfa92e44dc93db118973631ad23eb1835ac286eb9
source_0457,CORR2_L64_r013.csv,b169aa6eb885ecce1bee913259ee7d48e50d915f76b6c3401988b3b82677304e
source_0458,CORR2_L64_r014.csv,4f93a17606e71304be49c26b8db273dbb85ee6fccacbdbc2462adcccf82fea3b
source_0459,CORR2_L64_r015.csv,1e525442ceae9fc2ef650fae6f23a6a363cf50134d55b69d1d3d5f71887b2129
source_0460,CORR2_L64_r016.csv,eaf8e7be12217034871132f0742e1b660bd65adee49ca03c6f6d9341ffc997c9
source_0461,CORR2_L64_r017.csv,ce62c507a357b4f66bf06eeb00aba178ec2dcabfd399bc3df43460edbc06a387
source_0462,CORR2_L64_r018.csv,33e0f5450119921462285a795a2ff63490a986e1833e50cd2ebec81a5b7bccd5
source_0463,CORR2_L64_r019.csv,d25ea5b563641ab28e7bb7476733bf648da1961f16d6ff6864fbfba2260b0ae9
source_0464,CORR2_L64_r020.csv,7ef3bab232373888a6b7cbe33abb69d50dc68f512a3ee5b78e8fdca0532da736
source_0465,CORR2_L64_r021.csv,d520ea51ff14f2c402db200f428f04b483c59a8fd6383606d163ea7b3177b385
source_0466,CORR2_L64_r022.csv,3ecc737cca5b586e0c57f38080ea2ee0f0bbc78d89d71433fe3ab06326d3b055
source_0467,CORR2_L64_r023.csv,56cf01b43fb8467f34048cb1659fb650c811300cc07714a53fbb42c78fe3ca4b
source_0468,CORR2_L64_r024.csv,f3828a016a285ecfa33b712f00c1a180f229e0caa5f489e28b06f1a9079b3b22
source_0469,CORR2_L64_r025.csv,d81d97be3d70ce47063bc7b28490d163705990a9e5db158f448e3ec433645e4d
source_0470,CORR2_L64_r026.csv,8d782b3eae7b5f85bac442ebdfa258dcd030e3458f4cd1252d6f1b8784cbd110
source_0471,CORR2_L64_r027.csv,e2ff2dcf8a14e9360f7ac4fc6f968f11429088b563fba59d807fb15dd93cf1b8
source_0472,CORR2_L64_r028.csv,02fa8531820a36e543dc071fc9d642fac97c79a96d2bda1b8ee549d334518a0e
source_0473,CORR2_L64_r029.csv,c9b8592dab6c2ad55d4147ea37da11ce7c7ba7e563d58f0677715f7293b40da7
source_0474,CORR2_L64_r030.csv,2f5c84268169a44693175c03d91157eaa41153a5d317b8c0d9993f77103a51a7
source_0475,CORR2_L64_r031.csv,9437ec396d605ff3d15be39f933e9f095ed1469becc5c7fb81ddd3214fb522a1
source_0476,CORR2_L64_r032.csv,0c5a6729a7984a3bd15a623a72216a203a565b63495e3adb8b803b10dc18638d
source_0477,CORR2_L64_r033.csv,4aefcee203bf67c8090e40443d3f4a9002badcaf487cddeec3bf3e17bde6d34d
source_0478,CORR2_L64_r034.csv,fc041da69840d0a9300c62dce7d6f891eb72a43b4c596d0d9f06c7d397ac1b69
source_0479,CORR2_L64_r035.csv,0c2feaf110e0893bf0442f41e5b151d56f45ae7cd3d091f2c8c2ec466e586efe
source_0480,CORR2_L64_r036.csv,33afe326dd834dee69df6e7890d2fb803ec3fe9c5068c5bbbd883bc386430d33
source_0481,CORR2_L64_r037.csv,575267929d0005202d2dd575d16e5f6e7deab94160554979b5d77582ea8d2aae
source_0482,CORR2_L64_r038.csv,f3b8a0667bfab958958c4c9abdf8698af0167e5fb002d22df959b40d02781eaf
source_0483,CORR2_L64_r039.csv,0e3f5e83adc31bc5abe9045938b0c0e945e443a3619918f1a46aa8a02b5171eb
source_0484,CORR2_L64_r040.csv,b5390418b7696c98b054918083404ad0b365f001e20a57c3486138770b7746ff
source_0485,CORR2_L64_r041.csv,1af08d1ae7238c65fee8fc6308c2a8e77d8ab517bd0d9df2b3e940b18125ae08
source_0486,CORR2_L64_r042.csv,86bd6c35813abfe9627e13d8debc32c84fea01fb33aa3a690a9433afb7531217
source_0487,CORR2_L64_r043.csv,6b679ab6894bf7dc2997d7c71425368588298c1cee74048d3e6d2b27f6c2e21b
source_0488,CORR2_L64_r044.csv,af19f1c8dd4dbbccca349a70364ea43d4b864c3a429269081f2f27f0f7bf1015
source_0489,CORR2_L64_r045.csv,12fac63a303c09ac02528151a792ed87bf5b4dc7feffa0254e8a0a84ef7c3a4c
source_0490,CORR2_L64_r046.csv,abdb3a07de8418f849b4108f437be1e4ca37b3c9363b05666ca44144d364d508
source_0491,CORR2_L64_r047.csv,ba16428b350137714a3d842e499be66db4d53176a3b95db7fa0ab704e17713d6
source_0492,CORR6_L128_r000.csv,376d4cd469fc09c0e3517c173b6cf4e951a9d198f6e18eb5a943ae0ea90a2e9d
source_0493,CORR6_L128_r001.csv,a6c5620ebaad626655b649a02dee2ef905116eb57054202a0bfcd837285fe2c0
source_0494,CORR6_L128_r002.csv,0b788b762249d408200ec1676c5d3c0f7ad74041c882780e90d6bcded523425c
source_0495,CORR6_L128_r003.csv,dd0666b2af77eefe1988a5c15f485da8fe3d690593549780ed3699ef73c5bb54
source_0496,CORR6_L128_r004.csv,0523b9736596c8a4ac538ee0d58dc2d1e9dd5556ec2ddcdf65ee3c341741a8de
source_0497,CORR6_L128_r005.csv,5e0750c79f620a558b93eb2159c89e894437bc8c1f597e1650e14b4ef60ef381
source_0498,CORR6_L128_r006.csv,f60766d44baa187d08efd00df0e2e9f0290348ec298bb36658f0d82b0beb978b
source_0499,CORR6_L128_r007.csv,b502b7e314892d0031843e47f944bc34c8f37da814a6e453ed055adb6262277a
source_0500,CORR6_L128_r008.csv,af7d57e19ca58567da9f017a32c9631dead38291a38f82b42c0fb7a630b47edd
source_0501,CORR6_L128_r009.csv,8a7b371450f8a0597ba911a66dcdeb814e1b5a7c9ffb804e4cb6fc8d4c05ace4
source_0502,CORR6_L128_r010.csv,c7a9a52c080be3641a967eb3b45c91cf5e158f1e31fd4b13439a103b9e7dfe38
source_0503,CORR6_L128_r011.csv,ac05548acccc9a98a92eb3a2eaa32f90811f9d70ecd684f234acee0b89f3021c
source_0504,CORR6_L128_r012.csv,f5d97f8c1d01aee532a0fecdbea80aa99d8007e8c178c95c7707aaeb7e020ff7
source_0505,CORR6_L128_r013.csv,aa57227eae7a449d6408d9e2c7aeab1507d04657a02d614d9db7a7752464f25a
source_0506,CORR6_L128_r014.csv,5469ae531439757533abbb01c29400fbf7bf5cc1c95bf19415fce8971b344305
source_0507,CORR6_L128_r015.csv,2bc05faa95a1856dd8812a28fac6594e171955afaf69167d838b3b794dea858b
source_0508,CORR6_L128_r016.csv,135988e54b2d05a28126665a2c079692a675f88b00d9959d1175734bc511f626
source_0509,CORR6_L128_r017.csv,4e4dd4940e2b21884ab43361038238b18a32a3d4fe634056010f4504583f79a0
source_0510,CORR6_L128_r018.csv,4ec308abe55ec8b0d93895675e35dd4f8d187b1a20516b408f8304ddf0d2c860
source_0511,CORR6_L128_r019.csv,62694e6b7b612407b0d473f85f20d9943a83b64984f3cfacf633de2549e6e24f
source_0512,CORR6_L128_r020.csv,65d24dffc9f3850d169afb9acf1b5a07f61e030b57ec7b6b8145fa370b8c7b9a
source_0513,CORR6_L128_r021.csv,66fb8219faba367b1a0d55bf6ff5ef609b23b671d5dd100044dd6f6c5644223f
source_0514,CORR6_L128_r022.csv,61b30d41921d746d21ddeac7e5ee462d350300f2e63bba37fbbc0d37aad54d11
source_0515,CORR6_L128_r023.csv,fe1a4dee7a8a50b7e68a4b786386c2425e338e3c13c894d2de1f06fbf6323e98
source_0516,CORR6_L128_r024.csv,b3cc57ef317da2288b9549f3c7f60e5325ff36f77b59453e653093da1f81b31e
source_0517,CORR6_L128_r025.csv,c1f4119430996f8d77fe538fbf836c9d0092667575bb76e9ca0a87e4abb51f38
source_0518,CORR6_L128_r026.csv,cb2c736466849d6575e753315f2d34d755fd08348073589adae83f507b126b74
source_0519,CORR6_L128_r027.csv,fd0edcb52a2341905deb10ecc440021ef8d253abdc70b0b4bce6b5d2db055583
source_0520,CORR6_L128_r028.csv,a010b7d11830d228864a81f08a1ebcaa6c77e078d08660feb6a09fd8354a78c4
source_0521,CORR6_L128_r029.csv,30819840b51922640fd98caff1c95d6c85254d4d95c18584c993ef5ad100299e
source_0522,CORR6_L128_r030.csv,1ba21f0c2a749fe4d5a6e64b9f9f47052154d450227a20ea881aa7cc9810fbe7
source_0523,CORR6_L128_r031.csv,a2ea1de297b56d33d5c13bf475921bbca35d9695989e0e4f1dc169a210a00fb5
source_0524,CORR6_L64_r000.csv,56d459f2bc36f066cc1898e2e822e043c257f5e86b9b2ae14fa54b8bcde5523a
source_0525,CORR6_L64_r001.csv,ed277c56e6c09231237d30c339ad036add225979d6e7d0b9a883f13c37ed21ad
source_0526,CORR6_L64_r002.csv,6edb564f80661bd1ba088aede2fb515943248abe3da0d171d42d24be81edc436
source_0527,CORR6_L64_r003.csv,02e7ff709d74b02c2b2fba8e6690cd8110a99f9009417df899eb2b6f372f3fda
source_0528,CORR6_L64_r004.csv,b250cf5c4cbfcaf5c34d7eb79d4ae3fd66fe8e6fc1974dd3e56d66fb33753b73
source_0529,CORR6_L64_r005.csv,49b56041169908261ddfa148673ed297fec631637ad566681b0ba91d8034d244
source_0530,CORR6_L64_r006.csv,e4672de5feebe70ed62ae33ddb96f5a03afa7572f07cb0640c8a9bc30a97cb9d
source_0531,CORR6_L64_r007.csv,ac60fc11e72f3ddd5bd688c843b86d945310d877ed032166896a91aaa69b7847
source_0532,CORR6_L64_r008.csv,89eb000a565de039b875acc1633546774dee151bd81b2cb43d470e23aea2fdc1
source_0533,CORR6_L64_r009.csv,da881e07a01fb19364116eb32cbd8e1977d05129fab0b0161915d71497b21b5f
source_0534,CORR6_L64_r010.csv,ba41ad2ff9cf6f91adcf885284c21078ad67748691dcb19892e63b631d07d960
source_0535,CORR6_L64_r011.csv,5c89717baee3bd3fedf702feec326e6ce37762ea2e28d58506e658cf1f7662ef
source_0536,CORR6_L64_r012.csv,a15eae88b9e1d55952620bf01303cc695f010fba395a703709a804cfa86e021d
source_0537,CORR6_L64_r013.csv,a2cb9278c097b90b98191b328d4ee78cf7eb8b19c729f0ba3ed8892f2df9ff7c
source_0538,CORR6_L64_r014.csv,14bc9593d74f037f186088bb43bda2d3346cce2996796d1434592321205f149d
source_0539,CORR6_L64_r015.csv,90b4a13319849cc8cea05c2f4ec81c0d08e8f9c382b544da75a1cad28c79e614
source_0540,CORR6_L64_r016.csv,9531e5d3afe211d926decd499efa241fcdba201e8ba40fd1fcd22e8f5ceb5e91
source_0541,CORR6_L64_r017.csv,41f0f48e2c0ec2313dc3e54cc2d52205d423d96622451923a2a3fbce7b4ebc61
source_0542,CORR6_L64_r018.csv,8ba2d32b1017781467f666682fc5d2316760fad3ab0cde0a94375692ff765cb0
source_0543,CORR6_L64_r019.csv,74787303507ae2ba1c953fc6cad50b52baf02233ca64cd4d8347f9ed2fea7e37
source_0544,CORR6_L64_r020.csv,eae63a5801999fc47283fa252415ffb15c7e1c81834028ccc8fe8ecb87222148
source_0545,CORR6_L64_r021.csv,f97071e07b0f202190840f2fc9d729e8a0f8f8aa358608012b5a152fb1f12f36
source_0546,CORR6_L64_r022.csv,7f7f64143971a227d002f9dbe9cba60ca4c625ddcfdc24fe368bfe96ed9ebd11
source_0547,CORR6_L64_r023.csv,432a4efa5fc5e42cac7c9bbd54a1c5f9ae8b2dfc7517d50c2895017665fb6d08
source_0548,CORR6_L64_r024.csv,fd6aaf17d09e463d0c41fbc3bf808032c124d169615937053c13e2dc864df60c
source_0549,CORR6_L64_r025.csv,eada64ed53c5366cf8fad0d4b8b9cd6009ee2269821106771ebfb14a1346c339
source_0550,CORR6_L64_r026.csv,cd9f02826c2abb3aa0f72afbccc9fd365356d59cbe6e2f1ff1b5a38b3c2b3c9c
source_0551,CORR6_L64_r027.csv,8975c9b250fefd1d56268c23d13e48c094464f7040ca334615ba0607ce03d2cb
source_0552,CORR6_L64_r028.csv,e6c5bccbcaf5d3f280fc2a7ffe908c6e6dffeea7619a4d550bec756077e6158c
source_0553,CORR6_L64_r029.csv,85a218cdef192fea80d3fe55331180806507e0048645c9353669617e1c68bb5f
source_0554,CORR6_L64_r030.csv,5377ba8258b850d62b9e1557a579824768bfd710bfc4a75d9514c66f223c6664
source_0555,CORR6_L64_r031.csv,9ae63b8ae0d7a42fd3d0ff32a42d14b751d6d463cabf8c68929266553597cfa5
source_0556,CORR6_L64_r032.csv,415052488dbb853c691d4e985c12261df579d3e4f1848ce342503dda0b6e88fb
source_0557,CORR6_L64_r033.csv,8720cbf57e48ccf2295672d03c76234a96cbcd9ce03f1e4a55df0a1256a7a66f
source_0558,CORR6_L64_r034.csv,d75ea807d92a69adb6fce9ce080852cb2bf28ccdc1ccef5a732294cb10ec10a0
source_0559,CORR6_L64_r035.csv,1fcf84a4d55c28a4a1ebb5326295dd3a41d79336af962e4c92f0894f60d26bf3
source_0560,CORR6_L64_r036.csv,093724f19e07b4fea4a78163444b58ac9d908eed6e246f886a2592b9bcf78b77
source_0561,CORR6_L64_r037.csv,14310596c5be64a47c933c1df7f302f5f91ad67004fc7899ec431b0fc8dcf804
source_0562,CORR6_L64_r038.csv,ab3855f51e0c845e870788d9986b05d29749e2dc458d91a65f2d95f9cf6fe2d1
source_0563,CORR6_L64_r039.csv,f65a7dd7ed8ecf88ad62ac02997c705181ef9f0420627f8ef04d35c5eb0337a1
source_0564,CORR6_L64_r040.csv,c45ac951fe6f99e845464297cbf0822d81b0a767f8e76f96451afffc676b2113
source_0565,CORR6_L64_r041.csv,6f5d70dc5bac70468ad917751dd69e1bb3b2c662a4afb769e2de7d94ec851b14
source_0566,CORR6_L64_r042.csv,39561338655933b34c5f4315d3f4d6dea1691f3c29ed26223495ca8c48516196
source_0567,CORR6_L64_r043.csv,d7ff11216961a453a33e84c74452f8c2233b94c9d07eb5850f7819dce1cc7609
source_0568,CORR6_L64_r044.csv,6446ca2d29dfd60e2c6f24caa31dbf3ca04c56e2233506507e6272e1ab542a43
source_0569,CORR6_L64_r045.csv,b95d28e437fe1e1136c2dd71c2c8b66e7b5d551d0cad26d234ebc171aa40ad02
source_0570,CORR6_L64_r046.csv,af4695485a6adccc08666563e51e3f98a49e9b39acd7f4cc9e04da5a78de09f4
source_0571,CORR6_L64_r047.csv,0ab0b229e0ecf1b96a1465540f924bf3e673129c3d92db15b160c88635334bb7
source_0572,ANISO_X_L128_r000.csv,c03de799625bfbb21a5365d6a604e4bb046eaf9c6b22471088cfebe3d2f4c5e9
source_0573,ANISO_X_L128_r001.csv,ff83a686be0a4da57d3ab16a345e9fb9c584cbd2e6df6090cd11a28f46b616fd
source_0574,ANISO_X_L128_r002.csv,cc3974b72bfd597e4e0d840e5199b82894b7560a7bbbb4fbd037034df01910cb
source_0575,ANISO_X_L128_r003.csv,5d55d7d903ec251fd3b384235ac5fc40d933f30cb5f5acb2f8184a8b2bb082fd
source_0576,ANISO_X_L128_r004.csv,41932cb142ea923a4e5c78e5c4610b3072f8b87dd005c14cfdeed807ac8745d2
source_0577,ANISO_X_L128_r005.csv,684adf414d9fa7289fad67e4c73eaa0771c8c7b4cbfb1ea26f63059f4bd6c747
source_0578,ANISO_X_L128_r006.csv,cbca223a337303613b88d29e6cc68de70ccd5985e28a82fd9fff20382d42e34e
source_0579,ANISO_X_L128_r007.csv,632c0ccc64842407adcd9f9eb211db9dd8ccbd492abcbbd65f53861ee9d1a91d
source_0580,ANISO_X_L128_r008.csv,f4ec12828f4ffa575cd0224cdf0a3c73b1fb30091de15ab9ff3cbbc5bde530cc
source_0581,ANISO_X_L128_r009.csv,558dabbd89874aa4d97b8aaf7f01503b6702682c5f14ee328753a14d090052f8
source_0582,ANISO_X_L128_r010.csv,9893f30f7b39ce6dad0fbcd3e170165fabbdfcc3fa3b2e9640aca8ec986e7f23
source_0583,ANISO_X_L128_r011.csv,dc5e1f68693e77cfba396b59645e2adf617c78076a719435fdd94f4c650a48e7
source_0584,ANISO_X_L128_r012.csv,7ff36b1edac824014cb1aa2df1aa8f3f78b96ae887494ae0819683bdf5de0c81
source_0585,ANISO_X_L128_r013.csv,da650bc4c0c31d9b270b4abafded930ba53105498b8a623111cef441e436ad70
source_0586,ANISO_X_L128_r014.csv,3b90ee7b3da2fa4244e11abc961452a3fca38d71d41eb3c6115bc860e9f74af2
source_0587,ANISO_X_L128_r015.csv,77a9fc5afc32730010a125658f47801d657b444abfb38d7f15dd1e5c981fb2ea
source_0588,ANISO_X_L128_r016.csv,a6c56f404ad1f6c5d6535c2d41dea92a1c224c9997aabdc755febdd800fc6ffe
source_0589,ANISO_X_L128_r017.csv,c545b99a71f396b649f6c21ea16c872e4325eddc90cc5b6e4a72535e7e1679e3
source_0590,ANISO_X_L128_r018.csv,8a6ec64ead18afa057bfa1c06bc1b9160b0a330d24bf01e6e75d2829d416e3e7
source_0591,ANISO_X_L128_r019.csv,734b63059611015e8dca478f4b98017eea4a42187a7bcfb8f37173d352e01492
source_0592,ANISO_X_L128_r020.csv,6340f068decc44e6f286bef505d292535da4e53a437c2fdef7824fa5173abeea
source_0593,ANISO_X_L128_r021.csv,f29aed9088110b9759ceb3bf9ab3d9999dfba03b89c1778b0ace66870eb74b30
source_0594,ANISO_X_L128_r022.csv,9c63f750e4d378fd1ef372a6138790ca109d9179ca9b6226073ff02cb05a9f3a
source_0595,ANISO_X_L128_r023.csv,b113947b15473d81816aa5b3356bc2cf21a532a9a08f9540e80c6e4615397631
source_0596,ANISO_X_L128_r024.csv,858774870f4b77a0421561de212959531cd9650268a5d88627e4ace04ba9d02a
source_0597,ANISO_X_L128_r025.csv,08096e998d64c75c535e20d240ae840ecd7b6542b753885888655884467c5958
source_0598,ANISO_X_L128_r026.csv,91a8a2324db976045bf22c19e77bdd7e35cbb1b2be95f8f9e5b488f34ae9e48c
source_0599,ANISO_X_L128_r027.csv,72774b1ffbaf8dc5220f380778f624c9fe5f21d5c559733b3aac679360ed76b8
source_0600,ANISO_X_L128_r028.csv,ea828f43d48864b0b7a580f1b66aa313cdd33ca446c2c792b0c5ffd0ed47b98b
source_0601,ANISO_X_L128_r029.csv,1327027fdc309f7e6fedc11bb740246fcd6e81d06cc734bb736612c78a34c18f
source_0602,ANISO_X_L128_r030.csv,827ed2ac52cc2e10c04e2a2dde333baef9be2115cb4945c1bcef5f2559ceebfa
source_0603,ANISO_X_L128_r031.csv,20de8a414903ba2023840e1303de9674e554152ce4a54106530e88a8895bc880
source_0604,ANISO_X_L64_r000.csv,2d6338bd2c7bdd57afb202044ed7d805455cf3aac26e7aa425fb75785010cf22
source_0605,ANISO_X_L64_r001.csv,7995e8afe22175a4e0361c42ad3ad5e25e75a927a8a577c6aaa2ce3e915fc1b4
source_0606,ANISO_X_L64_r002.csv,bb9d53edc2843bc6e90a6d434c25728d5445f80aa335895a08142f0c8b416bb0
source_0607,ANISO_X_L64_r003.csv,dfe192069e1abc9bde9222aa5d4c1f7952b85a9241161dc475f6637a4007faeb
source_0608,ANISO_X_L64_r004.csv,e0e03bce10229e5d40da8fd9855fe513ae032702df31bfefafa57aed066a0cb2
source_0609,ANISO_X_L64_r005.csv,5c7df42bafa890c22ecd87eed2574f785f93c36dd8577a4910fbe1fa5b761c87
source_0610,ANISO_X_L64_r006.csv,c539e1d7d45682ff50a8cc0f4b42b1d9f8cff442ddc8d0a6fe85f368c971addb
source_0611,ANISO_X_L64_r007.csv,a315a3a71b59bc0d5d706281f30a5a2329d9a5a9d6ab35d22333c60a8a5228cd
source_0612,ANISO_X_L64_r008.csv,c04a9ef7b4a200373c20c0f3378bd427811194cd7109c39bec0e7ec75819bcb5
source_0613,ANISO_X_L64_r009.csv,462b54149e103efcc7512d2df8c5c0e5d75d526de30f0211696941692f4c7630
source_0614,ANISO_X_L64_r010.csv,d2f8a55b44296b2125f1c9f71ececae05f3053f295321b2edee3c02016eefce9
source_0615,ANISO_X_L64_r011.csv,9ca18af553eeb3259ea1e7a88b5b06aa44622bf3bf05bed82bb3fe926d5fc719
source_0616,ANISO_X_L64_r012.csv,6f7af4b1d3c13477f9843f4ca62b0ed68ea785ff81d7eea64b41cc589822a23c
source_0617,ANISO_X_L64_r013.csv,6369fdc2918402833211300bfd4d0ddb7fd080f770339e4a635fd0de482eca24
source_0618,ANISO_X_L64_r014.csv,aada7141ad5b7c1eebac9bb5fd7767e99a403b9c5033aa0b0f94342cad3559f2
source_0619,ANISO_X_L64_r015.csv,4f4837d49b0b6537195efe47ed42b6c0bd233b00a54b5a44474717cde6c6e7ac
source_0620,ANISO_X_L64_r016.csv,ec97e58e2daf1466bc29739c8e42234876b7ad592f89970498ca40a3161e65e7
source_0621,ANISO_X_L64_r017.csv,e799491bebc551c2c5e041fc1922f9a2a6c5ea5c9cf0ce9b31646a093863c664
source_0622,ANISO_X_L64_r018.csv,2cd96e60b0e1940eccb2fd7eb71e0295a7c66e84b8fe48e9482ce2d62d4657e9
source_0623,ANISO_X_L64_r019.csv,195d29da0f0acc9893f9d2eb2bf78f91d9601c94998e04cdd1b46c240afc979c
source_0624,ANISO_X_L64_r020.csv,41a16bed89346cbbcc7a518f7d6e10817ffce5eb72f75c9acc02e115b9d13a91
source_0625,ANISO_X_L64_r021.csv,f2472e375497eeef22a1b5839e43aedf96fe51efb4de5c3f0ca068aa20db8b40
source_0626,ANISO_X_L64_r022.csv,82d06cf9b6adc3cc334723346159a3219b98bac980fa8a84a146c766cdeeb3c7
source_0627,ANISO_X_L64_r023.csv,fd48294285ba325edc308e2fa0c6d6dcbe9ab353af2836c61a9641c5fc0c7684
source_0628,ANISO_X_L64_r024.csv,03f88aec5b69870d7515ccb6d3a2024a4056cfda59eddcae702d48c676707618
source_0629,ANISO_X_L64_r025.csv,4e6d9821454832aca8ebab97ba53c62eaf639c2f6fa38cc753fae167eef5ee94
source_0630,ANISO_X_L64_r026.csv,ee7d5da32d1b7e8b1caad4a487aedfc0a95aaf07aeecdddcf71f301dffb72adf
source_0631,ANISO_X_L64_r027.csv,1c37e7c6b38a25b94e81a33846bf93fbaf485705473fb12de0457d91e9e08aa9
source_0632,ANISO_X_L64_r028.csv,2e09ab5237cf43958f3b051c192ad0134b84edcfdf95e5c17cb65ec4bbad4704
source_0633,ANISO_X_L64_r029.csv,382c7bc4cf294a4fefb02297e50d630bae7c8cca1d73a6445022588defb5ef08
source_0634,ANISO_X_L64_r030.csv,b9c9d1fc0658a5b2953308836f6537939c8fb79a36484b155fb34a4261dcee54
source_0635,ANISO_X_L64_r031.csv,d723f4301dee02ae4230fb90ac0a8ede80bdac206422c3cc985d888d2a3b1a1b
source_0636,ANISO_X_L64_r032.csv,3fa8f4cd4c3165a01a5ef652e172ff56293e5e26d79b59b66fd38d6691de61f1
source_0637,ANISO_X_L64_r033.csv,9dc2d3e099cd22007091f60ca086f15c9bce88b438129eb835f7c50ee2b749f8
source_0638,ANISO_X_L64_r034.csv,d17356034b307ca96f6354da581cd8bb3418b6b6660d62998dd3fa05a754b68d
source_0639,ANISO_X_L64_r035.csv,95cb167c2994f766d6970777cbb43cb8a9052d05cf696081cb1e907df25bf822
source_0640,ANISO_X_L64_r036.csv,ded418558ab7207db9b0325c213f0ff50c6b3f46b3fdf7152961b7d42425c19c
source_0641,ANISO_X_L64_r037.csv,074ae2030d4cdce8db4cd3fb3b062cfb1da20acebdc5b01a90070db07ae3757f
source_0642,ANISO_X_L64_r038.csv,3760d8a6eb640fd0ec22c5b2dd02a2215eb7921ee87564fb95354c3b3ef74a2c
source_0643,ANISO_X_L64_r039.csv,5314f7516edbf22c12dc1293fc5b1b08ab8a207eb8903d3f88d7c1dc7853a71e
source_0644,ANISO_X_L64_r040.csv,d5ddaf8a2debd5a2e80b6eb34f353ce4fb88f382ff09db168ed37d16763c0e3e
source_0645,ANISO_X_L64_r041.csv,532f42d3f10293440bf9ddf8175a55e1d605b9364a5a5c1312c848bb61b558bb
source_0646,ANISO_X_L64_r042.csv,88aacb67b34a112be7ffbb0abbb58f2b98d55d5d4cddba5664a1bd1e4a3297ca
source_0647,ANISO_X_L64_r043.csv,d45498a87adebb66a451297f7f8eca7894fae8b27efa864a3a828efca9a85d27
source_0648,ANISO_X_L64_r044.csv,d59887f0476b97712ddfdc8d4879c4823f9a4ced9b343ad0253c14f64c37af32
source_0649,ANISO_X_L64_r045.csv,45de68e24133e0eab04d46b52fedb41b6c490056dd5b8235d4261e9e90eeb4c4
source_0650,ANISO_X_L64_r046.csv,ca732e1b9c343485d2ac0ff8933d4184d4917682b4d60177b15a4e74639837ff
source_0651,ANISO_X_L64_r047.csv,1021128cd61315fb2e2ea40d90e998dfe4bf98141c266beae91da878432a684b
source_0652,ANISO_Y_L128_r000.csv,77d9c4dacb19541b65e619f04d26e0f2d0569ea1be2d584ceda70eb615dd57f7
source_0653,ANISO_Y_L128_r001.csv,cc2933dfb98fc3ca0799c5b17ee3ee8ec675d4c3bccf2de8d43cc5445071f33e
source_0654,ANISO_Y_L128_r002.csv,042c9f31d87cc1e54874c81ef494d71ef87b3c3183456331bb5dd40e06d2504f
source_0655,ANISO_Y_L128_r003.csv,4d9715cc8d11ed04efe0204ef66a8a065d7fbbdf19f27d0e9f8e83ae823591a6
source_0656,ANISO_Y_L128_r004.csv,293dd9690356c0178d02fdb5a387996653a53acbdc3e26f83f090810621ee413
source_0657,ANISO_Y_L128_r005.csv,4d34d87d0815d9f51ef09a564f324b5fff0f45e4b8e2504c1ee1ba88e32f1b0b
source_0658,ANISO_Y_L128_r006.csv,9fad82deda6c921904f3d9d6e8e598c2cfb5d8627640668ca367d688f01a25aa
source_0659,ANISO_Y_L128_r007.csv,31f1304f3da711980ba7ba903ebea4412fd0d099f86f6e9d67840e7457be0936
source_0660,ANISO_Y_L128_r008.csv,6f7f8ce46ce238f7602cbb7fe9166719f3a54fc7c107d5a086a2767839977eda
source_0661,ANISO_Y_L128_r009.csv,c4d28c65610611bb9d22331dc6d4a5b2134f9e98b4499120dee5b96ad107a526
source_0662,ANISO_Y_L128_r010.csv,cfaa68022de9675ca5539d98bf71efc6009b572ee62bce882c32aa93d268d3a5
source_0663,ANISO_Y_L128_r011.csv,b7f475b76108f664a565ae1360e1acabed543a6a1a5bacc935227b6e4be6107d
source_0664,ANISO_Y_L128_r012.csv,9c957f69043a34775bc6b958cc0f9deaac9bdaf8b16bb211c7782d4fe0b1614a
source_0665,ANISO_Y_L128_r013.csv,572b7bf71670ca1f750897dc2be4382207e64a8d56f1924a9163cbbfb11d2380
source_0666,ANISO_Y_L128_r014.csv,8233baaf719dd062701df3f5d331e4b7a8687cbdd221dabd25dda51d964e6341
source_0667,ANISO_Y_L128_r015.csv,d568bb1edc465d8252ead55b20dccac630a743dc016518c2728feb97b5b84ff8
source_0668,ANISO_Y_L128_r016.csv,23136724cabf3efb17dc0b59e9e58f46814ab285f4859d95cc93b97f5dfa61da
source_0669,ANISO_Y_L128_r017.csv,c3c81ad6ac1710a79673c570c736865312c189c8b7220abbb3d6181cde1651cb
source_0670,ANISO_Y_L128_r018.csv,481752043acda39f1cf0bb68ede46c2152996ac904f598bcd1f32ca87cf9a79c
source_0671,ANISO_Y_L128_r019.csv,ec13990145f490fb2f6d4a48d939aa87ee8b0b1088ec0f185dfc43b2a668e38b
source_0672,ANISO_Y_L128_r020.csv,422c8d77ed3a91d198bee84c88365f4f1e58c667b15dd223621af313e4dfebe1
source_0673,ANISO_Y_L128_r021.csv,7717407cff135d56fb15f014676c1f6035f99f59a993920034aa3ca64718d68d
source_0674,ANISO_Y_L128_r022.csv,39db08e22fcc5c9163477942495a6cd15887279139083c307f4125f3b7336595
source_0675,ANISO_Y_L128_r023.csv,373bfcc58c3707920f20501a7d00156fbf4ae81144b0db8debba07cbbae886a3
source_0676,ANISO_Y_L128_r024.csv,85ac5fc0e2d339bb1e9dfa5035d27ba90d1c7358cd9a6594c4cddecef7e60c2c
source_0677,ANISO_Y_L128_r025.csv,54cc7b5cd3c5dd844ebb3b9dac1599cc095afd5d720b2ba59d8b2899d48e17cd
source_0678,ANISO_Y_L128_r026.csv,86a72dc1cc5ef22cf095d3fd4402f31f7bed0fd9a5dbb3dfcdb1fe448f49ba40
source_0679,ANISO_Y_L128_r027.csv,a8079c36a14f952ff2aeafd538a4702dc8bad43ce12495ac8e79fee017066baa
source_0680,ANISO_Y_L128_r028.csv,cadb9efefda2feb3c9f1401879ef0266af7ccba02f93c7753a32da8004abff47
source_0681,ANISO_Y_L128_r029.csv,a729e349e20bfdedd8b847c956acf5de8b6649eafe90b1e36cc0872d149b5ba8
source_0682,ANISO_Y_L128_r030.csv,32ab53ee6b5f1313afe364674fe733899679f9dfb584047703fa2fcbab1e12c0
source_0683,ANISO_Y_L128_r031.csv,dfa6195343126721fc3618e253da284f0c3820e92378d0218435e178fae0c900
source_0684,ANISO_Y_L64_r000.csv,129f0831dd90f881b80eb5a13b4c117573272bc030209dc5bc46acb5afd21bad
source_0685,ANISO_Y_L64_r001.csv,20db65e89b172e6634156c246d820dbf692f25bf89a0282b7902c84a94c078c3
source_0686,ANISO_Y_L64_r002.csv,d0f60ea8113251c1082e0a091259d76f5b71e78cf19047ead7568238e7c1e654
source_0687,ANISO_Y_L64_r003.csv,2ec51acec691779b7013da0858355d2c903b384be3cf58aa6218794cc2c52a93
source_0688,ANISO_Y_L64_r004.csv,204bb1a255b72b70fcf808eb4a227bdbd482db2714c5aca02f61da2446121863
source_0689,ANISO_Y_L64_r005.csv,9a4bac257efd388f6f727752ce08c3de7a64c1fca43cfd7f3575f8713b019cfc
source_0690,ANISO_Y_L64_r006.csv,f8e70306eb6d6c2e9474f3e2c4f678dd5c0ea70c3d6b48b7323cb7c329daa33f
source_0691,ANISO_Y_L64_r007.csv,b14e0b0922f17e7d40f7ba6663154a096ca7808b88d764f90bebf7482103b4c9
source_0692,ANISO_Y_L64_r008.csv,535148be1726c2e5f66189a88ec55d9d907449d957026bceac8c03f259a6a6c3
source_0693,ANISO_Y_L64_r009.csv,402da374cd15e8fcb8a1f87eddf99023c375630faf49228f4f3a8e7f2ded236d
source_0694,ANISO_Y_L64_r010.csv,7a04e9d85c65ea1a30e99613fa28abf3eb3da8692f18684ece44725894222668
source_0695,ANISO_Y_L64_r011.csv,7a9797625321a2ccc44822b3977907608287a41d7018935bb51c599ddca6a139
source_0696,ANISO_Y_L64_r012.csv,a41b2d4c052b86a7313f56b622bff50a4443f9baaeab1d22cab979229ea66ff2
source_0697,ANISO_Y_L64_r013.csv,85bb300307380c54d8b3882410875808d666e39f6554532a5961c6bec39f89b9
source_0698,ANISO_Y_L64_r014.csv,34f22785cf8de3a39cc69250126e048ed3e28cd8a883b3690d738326e1024eba
source_0699,ANISO_Y_L64_r015.csv,ae41b97f6ff40d86fd29ef77584f38953bdb8b36fda4d1d2afbe5dcf83cd7b65
source_0700,ANISO_Y_L64_r016.csv,fc8b8c325e491b897298f7ec8195a520673922e503301fe8508efb6f89927f9c
source_0701,ANISO_Y_L64_r017.csv,86e0fe0714586cd476a6c0316cffad436bfc430f70267179f867f29685ca1f61
source_0702,ANISO_Y_L64_r018.csv,47fa4834af3f9693b599fed0a7c53c0bf8e11081ade074d5ccd45fe5bde71953
source_0703,ANISO_Y_L64_r019.csv,15089667b5a287f35a4314848079758b87a8076e9319f30d2d4b043835e4aab2
source_0704,ANISO_Y_L64_r020.csv,886bd6dd049c449f87a189cd953348a36873df867121ffd072c0da3406c23f33
source_0705,ANISO_Y_L64_r021.csv,0c6c67678f43360d49ec3a64a35bd0f3728eca515ae480a9ab596efd1800ffd2
source_0706,ANISO_Y_L64_r022.csv,e7e253d606535f20ffe687eb78565d2917e47163610b82cd37dfc0ec6df4512b
source_0707,ANISO_Y_L64_r023.csv,7ece003cf11d3ac182243345c53e954d6b6fd0f07d82e9729ebeaa93827fcc55
source_0708,ANISO_Y_L64_r024.csv,7fb393fceadf50c9aeada741cfcdef1628d4ff35544abf5f8505ce42f77a38c8
source_0709,ANISO_Y_L64_r025.csv,028ac2499c7ae83cbbd9338bfa69708be10c86e1d8851237e7a7c6a677d6d643
source_0710,ANISO_Y_L64_r026.csv,1b55b0d023e9de29dacd7b56c53a67359ff2f97c4502975eeef1980ee08cc8c2
source_0711,ANISO_Y_L64_r027.csv,44d95ffec0a2c25043d25aa7cda2225ccd854596851cab8c2ce34fa966b54391
source_0712,ANISO_Y_L64_r028.csv,773c5270aa415cae92731709ba5c093a12f5c0b5edca26f2f7d0bdd8e86afbf2
source_0713,ANISO_Y_L64_r029.csv,9d463482de1df35eaf2fc0a57074cd848129a121eec31c99a73c5c22ce07566d
source_0714,ANISO_Y_L64_r030.csv,9ae14e90cec3ccf772d53a2cc675316d7a3ec1b5e4db8cfc0281725d3bb81c07
source_0715,ANISO_Y_L64_r031.csv,2865b22129c6981977d8780f0e87a28ea1fd4cd726a557338df2023362a1dd26
source_0716,ANISO_Y_L64_r032.csv,96decceb42a86d78856ad429f7eac721d4e643d60b2997375bc33089a7a5802f
source_0717,ANISO_Y_L64_r033.csv,ba692a847127e6598d070a0ad84d11cc072689a27ee663152e46414da4a2f277
source_0718,ANISO_Y_L64_r034.csv,fd8de1cf9ee3a46d22e5f4ae3a8304c83ec369e08c7cffd5e6df5f8fb834ca09
source_0719,ANISO_Y_L64_r035.csv,c81518664780ea3be8d2ec8514513134e97d8e05ababccb64289309292b5aeff
source_0720,ANISO_Y_L64_r036.csv,2bf6bc44b92c18cb2ca7a555ed50e3c224c3d46d3aedd55e87bcc454fb287707
source_0721,ANISO_Y_L64_r037.csv,80310cea7c2e00e18c28abb10d00b73460d307633efdc851a461cc54a2301e36
source_0722,ANISO_Y_L64_r038.csv,26e5c08abaee66a12a40ab028b825ed060fcbc65c529c4d00212fa31381304b1
source_0723,ANISO_Y_L64_r039.csv,087828dae18231d830dd42e59af54854a601a0c946f3b42002ede58718f1744b
source_0724,ANISO_Y_L64_r040.csv,e15f5fc5b1f5473e6701db76072e5a1a48da21cd6e4bdc8be28fac8d3f16a9c0
source_0725,ANISO_Y_L64_r041.csv,bf2509656e36eeddee2afe85d0feda72db52099ab70319f830373b4e324c0d88
source_0726,ANISO_Y_L64_r042.csv,c47e83b345a580d7a14c01299d77c7ab04e71b615aa423cccc0efb55677b3642
source_0727,ANISO_Y_L64_r043.csv,e3338635300e3573652db7e8741bf9a4949239259e9c85853afe507ac42121aa
source_0728,ANISO_Y_L64_r044.csv,7d841eb98067afe2848c3b57168ffee2d0e9edb52eeaca1223214b55b5ce62e6
source_0729,ANISO_Y_L64_r045.csv,28c7b653e44174d82b757f72777ffdffdd454187e1d8cb68c5f1595da9b37008
source_0730,ANISO_Y_L64_r046.csv,a16ea96bd46ac6d43825817beba40551ebdedc7601632b012f22480402089a5d
source_0731,ANISO_Y_L64_r047.csv,f6054e69311f97980f65192f083482d04ef8b7a563c23925408dc7c2a0b90774
source_0732,LOW_ORDER_SCALING_GRAPH_LEVEL.csv,5b6110b3b41e6e1ebe6b29abe70bed8b90778cade7e3f85f51ceef1ec16d52ab
