W,n,S_mean,S_median,S_Q1,S_Q3,S1_median,S2_median
0.0,24,0.0004270341661241,0.0003801981608072,0.0002651214599609,0.0005683898925781,0.0003751118977864,0.0003801981608072
0.75,24,0.0173863304985894,0.0158538818359375,0.0129375457763671,0.0211861928304036,0.005615234375,0.0078010559082031
0.76,16,0.0252923965454101,0.0258153279622395,0.020111083984375,0.0300064086914062,0.0057233174641927,0.008130391438802
0.78,16,0.1105869611104329,0.0920066833496093,0.067575454711914,0.1332283020019531,0.0058670043945312,0.0089073181152343
0.7825,96,0.1224799421098497,0.1038792928059895,0.0814145406087239,0.1508458455403646,0.0060195922851562,0.0094490051269531
0.7875,96,0.175616529252794,0.1563491821289062,0.1154295603434244,0.2113011678059896,0.0061060587565104,0.009918212890625
0.79,48,0.2179217338562011,0.1878890991210937,0.1448866526285807,0.258466084798177,0.006085713704427,0.0099538167317708
0.7925,96,0.2589757442474364,0.2341448465983073,0.1869621276855468,0.3115895589192708,0.0061785380045572,0.0105145772298177
0.795,96,0.3167428970336914,0.2885996500651041,0.2196572621663411,0.3921794891357422,0.0062052408854166,0.0105908711751302
0.7975,96,0.3769979476928711,0.352979024251302,0.2772331237792969,0.4408041636149088,0.0062281290690104,0.0107599894205729
0.8,96,0.4670054382748074,0.4302965799967447,0.3263365427652995,0.5832099914550781,0.0062459309895833,0.011077880859375
0.8025,96,0.5240365399254693,0.5034128824869792,0.3671124776204427,0.6308046976725261,0.0063107808430989,0.0111732482910156
0.805,96,0.6260877185397677,0.5867563883463542,0.4398237864176432,0.8003896077473958,0.0063285827636718,0.0115648905436197
0.8075,96,0.6809471448262533,0.678076426188151,0.4979610443115234,0.8752600351969402,0.006360371907552,0.011823018391927
0.81,96,0.7932572629716662,0.8761711120605469,0.5829416910807292,0.9845294952392578,0.0064023335774739,0.012402852376302
0.8125,96,0.8577699926164414,0.9757677714029948,0.7771523793538411,0.9860757191975912,0.0064239501953125,0.0127054850260416
0.815,48,0.9369389745924208,0.985137939453125,0.9776700337727864,0.9884688059488932,0.0064175923665364,0.0131505330403645
0.8175,96,0.9567008548312717,0.9866676330566406,0.9838981628417968,0.98876953125,0.0065091451009114,0.0141207377115885
0.82,48,0.9792363378736708,0.9873733520507812,0.98553466796875,0.9890085856119792,0.0064913431803385,0.0137011210123697
0.8225,96,0.9823092884487576,0.9881006876627604,0.9864749908447266,0.9894237518310548,0.0065854390462239,0.0150438944498697
0.83,16,0.9886647860209148,0.9887987772623698,0.9879512786865234,0.9902667999267578,0.0067138671875,0.0167808532714843
0.84,16,0.9902952512105304,0.9906171162923176,0.9896717071533204,0.9910875956217448,0.0067799886067708,0.0287577311197916
0.85,24,0.9912394417656794,0.9912465413411458,0.9906177520751952,0.9918607076009116,0.0069656372070312,0.0461057027180989
0.86,16,0.9918731053670248,0.9920972188313802,0.9914404551188152,0.9923693339029948,0.0072987874348958,0.1304130554199218
0.9,8,0.99402650197347,0.9939181009928384,0.9937483469645184,0.994288126627604,0.0080273946126302,0.9763895670572916
