L,W,n,median__S,Q1__S,Q3__S
64,0.7975,24,0.2802836100260416,0.1881739298502604,0.3918507893880208
64,0.805,24,0.4125925699869791,0.3180770874023437,0.5207188924153645
64,0.815,24,0.7498118082682291,0.5576705932617188,0.9761149088541666
64,0.84,24,0.9817555745442708,0.9767862955729166,0.984644571940104
64,0.86,24,0.9864298502604166,0.9849217732747396,0.9872639973958334
64,0.88,24,0.9876251220703124,0.986053466796875,0.9885584513346354
64,0.9,24,0.9898935953776042,0.9889907836914062,0.9905573527018228
128,0.7975,96,0.352979024251302,0.2772331237792969,0.4408041636149088
128,0.805,96,0.5867563883463542,0.4398237864176432,0.8003896077473958
128,0.815,48,0.985137939453125,0.9776700337727864,0.9884688059488932
128,0.84,24,0.99066162109375,0.989824930826823,0.9911219278971354
128,0.86,24,0.9920056660970052,0.9914404551188152,0.9925270080566406
128,0.88,24,0.9932581583658854,0.99273681640625,0.9935601552327474
128,0.9,24,0.9939715067545573,0.9937508900960288,0.9942150115966796
256,0.7975,24,0.421939214070638,0.3692396481831868,0.5907723108927408
256,0.805,24,0.8910385767618816,0.6724554697672526,0.9901825586954752
256,0.815,24,0.9928264617919922,0.9918818473815918,0.9934725761413574
256,0.84,24,0.9945023854573568,0.994286060333252,0.9947783152262368
256,0.86,24,0.995252291361491,0.9950741132100422,0.9954684575398765
256,0.88,24,0.995893160502116,0.9957502683003744,0.9959599177042644
256,0.9,24,0.9963022867838542,0.9962426821390789,0.996386686960856
512,0.7975,16,0.6869476636250813,0.5462223291397095,0.8482846021652222
512,0.805,16,0.9941914081573486,0.9935938119888306,0.994407852490743
512,0.815,16,0.995481808980306,0.9953642288843793,0.995746413866679
512,0.84,16,0.9964707692464192,0.9963422218958536,0.9965821504592896
512,0.86,16,0.9969125588734944,0.9968489408493042,0.9969635804494222
512,0.88,16,0.997203509012858,0.9971252679824828,0.9972363313039144
512,0.9,16,0.9973368644714355,0.9973087708155314,0.9973949193954468
