toy,source,target
A_no_feedback,3,2
A_no_feedback,2,1
A_no_feedback,1,0
B_pure_order1,0,1
B_pure_order1,1,0
C_reciprocal_order2,0,3
C_reciprocal_order2,3,1
C_reciprocal_order2,1,2
C_reciprocal_order2,2,0
D_true_order3_reported_only_GT2_OR_INF,0,1
D_true_order3_reported_only_GT2_OR_INF,1,2
D_true_order3_reported_only_GT2_OR_INF,2,3
D_true_order3_reported_only_GT2_OR_INF,3,4
D_true_order3_reported_only_GT2_OR_INF,4,5
D_true_order3_reported_only_GT2_OR_INF,5,0
E_mixed_order1_and_order2,0,1
E_mixed_order1_and_order2,1,0
E_mixed_order1_and_order2,2,3
E_mixed_order1_and_order2,3,4
E_mixed_order1_and_order2,4,5
E_mixed_order1_and_order2,5,2
