graph_id,W,realization,L,N,q,geometry_seed,disorder_seed,edge_hash,ell4_edge_hash,S_original,S_ell4
S1C_W0.790_r00,0.79,0,128,393216,7,7655837767034734158,934042189007205845,5282c6aaa8a8799845813d740745deb1b8e99576b33e5dbfd798be8b075c6a5e,1d6a152f37b4f2e4691d4f5f045e20e7d516bbf54fec7b71120eb928bd2d9441,0.2595876057942708,0.0001017252604166
S1C_W0.790_r01,0.79,1,128,393216,7,7138177107724583812,18115717769615187850,7464d40813945a2df154084f204d214e7fa7355d45d16bb849225d61a80a6f05,5cea68f8e5b39abbeb3d0f1abd0d64d3477d98ab146003ee091958b21d082e31,0.1592737833658854,0.0001068115234375
S1C_W0.790_r02,0.79,2,128,393216,7,7301254539265411036,1717762875529522896,3a9ac2647ea98a81b0aa17b58f0be2258081025bdb93e2e65afdfbf2ef9df77a,62066ad791bfc8ffc549d9f1d0b8a461a17812692452a7d2bab735592a14bebb,0.1921844482421875,0.0001093546549479
S1C_W0.790_r03,0.79,3,128,393216,7,10833399783473843663,9514140423465135883,e86e669451c0dd58efc4b7868173a34c963151de9d3c3bba9bd45747b93b6fa8,5572a0c039a257b987fa4af4d0ac39a21cb3a36c9a9187574522562e219bee67,0.0999069213867187,0.0001068115234375
S1C_W0.790_r04,0.79,4,128,393216,7,17089777873478898221,16951094302730524563,cc67adb09c8c2262f64a90b5ce11c7af9be73120ef816660859ae50437f18059,03527267f2db4ce3ccf5de7a299c39a8bdcad0f16ea16715840a995cbcb4c4a5,0.1811930338541666,8.646647135416667e-05
S1C_W0.790_r05,0.79,5,128,393216,7,10737365616079812786,17714141268111472187,5f567d3452a5f5907b533d717fb68d8a48654603ecb1cdc8929a4f4796fd497f,a1ce71d81cdd6eca644d22a8604196b9db7146de64147bf25e50b36992b7d23f,0.1032892862955729,0.0001017252604166
S1C_W0.790_r06,0.79,6,128,393216,7,18392522625926627476,17181666016768037737,a8c3a0d454aba858f64f629adb7a243247d0ac7caf743299a93c6eef1f3bafc8,da456df44aa88c060fb418016bf0c62dd598b8c563b0a3e458d8c52ca0693bed,0.1892445882161458,0.000104268391927
S1C_W0.790_r07,0.79,7,128,393216,7,10075112737880425626,882632597237696698,1f6c6e81bf97e9a06372da328961a524dc6bdb93f9f10e35576ca4894a7fe933,d675e95a5b2b428ca41a78b4bd9f623478b59f7ef80709be42525b87b37abc62,0.1592483520507812,9.409586588541668e-05
S1C_W0.790_r08,0.79,8,128,393216,7,4045559426312456630,9351229326151978282,89e89a971d9be003487d8a1c3ec05eeb8eba90173b9c2e1dce7ce69d51a02789,ffdc791a14eb59a85612abc55a894e40fdc92dac3e949eb7e264acda81d08b2a,0.1948496500651041,9.663899739583332e-05
S1C_W0.790_r09,0.79,9,128,393216,7,11877919894818629711,2014691400867905938,4b6e8890e5aed1442a53a6e9fb0947cb3f59a59756c1870ab4dd7cf552352a08,4b4c888839414c8f8147bcc8db9448135116c950cf2140428f82d36bcbb21b53,0.1401392618815104,0.0001246134440104
S1C_W0.790_r10,0.79,10,128,393216,7,12590900716292596139,2117280375500507789,a289eec9796abce64bf442422081fb8337784597b162220d1d8a83a6a3282661,f522c676d8d9ea48ff3aa4ddf93857f726db07924943de06c0e14c7872e0bd04,0.188140869140625,9.918212890625e-05
S1C_W0.790_r11,0.79,11,128,393216,7,1962789095212423922,8331814245213072405,ee4508a963f4655416b558f0442081e02a849d7021bb6ff668eec9e61a412cab,8b1dec5c47d3a2aaf7b8b81c9c1503e14b29dfe5707df34bfa239431d6663637,0.1876373291015625,0.0001017252604166
S1C_W0.790_r12,0.79,12,128,393216,7,14510932720716503721,3241278375788733931,b96ed0437984aa833255048e146393c5da35285c4a8467549b61d9810e759cec,aaeb79020b29f20aeb4be82d8d3ebdee37b12ec58491cef68c01f3e5874dff00,0.3728179931640625,0.0001169840494791
S1C_W0.790_r13,0.79,13,128,393216,7,6160150824468491629,3559034236000207361,13f2ebfd2686e87ddccb154edfe45e110ed5970d04363e7b46c404cec7d71966,f709685dd63773b46268308530ab388ba07ffd6c40df720712e5e351313da503,0.2171961466471354,0.000104268391927
S1C_W0.790_r14,0.79,14,128,393216,7,10714398994419119567,2123816966686241028,e8c569af23e050d8a30d08b79ae77a59a4897ab7b85c80ebfc5c7a8f4460905c,e25fac86c66b314f60bad876de960ad4280c92f9ade1012cb5a5ae1300dc0ab1,0.108612060546875,9.663899739583332e-05
S1C_W0.790_r15,0.79,15,128,393216,7,3525784381421185546,9728774493767030428,9defb3ea47f84ab5b371ab957ebe07731e6c99cb7b213e2d892ac90946856599,619e5ee5ac817ec11984ac47ec3b9d9940e8b6295064d4ce3c647b190adf70e2,0.2302474975585937,8.900960286458333e-05
S1C_W0.800_r00,0.8,0,128,393216,7,7655837767034734158,934042189007205845,719b675b7b2b31f2c58d9ebe796d55d1b5f44e56bf57d962275c5e7399613e0a,cf2d6905b94b1265f3b2eef93442ec373a0349d762be7b86a5be2a9011044919,0.5355148315429688,0.0001017252604166
S1C_W0.800_r01,0.8,1,128,393216,7,7138177107724583812,18115717769615187850,4d3bda900026b2467a23a751d8f5ef90f49935e0e66e4f14b1e3722c20691db7,a2bacecd2623c3e78f46ede3ede6a2e0d9faace280512093e8a015568ad354b1,0.2586415608723958,0.0001144409179687
S1C_W0.800_r02,0.8,2,128,393216,7,7301254539265411036,1717762875529522896,61ae7bf1a97614ead2454371fd56b8563dc458a630ea13534ac244e89c592f6e,64fc180edc78ab1612ee9a3c9e007065dd9950fe743874ef228a3b50c58e56c8,0.3059844970703125,0.0001093546549479
S1C_W0.800_r03,0.8,3,128,393216,7,10833399783473843663,9514140423465135883,f42a27e994c7a0a761d35ca1512022340aac932531be385fb4221ef954ccd34d,985e3178722d436c8b6e496bb6cfb7baa73c644e28ced4c8ead3e9e2ebdba740,0.1664861043294271,0.0001068115234375
S1C_W0.800_r04,0.8,4,128,393216,7,17089777873478898221,16951094302730524563,17aa185709e12c3b0f224037b0a082b9f764ad9675c2115a532cd25ed78b86a1,a8049cd9cc5e090c6604ad9e3c6c8b3b389ce65a8662a1dc32e64d4fec98f286,0.4219258626302083,8.646647135416667e-05
S1C_W0.800_r05,0.8,5,128,393216,7,10737365616079812786,17714141268111472187,e3a3663d18b8500f1309e3e5e8894c5dc8fce4261e16416212f374c67ff6c246,13c52c8a8e106b19507939fd01894984107318cd2526936408cbca6c22c691e9,0.4528096516927083,0.0001017252604166
S1C_W0.800_r06,0.8,6,128,393216,7,18392522625926627476,17181666016768037737,b75a4457b2796a47ac87856871becf6302e1b4557303163b3efa243de25680e0,497a0c535f076ef68a9b2d931fcc294850f82dbfd6b819a917b0a3eab12dc2ca,0.3640289306640625,0.0001068115234375
S1C_W0.800_r07,0.8,7,128,393216,7,10075112737880425626,882632597237696698,ca2622555d2ac6788f1c9249d64fef19af991da95c250fab25fa940f79a579d8,0317fa58f2b669eee45ca2bc97fb56f976e492d9939766764bfbf88fb34dc90e,0.32666015625,9.663899739583332e-05
S1C_W0.800_r08,0.8,8,128,393216,7,4045559426312456630,9351229326151978282,335e4f7b04354b36a04a40c34df5a45b26933532dec6bd213302db654731ca34,7ebc2c0f29546ee6a384974c774a9063b4361cb3ebce9082b8f44384973a2dff,0.6989288330078125,0.0001169840494791
S1C_W0.800_r09,0.8,9,128,393216,7,11877919894818629711,2014691400867905938,8baf8db55f4c3acfecfe05496dddf48dacac196b7bf164974b1d996297cb6c84,4f6aeb2b97bde680cf00a007d24793065d17d7b1904b6c54392e067ec38f0111,0.261975606282552,0.0001246134440104
S1C_W0.800_r10,0.8,10,128,393216,7,12590900716292596139,2117280375500507789,aa470db227c164cc2e8419853b05848fd8553918247e237cb1160969656d49c5,2538ea0ac02d517cbc4a52256396e1aede00c19a182553c3dc3be0bc7243d6c8,0.451520284016927,0.0001017252604166
S1C_W0.800_r11,0.8,11,128,393216,7,1962789095212423922,8331814245213072405,163088283be86a4b4f1d31791f1ceb647c7b8afdda02ae68360d5d2171ae6d6d,006a729df111b9d6efc3eb8302ebbf3e234e9c6bc5264db3a6678116ce52a7d6,0.9890416463216146,0.0001017252604166
S1C_W0.800_r12,0.8,12,128,393216,7,14510932720716503721,3241278375788733931,4e6301523bba10b7d40ce030369cb23565cb6538d429b0c2f0584b4a76c08d81,8a553ec595e82663467929df3bc36ccccb26b33122f0505f1e8b38d886b9b4e9,0.5618871053059896,0.0001195271809895
S1C_W0.800_r13,0.8,13,128,393216,7,6160150824468491629,3559034236000207361,e940cac7afad135f65e236cfc77ae147180e558ab8accbb1b5ef32ac322c317b,27280d775708290f60eaf528c1382dcf7d07ada4887dbeabd0b560d7cb6b9d2e,0.9088236490885416,0.000104268391927
S1C_W0.800_r14,0.8,14,128,393216,7,10714398994419119567,2123816966686241028,942c58a2986a68f734e2d4730d0375a4dfe12df3496566ecc073fd0fd41cc0a6,29f1a223a9831d5c7dc69e70d6cedc348eae8bd5d4da28b247eb685c117567df,0.4386240641276042,9.663899739583332e-05
S1C_W0.800_r15,0.8,15,128,393216,7,3525784381421185546,9728774493767030428,0280a515025bcc95c41ef7aaa5ae0dd1270c0cd0551b0dd2b0c3245c1135f9ec,e6914ea9aed2ef34abf5d1ba1428c5c8d2b9e11107ee5fa9e293ff8db43798cc,0.4211502075195312,8.900960286458333e-05
S1C_W0.810_r00,0.81,0,128,393216,7,7655837767034734158,934042189007205845,04d17a8bdaa42b5ab786e94b4a7a1ca63d0102a685ceac53952fe8769c9066be,90b003262d6ffbf0ca28efff5402b609f722c75899901ca75301690e33e64bca,0.9801712036132812,0.0001017252604166
S1C_W0.810_r01,0.81,1,128,393216,7,7138177107724583812,18115717769615187850,4bcbbc2ff658c9485283bbbcd1fd00120b13c5fb07fa08812029ef846fd99621,d63b1ef4c6685a523247f5c3caf03bf4531817cd1dd76e3860b1dcf382d45b3c,0.7990849812825521,0.0001195271809895
S1C_W0.810_r02,0.81,2,128,393216,7,7301254539265411036,1717762875529522896,de1cc6f702c1294287f51882fafb282311ecce9be66ce86769a743006dacf365,51cfe2ad6a87f2aebd3c14ebb7d8d8ab40569b9ab47d9bd424655a2c559700c0,0.9857457478841146,0.0001093546549479
S1C_W0.810_r03,0.81,3,128,393216,7,10833399783473843663,9514140423465135883,e8ffe1cae5cf5103a84c9bf022a0c7ab824c1235c2cb6b542808a77872cbdceb,3cff2d338c76bdc6184f3057b54c8bbccc6bb270eb01c1eade2b325be763aa37,0.8165232340494791,0.0001068115234375
S1C_W0.810_r04,0.81,4,128,393216,7,17089777873478898221,16951094302730524563,3a2e21b182f92e40d46ced8f61f1060129252019d9a7a08d301fdb01b943a2d0,bca54406c9e76cf95daa1a857372cdea790412d3255eda6bdd4c722c0d7be162,0.9863179524739584,8.646647135416667e-05
S1C_W0.810_r05,0.81,5,128,393216,7,10737365616079812786,17714141268111472187,d4e32e1e06ea1e2e070b52ed781a3560010fb4ea3546a152b8e0ff8812f0e6f7,97ebfa306c69d35e36d8f020eb5d4576233d8bd67a6c05818141bb035dc6bd51,0.9802042643229166,0.0001017252604166
S1C_W0.810_r06,0.81,6,128,393216,7,18392522625926627476,17181666016768037737,855e51a2f4308151d41d8c0ecf454ceb8636224724c373869ab239bc83074106,a1c8de60f0cf135a9fcf9049dad5c0803ecb287f9ebe236e5dc853891b336b8d,0.5176773071289062,0.0001068115234375
S1C_W0.810_r07,0.81,7,128,393216,7,10075112737880425626,882632597237696698,0b732a69cd77e165c2a2937193fa572618581d4625bef42d2149d676ffba2bd2,6ebf4f5cc97b1e4711df45251484a09be8f88f8662f37f3e4d9a676e0650b513,0.4445648193359375,9.409586588541668e-05
S1C_W0.810_r08,0.81,8,128,393216,7,4045559426312456630,9351229326151978282,7186734c1255812988126c0a93879f3b5396f0a0c77387268887f2595a6ea141,871f655092be0a972f807c52623581c9681577e4092e2aedc2ebc7e47fa6469e,0.6993560791015625,0.0001093546549479
S1C_W0.810_r09,0.81,9,128,393216,7,11877919894818629711,2014691400867905938,ae68a56ad596f403f18d7708229b64ab2b860cdb82fd4f800356d92b2700e6ce,a5fadcfcff8fdd3f545abab651360be37dd926e4409cede588a177c22d61c97d,0.3490015665690104,0.0001246134440104
S1C_W0.810_r10,0.81,10,128,393216,7,12590900716292596139,2117280375500507789,76f0c452a740687d5a751e6cd611a1194a0599d5320852f13f510b9872926139,f2cf60e98a3bb547998075c478da81c104abadfecfa0410ec6de8622c32744e9,0.8611729939778646,0.0001017252604166
S1C_W0.810_r11,0.81,11,128,393216,7,1962789095212423922,8331814245213072405,a15dc61e072870ed53c08c107765c1ab2816acf72ec4e9f39b44745b7e3360c7,5bd1abffcc2c8c8535d03e022289fcc1387aa1ac3889bd1d72e99e3da359cfca,0.989293416341146,9.663899739583332e-05
S1C_W0.810_r12,0.81,12,128,393216,7,14510932720716503721,3241278375788733931,ec92a192a2c485c9bf62ea7b0128190a4a00d0f2601215a36a66505fcd204d5e,2e71e8835431e38c3237cdf839414b51d3e3508d2a6e2162c7013dbbe3825dba,0.9859848022460938,0.0001195271809895
S1C_W0.810_r13,0.81,13,128,393216,7,6160150824468491629,3559034236000207361,26b62ec884ad7ced32fb1cc3efcd18892d9fe73db512cd43d4bc262e78353808,fca87ed7981934b27833811c1899612f0f666226b89b6b151cd1f9d27a502575,0.9571762084960938,0.000104268391927
S1C_W0.810_r14,0.81,14,128,393216,7,10714398994419119567,2123816966686241028,67568e847e40756b7c9c1a986057e308d30f1a039bc73f88b783fe78e083477f,2c495d727c17cc233cb9659439e9ba386c5d5e478d426b5d9ea25b5ba6fcd890,0.8970387776692709,9.663899739583332e-05
S1C_W0.810_r15,0.81,15,128,393216,7,3525784381421185546,9728774493767030428,909c4923d91ec60233627f492571756523ed432b35015264956202a9e57c1526,4ee85af0083cec8170b46ad4db47e4492bb52668d27580534ad43b69a9274575,0.4683278401692708,9.1552734375e-05
