L,W,n,S_median,S_Q1,S_Q3,S_min,S_max,S_variance,median_bootstrap_low,median_bootstrap_high
64.0,0.75,32,0.02643839518229165,0.02287546793619785,0.03692372639973952,0.01641845703125,0.1926066080729166,0.0009974108184404053,0.02455101013183589,0.032928466796875
64.0,0.76,24,0.0448201497395833,0.03288014729817708,0.05484263102213538,0.0252685546875,0.1933797200520833,0.0014427052968258157,0.0369466145833333,0.0507405598958333
64.0,0.78,48,0.1167449951171875,0.0771128336588541,0.16971588134765625,0.0303853352864583,0.409759521484375,0.005220316729841901,0.0969950358072916,0.145172119140625
64.0,0.785,128,0.1493682861328125,0.10788726806640625,0.1980311075846354,0.0459493001302083,0.5872599283854166,0.006968066650373523,0.13482208251953126,0.15870183308919258
64.0,0.79,128,0.18945821126302081,0.13725535074869785,0.25765736897786456,0.076446533203125,0.589111328125,0.009327775013163748,0.1732533772786458,0.20942687988281244
64.0,0.795,128,0.2685089111328125,0.19509633382161456,0.35329691569010413,0.0895487467447916,0.7549540201822916,0.014437873266259817,0.24728902180989581,0.2949981689453125
64.0,0.7975,150,0.2919921875,0.21517181396484372,0.392730712890625,0.10247802734375,0.755096435546875,0.017150292496854153,0.26373710632324215,0.32225557963053375
64.0,0.8,128,0.34990437825520837,0.24988047281901038,0.44593048095703125,0.14520263671875,0.808837890625,0.020746803946824606,0.324554443359375,0.38395398457845037
64.0,0.8025,128,0.38614400227864587,0.27649943033854163,0.5151036580403645,0.154571533203125,0.9805094401041666,0.03185225280180585,0.35728963216145837,0.421600341796875
64.0,0.805,150,0.4245147705078125,0.32962290445963544,0.5525945027669271,0.1548970540364583,0.980682373046875,0.031823149350965585,0.39129638671875,0.4524078369140625
64.0,0.8075,128,0.49590555826822913,0.39419809977213544,0.6391576131184896,0.1643168131510416,0.9807332356770834,0.03369419308002853,0.450927734375,0.5280815124511719
64.0,0.81,128,0.558929443359375,0.4250818888346354,0.7030665079752604,0.1822306315104166,0.9827880859375,0.04074754829788198,0.5128679911295573,0.5926326751708982
64.0,0.8125,128,0.6044108072916666,0.48491414388020837,0.8032786051432291,0.235595703125,0.981048583984375,0.043272589889300966,0.5662078857421875,0.6520131429036459
64.0,0.815,150,0.6935577392578125,0.5331522623697917,0.9541041056315105,0.2359415690104166,0.982940673828125,0.048330920071443184,0.6232401529947916,0.77593994140625
64.0,0.82,128,0.9355824788411458,0.63555908203125,0.9755452473958333,0.2618815104166667,0.9836832682291666,0.03995860419580379,0.7859903971354166,0.965118408203125
64.0,0.825,128,0.974395751953125,0.856005350748698,0.978973388671875,0.4693501790364583,0.9849650065104166,0.024388081034399368,0.9704065958658854,0.9765268961588542
64.0,0.83,24,0.9779561360677083,0.9764989217122396,0.9813156127929688,0.890380859375,0.9863688151041666,0.0006856766706347558,0.977081298828125,0.9807027180989584
64.0,0.84,48,0.9820505777994791,0.9788131713867188,0.9845301310221355,0.8166097005208334,0.9875691731770834,0.0005957749759843695,0.9809468587239584,0.9834187825520834
64.0,0.85,32,0.9840342203776041,0.9827524820963541,0.9854354858398438,0.97784423828125,0.9883015950520834,6.6882612535856995e-06,0.9829508463541666,0.9853312174479167
64.0,0.86,48,0.9857432047526042,0.9846242268880208,0.9871419270833334,0.9798380533854166,0.9888916015625,3.7237314431773436e-06,0.9849955240885416,0.986297607421875
64.0,0.88,24,0.9876251220703125,0.986053466796875,0.9885584513346354,0.9845682779947916,0.9906005859375,2.423858483008548e-06,0.9865315755208334,0.988525390625
64.0,0.9,30,0.9897715250651042,0.9882888793945312,0.9905344645182291,0.9845682779947916,0.99188232421875,3.3208442611636205e-06,0.9890637715657551,0.9903666178385416
128.0,0.75,24,0.01585388183593745,0.012937545776367125,0.021186192830403627,0.0080490112304687,0.0297495524088541,3.380726586281953e-05,0.013023376464843701,0.020052433013915953
128.0,0.76,16,0.02581532796223955,0.020111083984374924,0.030006408691406198,0.0124613444010416,0.0460230509440104,7.691768470168541e-05,0.0206883748372395,0.029386361440022702
128.0,0.78,16,0.09200668334960935,0.06757545471191401,0.13322830200195307,0.0387039184570312,0.2281748453776041,0.0034381931155857506,0.0670700073242187,0.1324996948242187
128.0,0.7825,96,0.10387929280598954,0.0814145406087239,0.15084584554036454,0.039075215657552,0.29901123046875,0.0031793318589807243,0.0952072143554687,0.1290435791015625
128.0,0.7875,96,0.15634918212890625,0.11542956034342441,0.21130116780598954,0.0558217366536458,0.449676513671875,0.007330601571645059,0.14470583597819006,0.17083994547526038
128.0,0.79,48,0.18788909912109375,0.14488665262858072,0.25846608479817706,0.0913187662760416,0.5716985066731771,0.012073184527063827,0.1706975301106771,0.2281621297200521
128.0,0.7925,96,0.2341448465983073,0.18696212768554682,0.31158955891927076,0.091473897298177,0.5581741333007812,0.010673350343635672,0.2037455240885416,0.2628885904947917
128.0,0.795,96,0.28859965006510413,0.2196572621663411,0.39217948913574213,0.1002400716145833,0.6464640299479166,0.01749328614913107,0.2693748474121094,0.3219757080078125
128.0,0.7975,96,0.352979024251302,0.2772331237792969,0.4408041636149088,0.1440226236979166,0.8247604370117188,0.02271678513681859,0.3121719360351562,0.3824141184488931
128.0,0.8,96,0.43029657999674475,0.32633654276529944,0.5832099914550781,0.1664861043294271,0.9890416463216146,0.032609327473984706,0.38843307495117185,0.5020294189453125
128.0,0.8025,96,0.5034128824869792,0.36711247762044275,0.6308046976725261,0.1661529541015625,0.9892527262369792,0.038784055257666754,0.4553260803222656,0.5535252888997396
128.0,0.805,96,0.5867563883463542,0.4398237864176432,0.8003896077473958,0.2506434122721354,0.989405314127604,0.05182104220392126,0.5192951838175455,0.664795653025308
128.0,0.8075,96,0.678076426188151,0.4979610443115234,0.8752600351969402,0.2587127685546875,0.9895782470703124,0.04644486435777705,0.5875879923502605,0.7661399841308594
128.0,0.81,96,0.8761711120605469,0.5829416910807292,0.9845294952392577,0.3453572591145833,0.989293416341146,0.04460605292794379,0.7924313545227052,0.9704354921976726
128.0,0.8125,96,0.9757677714029949,0.7771523793538411,0.9860757191975912,0.3926010131835937,0.9908905029296876,0.031167141039162707,0.910106658935547,0.982007344563802
128.0,0.815,48,0.985137939453125,0.9776700337727866,0.9884688059488932,0.5181299845377604,0.9909693400065104,0.016583278794683638,0.9829305013020834,0.9865982373555501
128.0,0.8175,96,0.9866676330566406,0.9838981628417969,0.98876953125,0.4830423990885417,0.9916483561197916,0.0116230678229482,0.9856819788614909,0.987230936686198
128.0,0.82,48,0.9873733520507812,0.9855346679687499,0.989008585611979,0.6463521321614584,0.9917424519856772,0.002442519090134958,0.9862213134765624,0.988390604654948
128.0,0.8225,96,0.9881006876627604,0.9864749908447266,0.9894237518310547,0.5049336751302084,0.9917933146158854,0.0024360808966603976,0.9872614542643228,0.9887873331705728
128.0,0.83,16,0.9887987772623699,0.9879512786865235,0.9902667999267578,0.983861287434896,0.9918034871419272,3.99476867406276e-06,0.9880193074544272,0.9902445475260416
128.0,0.84,24,0.99066162109375,0.9898249308268229,0.9911219278971354,0.9864934285481772,0.9924214680989584,1.8265329547122924e-06,0.9900309244791666,0.9910011291503906
128.0,0.85,24,0.9912465413411458,0.9906177520751953,0.9918607076009116,0.9896316528320312,0.993115743001302,7.798696035592704e-07,0.990674336751302,0.9916877746582031
128.0,0.86,24,0.9920056660970051,0.9914404551188151,0.9925270080566406,0.9903182983398438,0.9934005737304688,8.522343799139994e-07,0.99163818359375,0.9923515319824219
128.0,0.88,24,0.9932581583658853,0.99273681640625,0.9935601552327473,0.9919204711914062,0.9940694173177084,3.5963612668599206e-07,0.993176778157552,0.9934571266174317
128.0,0.9,24,0.9939715067545574,0.9937508900960287,0.9942150115966797,0.9928258260091146,0.9952723185221354,2.499245277391524e-07,0.9938278198242188,0.9941991170247396
256.0,0.75,8,0.0069157282511393,0.005798657735188775,0.0073312123616536,0.0045324961344401,0.0126247406005859,5.971166942005718e-06,0.0055154164632161,0.0079263051350911
256.0,0.7825,48,0.0835504531860351,0.06278928120930988,0.11036284764607743,0.0325279235839843,0.1927464803059896,0.0013949230000521995,0.0760485331217448,0.10143629709879551
256.0,0.7875,48,0.14565785725911456,0.1146828333536783,0.17215124766031895,0.069806416829427,0.3947664896647135,0.004740154646480391,0.13113149007161454,0.1605796813964843
256.0,0.79,48,0.1934579213460286,0.13192065556844074,0.2536376317342122,0.0885480244954427,0.4417133331298828,0.007369208343030978,0.15824190775553382,0.21997610727945965
256.0,0.7925,48,0.2718346913655598,0.20400031407674146,0.3604578971862793,0.0947990417480468,0.5222740173339844,0.011237645997500255,0.21662775675455725,0.322265625
256.0,0.795,48,0.3811461130777995,0.2995362281799316,0.4375588099161784,0.1440092722574869,0.6774260203043619,0.014990478878971708,0.3196697235107422,0.405835469563802
256.0,0.7975,70,0.44445546468098956,0.3717482884724934,0.592156728108724,0.1495539347330729,0.990698496500651,0.031203299047556123,0.40838209788004554,0.5184720357259115
256.0,0.8,48,0.5862693786621094,0.4678082466125488,0.789364496866862,0.2992445627848307,0.9928722381591796,0.04428681496755018,0.5132484436035156,0.7056229909261068
256.0,0.8025,48,0.7962465286254883,0.6340834299723307,0.9855715433756509,0.3641637166341145,0.992762247721354,0.03631819718957096,0.7084636688232422,0.8671689589818301
256.0,0.805,70,0.9474547704060872,0.6895395914713541,0.9911487897237141,0.3411280314127604,0.9935067494710288,0.035971612602795355,0.8462136586507162,0.9884115854899088
256.0,0.8075,48,0.9901285171508789,0.8627518018086752,0.9915703137715657,0.5751501719156901,0.9940706888834636,0.018685378360858703,0.9887262980143228,0.9911410013834636
256.0,0.8125,48,0.9917716979980469,0.9905532201131184,0.9926236470540365,0.6433219909667969,0.9942493438720704,0.0030342480697100774,0.9911994934082032,0.9921833674112956
256.0,0.815,24,0.9928264617919922,0.9918818473815919,0.9934725761413574,0.9886976877848308,0.9942557017008464,1.9459239842980743e-06,0.9921293258666992,0.9933465321858724
256.0,0.84,24,0.9945023854573568,0.9942860603332521,0.9947783152262369,0.9927590688069662,0.9951693216959636,2.652616693513172e-07,0.9944318135579427,0.9946747461954751
256.0,0.86,24,0.995252291361491,0.9950741132100422,0.9954684575398762,0.9947872161865234,0.9958756764729818,8.713943357259945e-08,0.9951388041178385,0.9954452514648438
256.0,0.88,24,0.995893160502116,0.9957502683003743,0.9959599177042644,0.9955126444498698,0.9962018330891927,2.9271575111185293e-08,0.9957675933837892,0.9959430694580078
256.0,0.9,30,0.9963070551554363,0.9962290128072103,0.9963887532552084,0.9960352579752604,0.9965438842773438,1.760397269137929e-08,0.9962654113769531,0.996368090311686
512.0,0.75,4,0.0033650398254394,0.0032412608464558253,0.0037736097971598,0.0031307538350423,0.0047384897867838,5.439831204091142e-07,0.0031307538350423,0.0047384897867838
512.0,0.78,16,0.043815533320109,0.03491799036661775,0.05466290314992263,0.0261982282002766,0.0973958969116211,0.00031527288480251436,0.0358564058939615,0.055341537793477294
512.0,0.785,16,0.08873081207275385,0.07169524828592932,0.10700873533884683,0.0599633852640787,0.2546882629394531,0.002150435907905001,0.0720411936442057,0.1054531733194987
512.0,0.7875,16,0.1528472105662028,0.12102230389912921,0.20681881904602045,0.0665187835693359,0.2590670585632324,0.002853363952588267,0.1223150889078776,0.206553300221761
512.0,0.79,16,0.20500349998474116,0.15051380793253574,0.2678988377253214,0.1009888648986816,0.3819030125935872,0.008413560744633253,0.1545028686523437,0.27837382555007845
512.0,0.7925,16,0.4020256201426188,0.31752709547678626,0.46010963122049964,0.2210326194763183,0.5358729362487793,0.00885799560918233,0.3185076713562011,0.4521557490030924
512.0,0.795,16,0.48074475924173987,0.39244957764943433,0.6738800207773845,0.2888566652933756,0.9941725730895996,0.047891911128765494,0.40126800537109375,0.6744012832641602
512.0,0.7975,30,0.8014951546986897,0.607893427213033,0.9782247145970662,0.4210658073425293,0.994649569193522,0.03957866142100963,0.6390055020650227,0.9047575791676838
512.0,0.8,16,0.9913696448008218,0.894813617070516,0.9935144980748495,0.5574979782104492,0.9946395556131998,0.024886200677763076,0.9045666058858236,0.9934867223103842
512.0,0.8025,16,0.9927993615468342,0.9911923805872598,0.9944643974304198,0.6320929527282715,0.995296319325765,0.008650737633626632,0.9911942481994628,0.9944310188293456
512.0,0.805,30,0.9942232767740885,0.992853879928589,0.9945162534713745,0.9909331003824868,0.9954134623209636,1.6616104119221189e-06,0.993506908416748,0.9944263299306235
512.0,0.81,16,0.994908571243286,0.9946010510126748,0.995103120803833,0.9914986292521158,0.9957013130187988,1.1143905457747488e-06,0.9946058591206868,0.9951123396555583
512.0,0.815,30,0.9954586029052734,0.995261271794637,0.995653510093689,0.9933934211730956,0.996073087056478,3.861150991323004e-07,0.9953135649363198,0.9955743829409283
512.0,0.84,16,0.9964707692464192,0.9963422218958538,0.9965821504592897,0.9960241317749025,0.9967060089111328,3.490559316156148e-08,0.9963590304056804,0.9965759913126628
512.0,0.86,16,0.9969125588734945,0.9968489408493042,0.9969635804494221,0.9964733123779296,0.9970684051513672,1.670571984286169e-08,0.9968508084615072,0.9969655672709147
512.0,0.88,16,0.9972035090128581,0.9971252679824829,0.9972363313039143,0.996989091237386,0.9973015785217284,7.051873277912664e-09,0.9971334139506022,0.9972354571024576
512.0,0.9,18,0.9973387718200684,0.9973139762878418,0.9973924954732258,0.9972074826558432,0.9974346160888672,3.3361428948966837e-09,0.9973167578379314,0.9973901112874348
