W,n,k,parent_fraction_median,parent_fraction_Q1,parent_fraction_Q3,internal_fraction_median,internal_fraction_Q1,internal_fraction_Q3,retention_median,retention_Q1,retention_Q3
0.75,24,1,0.05583780513412195,0.05520451219864107,0.05626922296778575,0.05467896446312685,0.0541492044108648,0.05512533765776438,0.9797667154163907,0.9789911098346682,0.9806761141445812
0.75,24,2,0.0644395537396173,0.0636446710904712,0.06501384471248987,0.06278210512105425,0.062252076692716825,0.0634155199069153,0.9753574248103154,0.9744666158611739,0.9766615685868374
0.76,16,1,0.06043478261764685,0.059774885167753,0.0610436601393657,0.0591972581594455,0.05855400452741685,0.05979595988756008,0.9800839002145596,0.9791993592464747,0.9805711373343312
0.76,16,2,0.0716607924665673,0.07071405292962406,0.07250042515130183,0.06988795083534585,0.06903708271364017,0.07077167642631856,0.9739041524296207,0.9718911697432917,0.9764070031283539
0.78,16,1,0.0700867506058026,0.06965643885176372,0.07063836394447717,0.06870781612331495,0.0682350266381343,0.06927167531833225,0.9801068628857075,0.9789501025932933,0.9806091697729725
0.78,16,2,0.08847072439025136,0.08734710609194604,0.09003685387168112,0.08602383053269791,0.08477038723722778,0.08743432358704835,0.9718940721676137,0.9681300837228212,0.9744419398346483
0.7825,96,1,0.07150828730926195,0.07094136867740619,0.07179599206898758,0.0700392705591845,0.06952732898935,0.07039582453950595,0.9799905842744325,0.97922390407021,0.9808083852786621
0.7825,96,2,0.09067568995197105,0.08945575178300585,0.09266207312385505,0.08819375826705206,0.08686338724591812,0.08991647103448565,0.9721503469421495,0.9689807006563766,0.9742826538850755
0.7875,96,1,0.0740871476145158,0.07347837781564573,0.07442825818985185,0.07258799556089895,0.07205536701589875,0.0729358673752276,0.9800401586802834,0.9791485505352171,0.9807474109595224
0.7875,96,2,0.0968687124083983,0.09497709224421012,0.0988435145440692,0.09392874386260985,0.0922197644937717,0.09585895538737903,0.9713202027870007,0.9658452977443731,0.9739515208157317
0.79,48,1,0.07541578328688545,0.0746877313410958,0.07575416757622065,0.07393952343977025,0.07323062041083005,0.0742485664425957,0.980138926249404,0.9791789632011652,0.9807543652442996
0.79,48,2,0.0997807125966071,0.09781022170818825,0.1014959052196257,0.09666285940346755,0.0947781635056924,0.09815488353218166,0.9702663957186739,0.9636545027858662,0.9728640915973982
0.7925,96,1,0.0766956023611172,0.07608576967509595,0.077063338161828,0.0751470258001189,0.07454488070948073,0.07555783418394245,0.979955953709122,0.9791837924007567,0.9807041674637635
0.7925,96,2,0.10306374413200725,0.10055048661244445,0.1057651090849978,0.09998031584954606,0.09736322683504978,0.10140293075034343,0.969263918146066,0.9634789646198703,0.9723591299214372
0.795,96,1,0.07804285929273305,0.07744702012417992,0.07844856235529274,0.0764604530554803,0.07592309892363568,0.07683014485972839,0.9800192578327531,0.9791841983194932,0.9806619691844353
0.795,96,2,0.10672402229498684,0.10393421881457468,0.10843406897526164,0.10323670015154655,0.10047500374430637,0.10445627116639905,0.9673408512000312,0.9626214434515257,0.9714585266264412
0.7975,96,1,0.0793508817840359,0.07884633609143102,0.07981176621835905,0.07776573479238685,0.07724471918115497,0.07820617803684632,0.980025860755805,0.9791701401884085,0.9806923063447355
0.7975,96,2,0.1101213374768821,0.10796483102796042,0.11232745747344325,0.1065671805416146,0.10435854760502092,0.10832336628494293,0.9661517448759889,0.9602397468059425,0.9707358622519563
0.8,96,1,0.0807218135686575,0.0802310825117262,0.08120969694719218,0.07904980624268615,0.0785643984817791,0.07956694899184107,0.9800182905148948,0.9792325171692993,0.9806394526419041
0.8,96,2,0.11430331509614886,0.11156844063943219,0.11636839005792143,0.1099822233269015,0.10735431738194523,0.11209603715655417,0.9650619703258496,0.9586616200088207,0.9702747923095494
0.8025,96,1,0.08210759483097324,0.08161089232623342,0.08261226891811523,0.0804404774589551,0.07992707097753787,0.0809394553298309,0.9800100852072914,0.9792815765651481,0.9806549417076446
0.8025,96,2,0.11788515126752691,0.11514783764436097,0.12167348068559646,0.1133805052460151,0.11057460304711753,0.11685724225071704,0.9635662567151526,0.9572149349795804,0.9682905923263765
0.805,96,1,0.08356080714013789,0.08299517812497267,0.08391644838702544,0.08188760096671449,0.08131405490820633,0.08227286848478295,0.979979665784126,0.9792860116067744,0.9805737559170361
0.805,96,2,0.1223275026092864,0.11951004448413445,0.12599944634446575,0.1172150298021471,0.11434632801247555,0.12071581705443385,0.9620188393563418,0.953778270396565,0.9665605875249716
0.8075,96,1,0.08485801885988765,0.08439879797961289,0.0853553101008679,0.0832059208800156,0.08264504405075371,0.08364991221078893,0.9799448125107725,0.9791858722425544,0.9805753755994358
0.8075,96,2,0.12731518013220283,0.12439988371591162,0.13154238690236392,0.12195894723440695,0.11844194390093139,0.12588306024749185,0.959299538591685,0.9493814476658259,0.9657786358271854
0.81,96,1,0.08632412984373575,0.08575193005281306,0.0868220715259848,0.0846057174259828,0.083978166521845,0.08504942942166763,0.9799209515884768,0.9790995225080422,0.9805240180704291
0.81,96,2,0.132572837635416,0.12948282616462836,0.13700359799959144,0.12638431014432833,0.12323757998473997,0.1308803934349707,0.9573922152173061,0.9452430897167069,0.9639753765714622
0.8125,96,1,0.08774768221750526,0.0871581358864672,0.08819024373328815,0.0860036043966631,0.08538370245386717,0.08639013200589948,0.9799206332537261,0.9791213556565453,0.9804505983092748
0.8125,96,2,0.13777381079491702,0.13486301663564118,0.14305216712307897,0.1311640706800584,0.12864749937280773,0.13580432583993016,0.9554935089482305,0.9424937315809656,0.9636245209168267
0.815,48,1,0.08919977121983755,0.08865990018785588,0.08955782026733777,0.08742648837841821,0.08683053573983597,0.08768639475624758,0.9798985980659439,0.9792357244944467,0.980581025386867
0.815,48,2,0.14498829562760757,0.13954370536867255,0.15053240225781786,0.13788121104419487,0.13353020099337337,0.14222708046555863,0.9550645306794023,0.9447861757739133,0.9639562079712733
0.8175,96,1,0.09050897207543576,0.0899626357261073,0.09101636444642112,0.08875329424056955,0.08811974953061369,0.08915302058825943,0.9798138189910357,0.9791097630444853,0.9804064063378455
0.8175,96,2,0.15158437266531574,0.14724785043603136,0.15791757055594288,0.14339339499233605,0.13966616225839207,0.1476303388772338,0.948992096717802,0.9381751336762514,0.9596185896124705
0.82,48,1,0.09204574279382666,0.09151776040995273,0.09254857678746398,0.09016600919260934,0.08966627120275068,0.09064933703494397,0.9798312884913898,0.9790426924642109,0.9805249608274694
0.82,48,2,0.1611817776401217,0.15312847670927304,0.16683274201548554,0.15129211423544353,0.14528724098329807,0.15791571535777643,0.9473061704227723,0.9350276929834476,0.9596386557704286
0.8225,96,1,0.0934445442611827,0.09293083011031637,0.09399752852709176,0.09154953332141935,0.09101439511644405,0.09204590507774625,0.9798598392432913,0.979046000837649,0.980459494611096
0.8225,96,2,0.1676069528437411,0.16321560353060127,0.17476507132979976,0.15769605640946927,0.15321874148302486,0.16307871016688621,0.9430616985693481,0.92825430896066,0.9552738238537248
0.83,16,1,0.09827069239523606,0.0974080053667031,0.09866038256235304,0.09623075814753271,0.0954595188051986,0.0965392168818951,0.9795845800190113,0.9785789767223413,0.9802726541470893
0.83,16,2,0.19947761361523553,0.19224520070008835,0.20714353354356524,0.1852029332564903,0.17586371832993708,0.19267931650907347,0.9360988366456755,0.9158363315670036,0.9452235320858215
0.84,16,1,0.10425327540891965,0.10370724398370218,0.1047250396810432,0.1021343565090643,0.10163412478135025,0.10258449053826725,0.9798163225118255,0.9786060011108648,0.9800910110704697
0.84,16,2,0.26068414487600655,0.24960306471596136,0.2660762878975005,0.24031923102140867,0.22884626390500654,0.24987175480235807,0.9248793534450029,0.9080446936219257,0.9290546637979212
0.85,24,1,0.11047345659692301,0.109986163474106,0.111119629432331,0.1082172367170048,0.10770309585648065,0.10876136717377412,0.9793762738451794,0.9788143736017818,0.9798243819196424
0.85,24,2,0.34638212220280407,0.3291591310131901,0.3865118806379918,0.3158709703013902,0.29584971158506995,0.3418296960068389,0.9025803481368424,0.892183253234463,0.936897022449124
0.86,16,1,0.11705268901784605,0.11652144670998285,0.11791970162825985,0.11464385782836875,0.1140811259453555,0.11540287631340382,0.9794867480304972,0.9787390698770777,0.9800109559267551
0.86,16,2,0.5074708201764884,0.4934223725855882,0.5453888859329687,0.4571016560143241,0.4222963346966927,0.4909915739296037,0.8969515451240588,0.8852803319661432,0.9132472033829167
0.9,8,1,0.1449568783829488,0.14431712993169918,0.1455701859335025,0.14188597220166335,0.14121615070496482,0.1423881059041278,0.978463710689413,0.9781875743539148,0.9788413206950471
0.9,8,2,0.9909254615734169,0.9908330680646531,0.9910343198042448,0.9459607489939514,0.9396744472151467,0.9478103061594042,0.9545469096859874,0.9484384998535319,0.9569963121881808
