graph_id,edge_hash,geometry_seed,disorder_seed,W,realization,L,q,N,ell_over_R,surrogate_edge_hash,changed_edge_fraction,I0_original,I0_reassigned,I0_relative_change,outdegree_exact,orientation_multiset_exact,S_original,A_loc_original,A_loc_reassigned,D_original,D_reassigned,f_up_original,f_up_reassigned,length_KS,length_Wasserstein,relative_angle_KS,relative_angle_Wasserstein,dy_KS,dy_Wasserstein,length_q0.1_original,length_q0.1_reassigned,length_q0.1_change,length_q0.25_original,length_q0.25_reassigned,length_q0.25_change,length_q0.5_original,length_q0.5_reassigned,length_q0.5_change,length_q0.75_original,length_q0.75_reassigned,length_q0.75_change,length_q0.9_original,length_q0.9_reassigned,length_q0.9_change,length_q0.95_original,length_q0.95_reassigned,length_q0.95_change,accepted,fidelity_sha256,S_reassigned,log10_S_ratio,status
S1C_W0.790_r00,5282c6aaa8a8799845813d740745deb1b8e99576b33e5dbfd798be8b075c6a5e,7655837767034734158,934042189007205845,0.79,0,128,7,393216,4,1d6a152f37b4f2e4691d4f5f045e20e7d516bbf54fec7b71120eb928bd2d9441,0.7440214611235119,1.143745614739263,1.1449907253875589,0.0010886255057508,True,True,0.2595876057942708,0.969535129033092,0.968193272903784,0.7090709941129016,0.7107289418254704,0.0572971162341889,0.056715829031808,0.0028642926897321,0.0010223945421943,0.0023662022181919,0.0007769045150541,0.0023585728236608,0.0014071438069593,1.79529467371451,1.7939580665303243,-0.0013366071841856,1.85255831513354,1.851917178514616,-0.0006411366189242,1.9122493450942768,1.9118525357179836,-0.0003968093762933,1.9591914962491224,1.958999120917253,-0.0001923753318695,1.9842256001668737,1.9841291975190265,-9.640264784738228e-05,1.9921964215186068,1.9921435026958287,-5.291882277802529e-05,True,f3e026616d07c64b4c5315155c572449b8fa5e5f5ae3b9d009812cf6ba08dea1,0.0001017252604166,-3.40685514258562,ACCEPTED
S1C_W0.790_r01,7464d40813945a2df154084f204d214e7fa7355d45d16bb849225d61a80a6f05,7138177107724583812,18115717769615187850,0.79,1,128,7,393216,4,5cea68f8e5b39abbeb3d0f1abd0d64d3477d98ab146003ee091958b21d082e31,0.7431731451125372,1.1401870665171066,1.1384669202800684,0.0015086526479314,True,True,0.1592737833658854,0.9694856447684892,0.9700414849600368,0.7094210864540781,0.7097842606327194,0.0573679606119791,0.0577410743350074,0.0007142566499255,0.0001426854439776,0.0016021728515625,0.0005070831489081,0.0014822823660715,0.0008083181289184,1.7954259908482788,1.795620734772824,0.0001947439245451,1.85265718890964,1.8525383636210169,-0.0001188252886228,1.9122504155945583,1.912184601785758,-6.581380880055221e-05,1.9591389636513612,1.959157827964889,1.886431352726703e-05,1.984158237418798,1.9841757970788447,1.75596600466843e-05,1.992169333793936,1.992176538091072,7.204297136187421e-06,True,8fd01c89685c2da730bfff104dbeaf6e547b5a34830d7f686de4556fa9f6ef99,0.0001068115234375,-3.173526186959657,ACCEPTED
S1C_W0.790_r02,3a9ac2647ea98a81b0aa17b58f0be2258081025bdb93e2e65afdfbf2ef9df77a,7301254539265411036,1717762875529522896,0.79,2,128,7,393216,4,62066ad791bfc8ffc549d9f1d0b8a461a17812692452a7d2bab735592a14bebb,0.743025643484933,1.139236250123254,1.1460264736625394,0.005960329596737,True,True,0.1921844482421875,0.9695228307207828,0.9703575223507324,0.709202176257986,0.7100295431092342,0.0574809483119419,0.0579205467587425,0.0015338716052827,0.0005168957451958,0.0016730172293527,0.0006595601766824,0.0031890869140625,0.0012690339227951,1.7955237288992911,1.795823256383895,0.0002995274846036,1.8526203567821105,1.852838068677268,0.0002177118951574,1.9122379045744613,1.912300561913978,6.265733951660302e-05,1.959228440606676,1.959212953904732,-1.5486701944400494e-05,1.9842363294540104,1.9842398273510595,3.497897048676535e-06,1.9922067689381395,1.992211036784767,4.267846627437066e-06,True,552b8fa6f94ec1b2ba72886bcc0d0c6f7dd52aaaa1af47ee6682a5f868fa1896,0.0001093546549479,-3.244880966638189,ACCEPTED
S1C_W0.790_r03,e86e669451c0dd58efc4b7868173a34c963151de9d3c3bba9bd45747b93b6fa8,10833399783473843663,9514140423465135883,0.79,3,128,7,393216,4,5572a0c039a257b987fa4af4d0ac39a21cb3a36c9a9187574522562e219bee67,0.744098118373326,1.146138344223501,1.1310482421500063,0.0131660389424609,True,True,0.0999069213867187,0.969515275598965,0.96900891309612,0.7099755122997112,0.7092440663730865,0.0575060163225446,0.0577425275530133,0.0014274233863467,0.0002089507939749,0.0016682942708333,0.0003672077560362,0.0006575811476934,0.0006968972717061,1.7953929421021373,1.7947313355457837,-0.0006616065563538,1.852482211505685,1.8522071698879323,-0.0002750416177523,1.912183924736459,1.9121085060083387,-7.541872812022454e-05,1.95908000658598,1.9590915388031245,1.153221714478292e-05,1.984149106481459,1.984183477774195,3.4371292735757564e-05,1.9921572164889003,1.9921777117210595,2.049523215896798e-05,True,0905f90865465199ebdfff698716f8bd776dd267314f89a4c68d138a8c16ae8b,0.0001068115234375,-2.970977467083013,ACCEPTED
S1C_W0.790_r04,cc67adb09c8c2262f64a90b5ce11c7af9be73120ef816660859ae50437f18059,17089777873478898221,16951094302730524563,0.79,4,128,7,393216,4,03527267f2db4ce3ccf5de7a299c39a8bdcad0f16ea16715840a995cbcb4c4a5,0.7451190040225074,1.1345743534443855,1.1219133976539624,0.0111592120445755,True,True,0.1811930338541666,0.9694537744705282,0.9681958745474232,0.7083611666614162,0.7083975185920897,0.0580516996837797,0.0579227265857514,0.0027847290039062,0.000824667850585,0.0038277762276785,0.0012622688874568,0.0014753795805431,0.0009598370196113,1.795562380765609,1.7941334595524154,-0.0014289212131934,1.852660510155744,1.8518648564461588,-0.0007956537095847,1.9122424709960304,1.9118619885040649,-0.0003804824919659,1.9591706441164385,1.95898817675766,-0.000182467358778,1.984228267122912,1.9841643394169748,-6.392770593688368e-05,1.9921839872506844,1.9921636226664532,-2.0364584230936345e-05,True,17908eb4158363a10622c2f3021380ffb36f76a4795665c2cad752dd3fae00cc,8.646647135416667e-05,-3.3212937607448927,ACCEPTED
S1C_W0.790_r05,5f567d3452a5f5907b533d717fb68d8a48654603ecb1cdc8929a4f4796fd497f,10737365616079812786,17714141268111472187,0.79,5,128,7,393216,4,a1ce71d81cdd6eca644d22a8604196b9db7146de64147bf25e50b36992b7d23f,0.7446027483258928,1.143027009215584,1.139940805175839,0.0027000272214588,True,True,0.1032892862955729,0.969538646632332,0.9700544045534376,0.7098435060436475,0.7102029552590249,0.0573839460100446,0.0576099214099702,0.0015545799618675,0.0002808497949615,0.0027367728097098,0.0007275547904696,0.0013692946661086,0.0007281512368285,1.7954742052259325,1.7961640929423746,0.0006898877164422,1.8525496351473825,1.8529739936785763,0.000424358531194,1.9122312629725289,1.912479122009896,0.0002478590373669,1.9591332956339995,1.959206984063156,7.368842915611573e-05,1.984213040545608,1.9842379721912948,2.4931645687065185e-05,1.9921629924533748,1.992204589060577,4.1596607202265545e-05,True,8aa9cd75025d5a53b2d389b9e67e85633a85a90ec13efa0f3635134b34ebdcec,0.0001017252604166,-3.006626466242401,ACCEPTED
S1C_W0.790_r06,a8c3a0d454aba858f64f629adb7a243247d0ac7caf743299a93c6eef1f3bafc8,18392522625926627476,17181666016768037737,0.79,6,128,7,393216,4,da456df44aa88c060fb418016bf0c62dd598b8c563b0a3e458d8c52ca0693bed,0.7437874930245536,1.139614204762676,1.1426087605380664,0.0026276925672525,True,True,0.1892445882161458,0.9695539526599292,0.9694324396083184,0.7089325967433254,0.7086519410922049,0.0578656877790178,0.0577123732793898,0.0007705688476562,0.0001366109785166,0.0005009969075521,0.0001328506690657,0.0015044439406622,0.0006766829595773,1.795386889407136,1.7957025177191988,0.0003156283120626,1.852573692648792,1.8527335067949264,0.000159814146134,1.912301214042436,1.912298775791196,-2.4382512400222822e-06,1.9591404561159376,1.9591199513702016,-2.0504745736005248e-05,1.984241539256223,1.984193101163752,-4.843809247079278e-05,1.992215832891196,1.992176582822742,-3.925006845406642e-05,True,a96e8b992a7fd9f9a8bd6519d7efad265075dd7a965d0619509157f3bf654eeb,0.000104268391927,-3.2588707932181302,ACCEPTED
S1C_W0.790_r07,1f6c6e81bf97e9a06372da328961a524dc6bdb93f9f10e35576ca4894a7fe933,10075112737880425626,882632597237696698,0.79,7,128,7,393216,4,d675e95a5b2b428ca41a78b4bd9f623478b59f7ef80709be42525b87b37abc62,0.7445260910760789,1.136596598375303,1.136362664741628,0.000205819403304,True,True,0.1592483520507812,0.969531520039456,0.969477774404206,0.7093292045992863,0.7093395584254726,0.0577883039202008,0.057951427641369,0.0013267880394345,0.0001391851299108,0.001080104282924,0.0001534428811854,0.0006724766322545,0.0002683561635412,1.7954298068901684,1.7951855388002005,-0.0002442680899679,1.8527254591353368,1.8523669173575137,-0.0003585417778229,1.9123252148616152,1.9121336396073196,-0.0001915752542958,1.9591467638273772,1.959104445519945,-4.231830743273157e-05,1.9842025417829547,1.984191460124147,-1.1081658807698958e-05,1.992182507585928,1.9921962907418784,1.3783155950353176e-05,True,7827190d7edc34b09e2128bda9e21e4a49f17d009e2f062089139d1466682a1a,9.409586588541668e-05,-3.228504403762773,ACCEPTED
S1C_W0.790_r08,89e89a971d9be003487d8a1c3ec05eeb8eba90173b9c2e1dce7ce69d51a02789,4045559426312456630,9351229326151978282,0.79,8,128,7,393216,4,ffdc791a14eb59a85612abc55a894e40fdc92dac3e949eb7e264acda81d08b2a,0.7443647838774181,1.1421597286651783,1.1249697031797137,0.0150504566515879,True,True,0.1948496500651041,0.9695871759586858,0.9694206561214944,0.7093582058741812,0.7085362204077592,0.0573428926013764,0.0578518822079613,0.0007760184151785,0.0001196518069249,0.0014546712239583,0.0002971246260145,0.0007048107328869,0.0006819519828059,1.7955704211356776,1.795445018168229,-0.0001254029674482,1.8527261843362133,1.8526142806814383,-0.0001119036547749,1.9123391298742776,1.9122691302246368,-6.999964964116145e-05,1.9591661102202724,1.959147420242361,-1.8689977910879563e-05,1.984175553092379,1.984188534028013,1.2980935633954973e-05,1.992165651529767,1.992172599427128,6.947897360776167e-06,True,c11bab084cf180c8ff2a295b0ec58d1037648f3ad0338f439a31f0c11e6cb75a,9.663899739583332e-05,-3.3045472145606545,ACCEPTED
S1C_W0.790_r09,4b6e8890e5aed1442a53a6e9fb0947cb3f59a59756c1870ab4dd7cf552352a08,11877919894818629711,2014691400867905938,0.79,9,128,7,393216,4,4b4c888839414c8f8147bcc8db9448135116c950cf2140428f82d36bcbb21b53,0.7434837704613095,1.1442641887659128,1.1552359029354244,0.0095884449388777,True,True,0.1401392618815104,0.969529716713702,0.9695075520601844,0.709564524838483,0.7106596910529622,0.0574707757859003,0.0576091948009672,0.0005881899879092,0.0001770626391883,0.0027632940383184,0.0007054144078172,0.0025325956798735,0.0011113527448311,1.7953786177453122,1.7952998318759377,-7.878586937448695e-05,1.8525647921570607,1.85262099122792,5.619907085896436e-05,1.9122105392741495,1.91226564931135,5.511003720037877e-05,1.9591149931867635,1.959181531097837,6.653791107424922e-05,1.9841815945275536,1.9841859196651384,4.325137584748617e-06,1.9921637111539416,1.992189128730053,2.541757611140838e-05,True,ad14ba02cc3a48eced03523ec228a2c6363879c657017c194d8c07605ecb9de3,0.0001246134440104,-3.050994926697887,ACCEPTED
S1C_W0.790_r10,a289eec9796abce64bf442422081fb8337784597b162220d1d8a83a6a3282661,12590900716292596139,2117280375500507789,0.79,10,128,7,393216,4,f522c676d8d9ea48ff3aa4ddf93857f726db07924943de06c0e14c7872e0bd04,0.7435131981259301,1.1415645549474602,1.1436351004833334,0.001813778753816,True,True,0.188140869140625,0.9696586764051064,0.9699551547128752,0.7100255845855703,0.710094115576587,0.0574373517717633,0.0574249994187128,0.0011382330031622,0.0001614483286394,0.0013932727632068,0.00048654893597,0.000973656063988,0.0003826575479918,1.795440943175353,1.7957966954971525,0.0003557523217991,1.8525678749129089,1.852820005007052,0.0002521300941429,1.9122168727990188,1.9123407146201463,0.0001238418211275,1.9591442748806236,1.9592384827874207,9.420790679781632e-05,1.984201932698048,1.984258295751888,5.636305383949214e-05,1.9921931302572615,1.992189439455566,-3.6908016955994327e-06,True,24e7cde80488f1d3499fb2bf87d9fd56295fa8eb04c2a7485022a4b155361243,9.918212890625e-05,-3.278049719952876,ACCEPTED
S1C_W0.790_r11,ee4508a963f4655416b558f0442081e02a849d7021bb6ff668eec9e61a412cab,1962789095212423922,8331814245213072405,0.79,11,128,7,393216,4,8b1dec5c47d3a2aaf7b8b81c9c1503e14b29dfe5707df34bfa239431d6663637,0.7428970336914062,1.140747171760701,1.126833715888238,0.012196791906999,True,True,0.1876373291015625,0.9695189973496168,0.9685790958461052,0.7095174143130969,0.7091690618941353,0.0572440737769717,0.0575220017206101,0.0020697457449776,0.0006194287693178,0.0018216087704613,0.0006832362053974,0.0012617565336681,0.0007205441443235,1.795219916971709,1.7941954948655654,-0.0010244221061435,1.8525453645051149,1.8520521084569408,-0.0004932560481742,1.912237878796916,1.9119911644940693,-0.0002467143028463,1.959140566247759,1.9590040723009596,-0.0001364939467995,1.984203024981143,1.9841506781314424,-5.2346849700457554e-05,1.9921729086048243,1.992142117971328,-3.079063349664679e-05,True,9f2e9602bb5ea56670a1e8a368effa1eacfa467a4e6a3a0ba6b64c26f077ca5d,0.0001017252604166,-3.2658904320918456,ACCEPTED
S1C_W0.790_r12,b96ed0437984aa833255048e146393c5da35285c4a8467549b61d9810e759cec,14510932720716503721,3241278375788733931,0.79,12,128,7,393216,4,aaeb79020b29f20aeb4be82d8d3ebdee37b12ec58491cef68c01f3e5874dff00,0.7433304559616816,1.1331976129381918,1.1507779142748555,0.0155138884303515,True,True,0.3728179931640625,0.9695656054494964,0.9700237387859733,0.7089733656944297,0.7093801857475129,0.0575147356305803,0.0576451619466145,0.0012781052362351,0.0002925281228361,0.0024523053850446,0.0007908104638145,0.0013071695963541,0.0007184846003309,1.7954999264840965,1.7961496215801596,0.000649695096063,1.8526307394779544,1.8529060803156243,0.0002753408376698,1.9122936893522349,1.912365225180076,7.153582784136248e-05,1.9591403658435425,1.9592654047287683,0.0001250388852263,1.984165431665179,1.9842589673393387,9.3535674159817e-05,1.9921904503213488,1.9922423599961148,5.190967476598196e-05,True,b20d4b7765fe3f612434bf892d693c07c6abb5810c312fb2d3285aa60e3b2cd3,0.0001169840494791,-3.5033702136925067,ACCEPTED
S1C_W0.790_r13,13f2ebfd2686e87ddccb154edfe45e110ed5970d04363e7b46c404cec7d71966,6160150824468491629,3559034236000207361,0.79,13,128,7,393216,4,f709685dd63773b46268308530ab388ba07ffd6c40df720712e5e351313da503,0.7436610630580357,1.13652936640079,1.1386533227065714,0.0018688089974371,True,True,0.2171961466471354,0.9695353691304566,0.9696645870199694,0.7091403211635012,0.7082341141964579,0.05804443359375,0.0581479753766741,0.0007727486746652,0.0001210952376941,0.0016475859142485,0.0004330412233303,0.0021685645693824,0.0012452189815328,1.7953279760664689,1.7951681332295828,-0.000159842836886,1.852543533469442,1.8523750009645703,-0.0001685325048714,1.912181726718091,1.912059765911985,-0.000121960806106,1.959092521765868,1.959012878599828,-7.964316603992216e-05,1.9842211942190813,1.9841484168883623,-7.277733071919812e-05,1.9921762734243404,1.9921734557294883,-2.817694852108588e-06,True,57d4f9b5a14bd4981a269a0bc4a054c6e0eb334be1c4e23164de79c48806d621,0.000104268391927,-3.318699440302341,ACCEPTED
S1C_W0.790_r14,e8c569af23e050d8a30d08b79ae77a59a4897ab7b85c80ebfc5c7a8f4460905c,10714398994419119567,2123816966686241028,0.79,14,128,7,393216,4,e25fac86c66b314f60bad876de960ad4280c92f9ade1012cb5a5ae1300dc0ab1,0.7437933058965773,1.1423979842207297,1.1318116756069232,0.0092667430790573,True,True,0.108612060546875,0.9695245357461344,0.9698143178856098,0.7101379711957735,0.7094099156418303,0.0572858537946428,0.0572280883789062,0.000761486235119,0.0001333468844519,0.0007640293666294,0.0002110312701822,0.0006078084309895,0.0004581086977284,1.7955054567337962,1.7957405523829637,0.0002350956491674,1.8525450986925172,1.8526435817649185,9.848307240090116e-05,1.9122456121394031,1.9122100900116197,-3.552212778368258e-05,1.9590827648478064,1.9591001913570767,1.742650927050171e-05,1.9842184081247731,1.9842156228302268,-2.7852945465589585e-06,1.9921756640831132,1.9921875978189667,1.193373585328672e-05,True,c9cfcd99d6a68047ad540638fe22c8d2339ac9beb367c91da01ca1379497289f,9.663899739583332e-05,-3.0507256374346605,ACCEPTED
S1C_W0.790_r15,9defb3ea47f84ab5b371ab957ebe07731e6c99cb7b213e2d892ac90946856599,3525784381421185546,9728774493767030428,0.79,15,128,7,393216,4,619e5ee5ac817ec11984ac47ec3b9d9940e8b6295064d4ce3c647b190adf70e2,0.7437555222284227,1.1424657515608443,1.1401146762837795,0.0020578956295648,True,True,0.2302474975585937,0.9695121949523252,0.9695983342753858,0.7100069625944082,0.7093964604571128,0.0572774977911086,0.0575016566685267,0.0009206136067708,0.0002352305061087,0.0025652930850074,0.0008256340866213,0.0009932745070684,0.0005736246578668,1.7953086026556446,1.795558848098502,0.0002502454428574,1.8524181393380144,1.8525902391397444,0.00017209980173,1.912113117440908,1.912261759726332,0.0001486422854242,1.9590438915805533,1.9591199021354089,7.601055485562114e-05,1.9841975740574171,1.9841861353003305,-1.1438757087089968e-05,1.9921673923369172,1.9921598548290247,-7.537507892729778e-06,True,0ec6555e7227fd4a12def2a8e8a69a81679fddfd8a359fb6ba4bc06e0b2e37f1,8.900960286458333e-05,-3.4127580554286685,ACCEPTED
S1C_W0.800_r00,719b675b7b2b31f2c58d9ebe796d55d1b5f44e56bf57d962275c5e7399613e0a,7655837767034734158,934042189007205845,0.8,0,128,7,393216,4,cf2d6905b94b1265f3b2eef93442ec373a0349d762be7b86a5be2a9011044919,0.7468886602492559,1.1058251824874985,1.1053876132218488,0.0003956947920694,True,True,0.5355148315429688,0.969533073841963,0.9681738428219308,0.7034542368911224,0.7048968606252262,0.06022462390718,0.0597403390066964,0.0029315040225074,0.0010420594149512,0.0023400442940848,0.0007978005428887,0.0022219703311012,0.0013439145330063,1.7953001977507477,1.793957196034092,-0.0013430017166558,1.8525710234606405,1.8519232740222664,-0.0006477494383738,1.9122538405680545,1.9118654893952447,-0.0003883511728097,1.9591952667894816,1.9590071738205093,-0.0001880929689723,1.9842261078333856,1.984137159331952,-8.894850143392752e-05,1.9922008770474875,1.9921480192745435,-5.285777294372629e-05,True,9f2876934cfdf071d9b74163cb014d50e428667c6735b674b3f985479e06be46,0.0001017252604166,-3.721342693172317,ACCEPTED
S1C_W0.800_r01,4d3bda900026b2467a23a751d8f5ef90f49935e0e66e4f14b1e3722c20691db7,7138177107724583812,18115717769615187850,0.8,1,128,7,393216,4,a2bacecd2623c3e78f46ede3ede6a2e0d9faace280512093e8a015568ad354b1,0.7459876650855655,1.1029817695862718,1.1015092943756102,0.0013349950572745,True,True,0.2586415608723958,0.9694764513520716,0.9700383655284176,0.7038520701435198,0.7042257566034505,0.0602369762602306,0.0606398809523809,0.000701904296875,0.0001402598833025,0.0016257876441592,0.0005309436468073,0.0015640258789062,0.0008291577358218,1.7954575853707826,1.7956506347345005,0.0001930493637176,1.8526844703182217,1.8525733028763427,-0.000111167441879,1.9122574471169476,1.912196780715829,-6.0666401117792645e-05,1.9591383426178468,1.959170502280068,3.215966222103184e-05,1.9841579978002093,1.984188085377298,3.008757708866661e-05,1.99216695363997,1.9921800095149096,1.3055874939604806e-05,True,120f58096c7d384d923c81c49ef87d3bbb93a874c7950afc41eb8efbe67e1361,0.0001144409179687,-3.3541169797611987,ACCEPTED
S1C_W0.800_r02,61ae7bf1a97614ead2454371fd56b8563dc458a630ea13534ac244e89c592f6e,7301254539265411036,1717762875529522896,0.8,2,128,7,393216,4,64fc180edc78ab1612ee9a3c9e007065dd9950fe743874ef228a3b50c58e56c8,0.7459179106212798,1.101233557260603,1.1077368047485088,0.0059054207393419,True,True,0.3059844970703125,0.9695292166343736,0.9703591703137204,0.7035570575974501,0.7044337307156103,0.060392833891369,0.060820079985119,0.0015055338541666,0.0005171270949696,0.0016410464332217,0.0006529477725387,0.0032254173642113,0.0012894993229219,1.7955124780724183,1.7958383846456638,0.0003259065732454,1.8526110654590675,1.8528274427599607,0.0002163773008938,1.9122263926160987,1.9122976801810272,7.128756492846833e-05,1.959225045002168,1.9592054392422813,-1.9605759886687224e-05,1.9842358313727064,1.9842352214045076,-6.099681988391836e-07,1.9922067031095771,1.992208967494347,2.264384769690153e-06,True,96e37724bdb0bfb3ff933da9783f3a3079348ce82d79453bad951b623aa5315b,0.0001093546549479,-3.4468621486172584,ACCEPTED
S1C_W0.800_r03,f42a27e994c7a0a761d35ca1512022340aac932531be385fb4221ef954ccd34d,10833399783473843663,9514140423465135883,0.8,3,128,7,393216,4,985e3178722d436c8b6e496bb6cfb7baa73c644e28ced4c8ead3e9e2ebdba740,0.7470245361328125,1.1079516830195804,1.0930553621542345,0.0134449192087041,True,True,0.1664861043294271,0.969518377860723,0.9690103783630444,0.7044287579503523,0.7036068363307232,0.0604204450334821,0.0606747581845238,0.0014056251162574,0.0001943860858076,0.0015916370210193,0.0003558916911565,0.0007069905598958,0.0007760088887576,1.795391575483997,1.794737655398034,-0.0006539200859632,1.8524863390220736,1.8521963165567543,-0.000290022465319,1.91217646479238,1.912121762515084,-5.470227729653665e-05,1.95906922388308,1.9590876962568973,1.847237381702449e-05,1.9841409206011036,1.9841822027517468,4.128215064347352e-05,1.992151592569628,1.992176462394554,2.486982492655443e-05,True,dd1311d80c4976ae4aa891fd0b04621ee9599a12d7695e59c41adf3bac272571,0.0001068115234375,-3.192759881815797,ACCEPTED
S1C_W0.800_r04,17aa185709e12c3b0f224037b0a082b9f764ad9675c2115a532cd25ed78b86a1,17089777873478898221,16951094302730524563,0.8,4,128,7,393216,4,a8049cd9cc5e090c6604ad9e3c6c8b3b389ce65a8662a1dc32e64d4fec98f286,0.7480094546363467,1.0969548770886783,1.0843698180729593,0.0114727226056187,True,True,0.4219258626302083,0.9694589612037884,0.968179763100024,0.702739655820659,0.702690685016036,0.0609185355050223,0.0608683994838169,0.0026804606119791,0.0008121022622054,0.0039527529761905,0.0012770521264672,0.001434326171875,0.0009528244045053,1.795558180970934,1.7941885457614124,-0.0013696352095216,1.8526540599308063,1.8518913943238784,-0.0007626656069281,1.912246143395147,1.911885529654604,-0.0003606137405434,1.959174107051144,1.9589933758358629,-0.0001807312152812,1.984235282311007,1.9841634650005733,-7.181731043370831e-05,1.9921876650500776,1.992161491563628,-2.6173486449732053e-05,True,fa44f4a8e00ccc2e48c135bcc0db743631970b72cb0d92bfd812c86c9add0d58,8.646647135416667e-05,-3.6883884109476752,ACCEPTED
S1C_W0.800_r05,e3a3663d18b8500f1309e3e5e8894c5dc8fce4261e16416212f374c67ff6c246,10737365616079812786,17714141268111472187,0.8,5,128,7,393216,4,13c52c8a8e106b19507939fd01894984107318cd2526936408cbca6c22c691e9,0.7475506010509673,1.1059483220338198,1.1024849154947551,0.0031316169752809,True,True,0.4528096516927083,0.9695360781439136,0.9700589936530576,0.7042847258988163,0.7045858560395977,0.0602100917271205,0.0605501447405133,0.0015567597888764,0.0002819211515874,0.0027371361142112,0.000693512244791,0.0014125279017856,0.000771087537615,1.7954691080944996,1.7961912427464783,0.0007221346519787,1.8525604732865577,1.852983853822256,0.0004233805356981,1.9122421200448405,1.912481497693575,0.0002393776487346,1.9591293457314147,1.959198602693512,6.92569620970307e-05,1.9842102306933924,1.9842310752189671,2.0844525574714723e-05,1.992164496709447,1.9922006400418295,3.614333238277645e-05,True,06c6d2f01f25263b363af6e78d19ac9cc8ae1ed9db382afaa6e5e79578037da2,0.0001017252604166,-3.6484868649978703,ACCEPTED
S1C_W0.800_r06,b75a4457b2796a47ac87856871becf6302e1b4557303163b3efa243de25680e0,18392522625926627476,17181666016768037737,0.8,6,128,7,393216,4,497a0c535f076ef68a9b2d931fcc294850f82dbfd6b819a917b0a3eab12dc2ca,0.7466561453683036,1.1019339250474376,1.103857571060594,0.0017456999638826,True,True,0.3640289306640625,0.9695563997286232,0.9694369494326716,0.7033011597936027,0.7029767857557436,0.0607459658668154,0.0606471470424107,0.0007360549200148,0.0001386442342872,0.0005184355236235,0.0001327644186394,0.0015019008091518,0.0006290276920114,1.7953632284144587,1.7957038562573333,0.0003406278428745,1.8525648751475752,1.852712678799293,0.0001478036517177,1.9122973629256717,1.9122939554927163,-3.407432955127021e-06,1.9591404179546288,1.9591182031843264,-2.2214770302397824e-05,1.984241211445254,1.98419796231604,-4.324912921371826e-05,1.9922156595075031,1.992178545878799,-3.711362870406632e-05,True,73d8947b29ee8062de8ce7165a737779449d02f6cd2168f9e5f85d2eb28c473e,0.0001068115234375,-3.532517790545524,ACCEPTED
S1C_W0.800_r07,ca2622555d2ac6788f1c9249d64fef19af991da95c250fab25fa940f79a579d8,10075112737880425626,882632597237696698,0.8,7,128,7,393216,4,0317fa58f2b669eee45ca2bc97fb56f976e492d9939766764bfbf88fb34dc90e,0.7474147251674107,1.0995312577590388,1.099176688477229,0.0003224731259869,True,True,0.32666015625,0.9695384177178276,0.9694713249155744,0.7037566351717554,0.7036990874278849,0.0606852940150669,0.0608197166806175,0.0010902768089657,0.0001268860307635,0.0009318760463169,0.0001374528421706,0.0006830124627976,0.0002799011282949,1.7953942699549297,1.7952549062254084,-0.000139363729521,1.852680593053398,1.8523866100332331,-0.0002939830201647,1.912303112781021,1.9121379722112648,-0.0001651405697562,1.9591353318837252,1.9591093344194963,-2.59974642289329e-05,1.98419737675802,1.98419775630942,3.79551399865008e-07,1.992182036664604,1.992199460198273,1.7423533669180813e-05,True,b965286fd9b80ce08479e854bc7d771999527d54d2446f7ffc7a335674b98514,9.663899739583332e-05,-3.5289437498545624,ACCEPTED
S1C_W0.800_r08,335e4f7b04354b36a04a40c34df5a45b26933532dec6bd213302db654731ca34,4045559426312456630,9351229326151978282,0.8,8,128,7,393216,4,7ebc2c0f29546ee6a384974c774a9063b4361cb3ebce9082b8f44384973a2dff,0.7473424275716145,1.104713332747023,1.0870666480225646,0.0159739945208931,True,True,0.6989288330078125,0.969585189498986,0.969429784168164,0.7037560948092934,0.702797447675089,0.0602456955682663,0.0608030046735491,0.0007742018926711,0.0001111840373433,0.0014484950474329,0.0002962765340723,0.0007694789341518,0.0007523770982475,1.7955704211356776,1.7954838436942653,-8.65774414122722e-05,1.852736660369488,1.8526189913406128,-0.0001176690288751,1.9123400697291204,1.912266826965344,-7.324276377640437e-05,1.9591692825249023,1.959149381964378,-1.9900560524366284e-05,1.9841824702082635,1.9841924384439011,9.968235637813905e-06,1.992168204812177,1.9921763818158973,8.177003720355458e-06,True,d27ad249ccfad107de59b3fb9412aa89e28876c999d407f15cbabb23153358a8,0.0001169840494791,-3.776306306179476,ACCEPTED
S1C_W0.800_r09,8baf8db55f4c3acfecfe05496dddf48dacac196b7bf164974b1d996297cb6c84,11877919894818629711,2014691400867905938,0.8,9,128,7,393216,4,4f6aeb2b97bde680cf00a007d24793065d17d7b1904b6c54392e067ec38f0111,0.7463644118536086,1.1066105158233404,1.1172792842628372,0.0096409425782105,True,True,0.261975606282552,0.9695246742832848,0.96950345765398,0.703947613579335,0.7050727955158939,0.0603957403273809,0.0604974655877976,0.0005965459914434,0.0001674810390964,0.0026884533110119,0.0006867885980018,0.0024617513020833,0.0011125054780012,1.7954075664052047,1.7952570653146624,-0.0001505010905422,1.8525944975700783,1.8525923140071523,-2.18356292602806e-06,1.9122132737351047,1.912251806650119,3.853291501387801e-05,1.9591124612216413,1.95917508481634,6.262359469855205e-05,1.9841855236248875,1.9841841314502384,-1.392174648673361e-06,1.992168724701876,1.9921880783348669,1.935363299110371e-05,True,4b81cd24c66bce5f3df42f0daaf76c20d90c3b78c8ebdc03026381da236c0ebf,0.0001246134440104,-3.32269595508447,ACCEPTED
S1C_W0.800_r10,aa470db227c164cc2e8419853b05848fd8553918247e237cb1160969656d49c5,12590900716292596139,2117280375500507789,0.8,10,128,7,393216,4,2538ea0ac02d517cbc4a52256396e1aede00c19a182553c3dc3be0bc7243d6c8,0.7463822137741816,1.1039150394587196,1.1054994013642745,0.0014352208720079,True,True,0.451520284016927,0.969659694562558,0.9699584649831372,0.7044055520818497,0.704491314952539,0.0603517804827008,0.0603063674200148,0.0010619390578497,0.0001583815890436,0.0013834635416666,0.0004589564264578,0.0009678431919643,0.0003580937198813,1.7954295718325526,1.7957742096039409,0.0003446377713882,1.8525743205858851,1.85281591740244,0.0002415968165545,1.9122277591636767,1.9123265333973676,9.8774233690202e-05,1.959149728274333,1.9592350660419255,8.533776759245271e-05,1.984202029474196,1.984254713355707,5.268388151091763e-05,1.9921950704436573,1.9921869870529063,-8.083390751201236e-06,True,695fb81b495f59a9d8d9718d41cf71609dab1f8d1776fd59c359c7f051713164,0.0001017252604166,-3.64724845493521,ACCEPTED
S1C_W0.800_r11,163088283be86a4b4f1d31791f1ceb647c7b8afdda02ae68360d5d2171ae6d6d,1962789095212423922,8331814245213072405,0.8,11,128,7,393216,4,006a729df111b9d6efc3eb8302ebbf3e234e9c6bc5264db3a6678116ce52a7d6,0.7457751319521949,1.103089177105281,1.0899730436499695,0.0118903654641332,True,True,0.9890416463216146,0.9695251555655952,0.968569737276757,0.7038775719997034,0.7035097464602462,0.0601781209309895,0.0604062761579241,0.0020323253813244,0.0006012310148386,0.0017271496000743,0.0006547138008248,0.0012973603748139,0.0007267315153379,1.7952048118379904,1.7942444072434336,-0.0009604045945568,1.852545446117339,1.8520737722161305,-0.0004716739012085,1.912232506485452,1.912001915856199,-0.000230590629253,1.959134558050772,1.9590048626892709,-0.0001296953615008,1.9842015582199024,1.9841511938057024,-5.036441419958848e-05,1.992174099471156,1.9921423558315217,-3.174363963398541e-05,True,a13cd834e30f0c6ef081745b807758046b3a7ac8daf0339eb4945dea11573a57,0.0001017252604166,-3.987785768826476,ACCEPTED
S1C_W0.800_r12,4e6301523bba10b7d40ce030369cb23565cb6538d429b0c2f0584b4a76c08d81,14510932720716503721,3241278375788733931,0.8,12,128,7,393216,4,8a553ec595e82663467929df3bc36ccccb26b33122f0505f1e8b38d886b9b4e9,0.7462572370256697,1.0956462467240913,1.1119966751308707,0.0149230907837873,True,True,0.5618871053059896,0.9695620297880152,0.9700122092580094,0.7033344040673664,0.7037629123089737,0.0604767572312128,0.0605817522321428,0.0012087140764508,0.0002912373521513,0.002532232375372,0.0007878191033104,0.0012682960146949,0.0007317151887231,1.795569413812398,1.7961535775314703,0.0005841637190724,1.8526128297118,1.8529184216323475,0.0003055919205476,1.9122973392868152,1.912380568438512,8.322915169634015e-05,1.9591440341325204,1.9592701053851969,0.0001260712526762,1.9841658311040915,1.984261509411372,9.567830728074432e-05,1.9921897216531528,1.9922445024841804,5.478083102761211e-05,True,f87764bcf8eaae20b7bf51b511f011741d08aab194deb759282def765ab15366,0.0001195271809895,-3.672182388697915,ACCEPTED
S1C_W0.800_r13,e940cac7afad135f65e236cfc77ae147180e558ab8accbb1b5ef32ac322c317b,6160150824468491629,3559034236000207361,0.8,13,128,7,393216,4,27280d775708290f60eaf528c1382dcf7d07ada4887dbeabd0b560d7cb6b9d2e,0.7465377081008184,1.098888840541445,1.1010932499905186,0.0020060349761923,True,True,0.9088236490885416,0.9695317708868944,0.9696721259638204,0.7035015593053996,0.7026987762287944,0.060927254813058,0.0610020955403645,0.0009823753720238,0.0001418706429327,0.0015236990792411,0.0004179635665677,0.0021449497767858,0.0011802687178172,1.7953500476421451,1.795182020939219,-0.0001680267029262,1.852560372967467,1.8523456191100496,-0.000214753857417,1.9121866678619024,1.912035489383884,-0.0001511784780188,1.95909331089614,1.9590066561337027,-8.665476243741033e-05,1.984221364178584,1.9841469140719703,-7.445010661388807e-05,1.992177986929032,1.99216914982987,-8.837099161773665e-06,True,4bbcee1abc25612603b87b856013a2541a4d22523af9a91849419c5284e30ed9,0.000104268391927,-3.940326943859464,ACCEPTED
S1C_W0.800_r14,942c58a2986a68f734e2d4730d0375a4dfe12df3496566ecc073fd0fd41cc0a6,10714398994419119567,2123816966686241028,0.8,14,128,7,393216,4,29f1a223a9831d5c7dc69e70d6cedc348eae8bd5d4da28b247eb685c117567df,0.7467698596772694,1.1045706711517616,1.0944097518666511,0.0091989761728103,True,True,0.4386240641276042,0.9695259014063452,0.9698296747796964,0.7045220930340909,0.7037410903165339,0.0602031889415922,0.0601904732840401,0.0007567632765997,0.0001443882205919,0.0007244291759672,0.0002217926046793,0.0006230672200521,0.0004742329067443,1.795480539272594,1.7957541363578988,0.0002735970853049,1.852545140507043,1.8526547467534893,0.0001096062464465,1.912252243978954,1.912199862494632,-5.238148432207268e-05,1.9590829992677643,1.959096069865075,1.3070597310704812e-05,1.9842129009181289,1.9842128863782635,-1.4539865311746782e-08,1.9921750434913053,1.9921840210280863,8.977536780863105e-06,True,df7c63695de16ed0777398ac9a0d70996aff3396536331e33fd787cd4942bd85,9.663899739583332e-05,-3.6569400389804234,ACCEPTED
S1C_W0.800_r15,0280a515025bcc95c41ef7aaa5ae0dd1270c0cd0551b0dd2b0c3245c1135f9ec,3525784381421185546,9728774493767030428,0.8,15,128,7,393216,4,e6914ea9aed2ef34abf5d1ba1428c5c8d2b9e11107ee5fa9e293ff8db43798cc,0.7466517857142857,1.105042502208951,1.1028324545621562,0.0019999661934965,True,True,0.4211502075195312,0.9695165260184482,0.9696131759950274,0.7044325673968266,0.7038252849441664,0.0601712181454613,0.0604011898949032,0.0008552187965029,0.0002335667932328,0.0026186988467262,0.0008214518273684,0.0009623936244419,0.0005793543725925,1.7952708585482928,1.7955409673571876,0.0002701088088947,1.8524194618508452,1.8525750003798012,0.000155538528956,1.912105739129168,1.9122413416522623,0.0001356025230947,1.959041090533392,1.959104724192526,6.363365913419905e-05,1.984198589143805,1.9841805941783095,-1.7994965495260473e-05,1.9921715085535336,1.9921567847745127,-1.472377902089761e-05,True,bf34c968e7b92845ef86a48e12908475530a74681f9c32987ba8c963e14cb70e,8.900960286458333e-05,-3.67500015568098,ACCEPTED
S1C_W0.810_r00,04d17a8bdaa42b5ab786e94b4a7a1ca63d0102a685ceac53952fe8769c9066be,7655837767034734158,934042189007205845,0.81,0,128,7,393216,4,90b003262d6ffbf0ca28efff5402b609f722c75899901ca75301690e33e64bca,0.7497387840634301,1.0692752812693271,1.0668552744302868,0.0022632215309116,True,True,0.9801712036132812,0.969531665583211,0.9681564203261328,0.6978528415089662,0.6991275841197228,0.0631390526181175,0.0627474103655133,0.0029827299572172,0.0010528696755514,0.0023349580310639,0.0007976467569604,0.0021434965587797,0.0013525090306474,1.7953238729197871,1.7939477845986236,-0.0013760883211635,1.8525757611405176,1.8519070832890447,-0.000668677851473,1.912247098826484,1.9118524282772245,-0.0003946705492592,1.959192340178516,1.9590032661516343,-0.0001890740268815,1.984227040441635,1.9841318361497775,-9.520429185716496e-05,1.9921999942627209,1.9921444668585115,-5.552740420933233e-05,True,ba4820ccc2fc95d60c5f817ca756c6e06a8bbef3eaea7194e851274ed285b761,0.0001017252604166,-3.9838731289337743,ACCEPTED
S1C_W0.810_r01,4bcbbc2ff658c9485283bbbcd1fd00120b13c5fb07fa08812029ef846fd99621,7138177107724583812,18115717769615187850,0.81,1,128,7,393216,4,d63b1ef4c6685a523247f5c3caf03bf4531817cd1dd76e3860b1dcf382d45b3c,0.7488345191592262,1.0667980815005391,1.0659623016881374,0.0007834470523476,True,True,0.7990849812825521,0.9694769399817332,0.9700385986780734,0.6981916841766591,0.698624796125304,0.0631346929640997,0.063550313313802,0.0006910051618303,0.0001407219847584,0.0014757428850445,0.0004881663402017,0.0016217912946429,0.0008629235179765,1.795419730901947,1.7956413116872394,0.0002215807852923,1.8526815632565248,1.8525655291953744,-0.000116034061151,1.9122469376094355,1.9122088572923,-3.808031713536941e-05,1.9591394890314893,1.9591782437800127,3.875474852343963e-05,1.984160464490831,1.9841922301225936,3.17656317625481e-05,1.992166539071584,1.9921820832529669,1.5544181383164712e-05,True,173a22cb38c784177d90d7bec3e8f8459e98bf11f86e284f54931a5e58005aec,0.0001195271809895,-3.8251262912961495,ACCEPTED
S1C_W0.810_r02,de1cc6f702c1294287f51882fafb282311ecce9be66ce86769a743006dacf365,7301254539265411036,1717762875529522896,0.81,2,128,7,393216,4,51cfe2ad6a87f2aebd3c14ebb7d8d8ab40569b9ab47d9bd424655a2c559700c0,0.748841058640253,1.0653239848231912,1.0714185845789954,0.0057208885208903,True,True,0.9857457478841146,0.9695277112584156,0.9703531009825992,0.6979445480265692,0.6988544302949965,0.0633385067894345,0.0637501307896205,0.0015091668991815,0.0005164861221407,0.0015480404808407,0.0006289707391871,0.0032290504092261,0.0012936290057984,1.7955276972461074,1.7958635247461168,0.0003358275000093,1.852625477579276,1.8528294333799264,0.0002039558006503,1.9122305138283489,1.9123123281946743,8.181436632570538e-05,1.9592335424014136,1.959215958183282,-1.7584218131583285e-05,1.98423575816921,1.9842382501206957,2.4919514853838365e-06,1.9922060384185631,1.992207006974999,9.685564359429577e-07,True,96fdbe45867646694db6a831b67bcbcdfefca8e64e592ec1e1efdac10a9a2058,0.0001093546549479,-3.9549276378030473,ACCEPTED
S1C_W0.810_r03,e8ffe1cae5cf5103a84c9bf022a0c7ab824c1235c2cb6b542808a77872cbdceb,10833399783473843663,9514140423465135883,0.81,3,128,7,393216,4,3cff2d338c76bdc6184f3057b54c8bbccc6bb270eb01c1eade2b325be763aa37,0.7498092651367188,1.0710561198387234,1.057443623990661,0.0127094141902779,True,True,0.8165232340494791,0.969508269292536,0.9690178559652493,0.6987908138126118,0.6980565369887785,0.0634329659598214,0.0635848272414434,0.0014899117606026,0.00019915889037,0.001417977469308,0.0003457534659379,0.0006688435872396,0.0007013289945945,1.795445346831232,1.794735343378373,-0.0007100034528588,1.8524960075084809,1.8521929012866851,-0.0003031062217955,1.91218537338702,1.9121204266709264,-6.494671609358349e-05,1.9590759357686256,1.959091504976484,1.55692078582792e-05,1.9841388349345517,1.9841897863630824,5.095142853117629e-05,1.9921524891783853,1.9921813090479492,2.881986956393412e-05,True,99a1fec52b179c0013ef8dbf310c2096ecbcdc2d12d297ea5e27fc9ad048890e,0.0001068115234375,-3.8833504376440633,ACCEPTED
S1C_W0.810_r04,3a2e21b182f92e40d46ced8f61f1060129252019d9a7a08d301fdb01b943a2d0,17089777873478898221,16951094302730524563,0.81,4,128,7,393216,4,bca54406c9e76cf95daa1a857372cdea790412d3255eda6bdd4c722c0d7be162,0.7508911859421503,1.0607973161219055,1.0488184894815928,0.0112922859610026,True,True,0.9863179524739584,0.9694598602421254,0.9681663622659388,0.6971113009365327,0.6969988422276256,0.0638674781436011,0.0638169788178943,0.0025663829985119,0.0008000385460839,0.0038648332868304,0.0012429328712282,0.0013634817940848,0.0009209286248117,1.795525679802951,1.7942101328827609,-0.0013155469201904,1.852644558299667,1.8519174815444868,-0.0007270767551799,1.9122638831200045,1.9118849757940688,-0.0003789073259357,1.959180246586511,1.958990004374057,-0.0001902422124535,1.9842427141935624,1.9841647763163603,-7.793787720200562e-05,1.9921882269211872,1.992164946941399,-2.327997978834873e-05,True,e128676a9b71e3f287c49f7c8152ec0a28a2c526c00dc9b3049a672dcbde32aa,8.646647135416667e-05,-4.057169201975065,ACCEPTED
S1C_W0.810_r05,d4e32e1e06ea1e2e070b52ed781a3560010fb4ea3546a152b8e0ff8812f0e6f7,10737365616079812786,17714141268111472187,0.81,5,128,7,393216,4,97ebfa306c69d35e36d8f020eb5d4576233d8bd67a6c05818141bb035dc6bd51,0.7504290626162574,1.0696855713865752,1.0656325759011027,0.0037889596661743,True,True,0.9802042643229166,0.9695320278303734,0.9700652684723132,0.6986621759553374,0.6988763048005361,0.0631797427222842,0.0635118030366443,0.0014761061895461,0.000280166376765,0.0028058006649925,0.0006746387173366,0.0012999035063243,0.0007580633421631,1.7954707604580806,1.7961945575057152,0.0007237970476345,1.852578288337322,1.8529826015485655,0.0004043132112436,1.912243109256196,1.912492328222392,0.0002492189661964,1.959127174535392,1.9592092928865183,8.211835112637011e-05,1.9842131314136884,1.98423431062341,2.1179209721555736e-05,1.9921655975904955,1.9921995451459464,3.394755545094164e-05,True,2bd3436970394690979d03d092925258d8ca6429b372bb071796f617944b831b,0.0001017252604166,-3.98388777723355,ACCEPTED
S1C_W0.810_r06,855e51a2f4308151d41d8c0ecf454ceb8636224724c373869ab239bc83074106,18392522625926627476,17181666016768037737,0.81,6,128,7,393216,4,a1c8de60f0cf135a9fcf9049dad5c0803ecb287f9ebe236e5dc853891b336b8d,0.7495160784040178,1.0654445889338344,1.0671479297521111,0.0015987136599766,True,True,0.5176773071289062,0.9695598045971964,0.9694390462654529,0.6976703069433966,0.697312314769805,0.0637076241629464,0.0636229742140997,0.0007774716331845,0.0001410270331569,0.000520978655134,0.0001244349097412,0.0014822823660714,0.0006271975087831,1.7953631487923811,1.7957167709997277,0.0003536222073463,1.8525587873843608,1.8527141714789832,0.0001553840946224,1.9122873658207435,1.9122980941368275,1.072831608417424e-05,1.9591360248404357,1.9591198759421324,-1.614889830281463e-05,1.984238660942805,1.9841998336267528,-3.88273160518704e-05,1.99221833758276,1.9921783631815773,-3.997440118230777e-05,True,a9d1620459236b48049b9f87be162c3822915db3c4d77b3de3c3204e6f50b5a2,0.0001068115234375,-3.6854410183019386,ACCEPTED
S1C_W0.810_r07,0b732a69cd77e165c2a2937193fa572618581d4625bef42d2149d676ffba2bd2,10075112737880425626,882632597237696698,0.81,7,128,7,393216,4,6ebf4f5cc97b1e4711df45251484a09be8f88f8662f37f3e4d9a676e0650b513,0.7502492268880209,1.0633416342603752,1.0625371069547018,0.0007566028449859,True,True,0.4445648193359375,0.9695417315549928,0.9694668387967832,0.6981524212110358,0.6980728294839375,0.0636462257021949,0.0637813749767485,0.0010928199404762,0.0001210483270487,0.0009224301292782,0.000131321455344,0.0006575811476934,0.0002891230159333,1.7953935332226303,1.795248400990589,-0.0001451322320413,1.8526755906384051,1.8523789760623572,-0.0002966145760479,1.9122996324137256,1.91214411940882,-0.0001555130049055,1.959130370649165,1.9591111515847797,-1.921906438551169e-05,1.9841938206074892,1.984194734569054,9.1396156465251e-07,1.9921805735386284,1.992199051916938,1.847837830948329e-05,True,86eac5cfd470fdc3978de557ac3952201e23cff98c5e313cfeeb80e78e5343b0,9.409586588541668e-05,-3.6743645487428176,ACCEPTED
S1C_W0.810_r08,7186734c1255812988126c0a93879f3b5396f0a0c77387268887f2595a6ea141,4045559426312456630,9351229326151978282,0.81,8,128,7,393216,4,871f655092be0a972f807c52623581c9681577e4092e2aedc2ebc7e47fa6469e,0.7500995454334077,1.0677704442014164,1.0501932099283549,0.0164616227846684,True,True,0.6993560791015625,0.969575106346462,0.9694407398987552,0.6981205669100063,0.6969836061383996,0.0631870088123139,0.0638674781436011,0.0008392333984375,0.0001032708040354,0.001234145391555,0.0002529232512631,0.0007999965122768,0.0008842358302436,1.795601508040651,1.7955139972823526,-8.751075829849242e-05,1.852766590626189,1.852630956938695,-0.000135633687494,1.9123640725360649,1.9122699558977103,-9.41166383543468e-05,1.959175374643651,1.9591600916613257,-1.5282982325448558e-05,1.9841874976278264,1.9841923583868115,4.860758984648328e-06,1.992172686805589,1.992176019681104,3.3328755153494427e-06,True,6909f81d470e7ebcfce4202776c20188edd9c5bfdff423d39cae1bb596c15ead,0.0001093546549479,-3.805861079733868,ACCEPTED
S1C_W0.810_r09,ae68a56ad596f403f18d7708229b64ab2b860cdb82fd4f800356d92b2700e6ce,11877919894818629711,2014691400867905938,0.81,9,128,7,393216,4,a5fadcfcff8fdd3f545abab651360be37dd926e4409cede588a177c22d61c97d,0.7492337908063615,1.0700314032500993,1.0803584072759147,0.009651122382435,True,True,0.3490015665690104,0.969529032944796,0.9694982598775722,0.698293577549397,0.6994656993659477,0.0633697509765625,0.0634493146623883,0.0006074451264881,0.0001663132105329,0.0025692894345238,0.0006801122767102,0.0025318690708705,0.0011479698379115,1.795380504991328,1.795197448130185,-0.0001830568611433,1.8525753793744464,1.852560450087025,-1.4929287421194816e-05,1.912204835377606,1.912241180767516,3.634538990993086e-05,1.9591146399650887,1.9591723936934675,5.775372837879544e-05,1.9841869264104397,1.9841750521432384,-1.1874267201283928e-05,1.992167803569221,1.9921857521240944,1.7948554873470357e-05,True,babab48882d36dffedea699755415eab460b16fb0a8c52909998dd87739e2461,0.0001246134440104,-3.4472624773670915,ACCEPTED
S1C_W0.810_r10,76f0c452a740687d5a751e6cd611a1194a0599d5320852f13f510b9872926139,12590900716292596139,2117280375500507789,0.81,10,128,7,393216,4,f2cf60e98a3bb547998075c478da81c104abadfecfa0410ec6de8622c32744e9,0.7492050897507441,1.0676648620067557,1.0687455844728715,0.0010122300588641,True,True,0.8611729939778646,0.9696493058729307,0.9699596073334394,0.6988109869143015,0.6988035345404834,0.0632807413736979,0.0633207048688616,0.000914800734747,0.0001486459572297,0.0013674781436011,0.0004303049152309,0.0008875528971353,0.0003821339378714,1.795453183073044,1.7957694406816145,0.0003162576085702,1.8526264131789631,1.8528243629071963,0.0001979497282333,1.9122380751740469,1.9123346589383647,9.65837643178702e-05,1.9591411093841,1.9592366999733948,9.559058929498045e-05,1.9841997504734967,1.984248541878154,4.879140465718912e-05,1.9921945997234711,1.9921850503415328,-9.54938193853394e-06,True,3e893a4d70f482837ea14df1ec3787f8e3278126622c6ec33125e63ef34c9f37,0.0001017252604166,-3.927661591752461,ACCEPTED
S1C_W0.810_r11,a15dc61e072870ed53c08c107765c1ab2816acf72ec4e9f39b44745b7e3360c7,1962789095212423922,8331814245213072405,0.81,11,128,7,393216,4,5bd1abffcc2c8c8535d03e022289fcc1387aa1ac3889bd1d72e99e3da359cfca,0.7485631306966145,1.0670771191605777,1.0534807154584644,0.0127417254647995,True,True,0.989293416341146,0.9695215274039322,0.9685635898702551,0.6982774217054702,0.6977768793200846,0.0631114414760044,0.0634256998697916,0.0019916352771577,0.0005947152704279,0.0016817365373884,0.000645271826131,0.0013384137834821,0.0008004490320128,1.7951916649098,1.7942399113284728,-0.0009517535813272,1.8525462969308109,1.85207956346254,-0.000466733468271,1.91223736671808,1.912006875740413,-0.0002304909776666,1.9591460221788903,1.9590038536051435,-0.0001421685737472,1.9842112770579707,1.9841532823073789,-5.799475059187209e-05,1.9921809091854576,1.9921442635492683,-3.664563618932526e-05,True,8afdabd3d95a5b6909907e0d7328f458bd8ef82bdf9ebff9b5c2b52c4c73f7c6,9.663899739583332e-05,-4.010172703286779,ACCEPTED
S1C_W0.810_r12,ec92a192a2c485c9bf62ea7b0128190a4a00d0f2601215a36a66505fcd204d5e,14510932720716503721,3241278375788733931,0.81,12,128,7,393216,4,2e71e8835431e38c3237cdf839414b51d3e3508d2a6e2162c7013dbbe3825dba,0.7491226196289062,1.0600951418765767,1.0749461735891377,0.0140091498639183,True,True,0.9859848022460938,0.9695605681199456,0.970015846127856,0.6977726866606547,0.6981113154062218,0.063353765578497,0.0635350545247395,0.0012232462565104,0.0002835149707439,0.0024824596586681,0.0007663780619934,0.0012025378999256,0.000721407314156,1.7955453730204154,1.796134926517625,0.0005895534972095,1.852609697391768,1.8528984989713757,0.0002888015796078,1.912304085502115,1.9123690188214355,6.493331932033719e-05,1.959146145566321,1.9592616392736035,0.0001154937072822,1.984168561687222,1.984255312057881,8.675037065897229e-05,1.9921906716423876,1.992241934710281,5.1263067894158354e-05,True,81ff67cc6ac9e672bbfdedb113032fd04b9dcca0ad30cef3ec16507f9af06b43,0.0001195271809895,-3.916403543944351,ACCEPTED
S1C_W0.810_r13,26b62ec884ad7ced32fb1cc3efcd18892d9fe73db512cd43d4bc262e78353808,6160150824468491629,3559034236000207361,0.81,13,128,7,393216,4,fca87ed7981934b27833811c1899612f0f666226b89b6b151cd1f9d27a502575,0.7493522280738467,1.062131547820809,1.0644540749493032,0.0021866661745047,True,True,0.9571762084960938,0.969538835409364,0.9696808400500474,0.697828041771177,0.6970788758402048,0.0639375959123883,0.0639844621930803,0.0010306948707217,0.0001516433501857,0.0014735630580357,0.0004298668090309,0.002090090797061,0.0011744607129033,1.7953413282250874,1.7951237725746725,-0.0002175556504149,1.8525661484434173,1.8523328337778584,-0.000233314665559,1.9121749574949507,1.9120252088081449,-0.000149748686806,1.959088630228772,1.958999156374767,-8.947385400470687e-05,1.984223101907053,1.984148516443208,-7.45854638453114e-05,1.992180196607698,1.9921717680061488,-8.428601549148595e-06,True,6d8db4c3b27aec0f004e9ac3fac2d1d9d576ccac1887f0dc6e1d5aa1bc4579a1,0.000104268391927,-3.962839219570343,ACCEPTED
S1C_W0.810_r14,67568e847e40756b7c9c1a986057e308d30f1a039bc73f88b783fe78e083477f,10714398994419119567,2123816966686241028,0.81,14,128,7,393216,4,2c495d727c17cc233cb9659439e9ba386c5d5e478d426b5d9ea25b5ba6fcd890,0.7496672130766369,1.0685281107613855,1.059249457835679,0.0086835833631882,True,True,0.8970387776692709,0.9695221833893548,0.969842376690632,0.6989358377331071,0.6981037705310282,0.0630943661644345,0.0631655738467261,0.0008101690383184,0.0001528688668413,0.000732421875,0.000249107440181,0.0006775628952753,0.0004953300722076,1.795483278349186,1.7957749660824651,0.0002916877332794,1.8525371878136467,1.8526787964767768,0.00014160866313,1.9122550664152835,1.9122213499009333,-3.371651435024603e-05,1.9590895545654547,1.959103105479806,1.3550914351290189e-05,1.984214199184462,1.9842185717683003,4.372583838563315e-06,1.9921764511033648,1.9921806876105124,4.236507147536983e-06,True,f692d4c16ccfa6cfe74b5cee52f09e4daf6db6ca27c391fbe02aecc2d5e0164c,9.663899739583332e-05,-3.967658801753216,ACCEPTED
S1C_W0.810_r15,909c4923d91ec60233627f492571756523ed432b35015264956202a9e57c1526,3525784381421185546,9728774493767030428,0.81,15,128,7,393216,4,4ee85af0083cec8170b46ad4db47e4492bb52668d27580534ad43b69a9274575,0.7494793846493676,1.0694373995812008,1.0666154852919574,0.0026386904837519,True,True,0.4683278401692708,0.9695119087745888,0.96961860314512,0.6988151805944822,0.6982203042493589,0.0630732945033482,0.0633265177408854,0.0009097144717262,0.0002310908858522,0.0028206961495535,0.0008436064577956,0.0008900960286458,0.0005761015205167,1.7952908205201914,1.7955376910206018,0.0002468705004103,1.8524288635607888,1.852598507650744,0.000169644089955,1.912106026011452,1.91225377908629,0.0001477530748381,1.9590401207372568,1.9591100097729917,6.988903573423855e-05,1.9841986178558184,1.9841824911353565,-1.6126720462139588e-05,1.9921708685613828,1.9921582671059288,-1.2601455454008814e-05,True,3f83c69742c0591e61b92b612d674afcba81878cf8d186517fea05161e82788e,9.1552734375e-05,-3.708878655815232,ACCEPTED
