W,metric,n,median,Q1,Q3,minimum,maximum
pooled,S_ratio,48,0.00022497423382715,0.0001448881952954,0.00048404092873420004,8.766592064687136e-05,0.0010691103474608
pooled,S1_ratio,48,0.0158063068284838,0.01433261098118305,0.016790442947226925,0.0130081300813008,0.0197811447811447
pooled,S2_ratio,48,0.0094662361815847,0.008136860021226825,0.010615258885493625,0.0042963428691187,0.0132921174652241
pooled,f_int_rec_1_original,48,0.07917261138891755,0.07430690456719097,0.08384509185774666,0.0724081549970337,0.0866180456913734
pooled,f_int_rec_1_reassigned,48,0.0,0.0,0.0,0.0,0.0
pooled,f_int_rec_2_original,48,0.10955247006946564,0.0979964701981422,0.12106863724666703,0.0932065807179754,0.1416742158715641
pooled,f_int_rec_2_reassigned,48,0.0,0.0,0.0,0.0,0.0
pooled,eta_int_1_original,48,0.00116867973990275,0.00099894642185165,0.001380249468806175,0.0007448643562803,0.0049516784482464
pooled,eta_int_2_original,48,0.0220085751334713,0.01769171844310235,0.035316390916695826,0.0081929056884833,0.1052093973442288
pooled,S_int_1_original,48,9.259487098771766e-05,7.81175425093526e-05,0.00010778655280002501,5.4991013310719486e-05,0.0004194448863882
pooled,S_int_1_reassigned,48,0.0,0.0,0.0,0.0,0.0
pooled,S_int_2_original,48,0.0024735299049909497,0.00184117710086905,0.004131903942123425,0.0007646588578777,0.0149054588710634
pooled,S_int_2_reassigned,48,0.0,0.0,0.0,0.0,0.0
pooled,mean_indegree_original,48,7.0,7.0,7.0,7.0,7.0
pooled,mean_indegree_reassigned,48,7.0,7.0,7.0,7.0,7.0
pooled,variance_indegree_original,48,10.471321105957031,10.427104949951172,10.5137570699056,10.280548095703123,10.617050170898438
pooled,variance_indegree_reassigned,48,23.706776936848957,23.273670196533203,24.477684020996094,22.398061116536457,25.804529825846355
pooled,zero_indegree_fraction_original,48,0.00497182210286455,0.004845301310221325,0.0051180521647135,0.004590352376302,0.0053863525390625
pooled,zero_indegree_fraction_reassigned,48,0.022057851155598898,0.02053705851236975,0.022497812906900973,0.0194905598958333,0.0248896280924479
pooled,reciprocal_edge_fraction_original,48,0.01480756487165175,0.0140024820963541,0.01566078549339655,0.0135686965215773,0.0162215459914434
pooled,reciprocal_edge_fraction_reassigned,48,0.00028628394717255,0.00026612054734,0.00033187866210935,0.0001707531156994,0.0004374186197916
pooled,WCC_original,48,1.0,1.0,1.0,1.0,1.0
pooled,WCC_reassigned,48,1.0,1.0,1.0,1.0,1.0
pooled,log10_S_ratio,48,-3.6478676599665403,-3.839682327883128,-3.3151613838669194,-4.057169201975065,-2.970977467083013
pooled,log10_S1_ratio,48,-1.8011778534580971,-1.8436761495075715,-1.7749378541743162,-1.885785128783473,-1.7037485783734383
pooled,log10_S2_ratio,48,-2.023822672683323,-2.0895437478567733,-1.9740713568310477,-2.3669010671072903,-1.876405829425133
pooled,f_int_rec_1_difference,48,-0.07917261138891755,-0.08384509185774666,-0.07430690456719097,-0.0866180456913734,-0.0724081549970337
pooled,f_int_rec_2_difference,48,-0.10955247006946564,-0.12106863724666703,-0.0979964701981422,-0.1416742158715641,-0.0932065807179754
0.79,S_ratio,16,0.0005465546200581,0.000479350771879325,0.00072526476299285,0.0003137832712588,0.0010691103474608
0.79,S1_ratio,16,0.0162545611313673,0.014661758040278425,0.01696122560051775,0.0134059488898198,0.0195201301342008
0.79,S2_ratio,16,0.0098911007396239,0.009369354807650124,0.011135577888676727,0.0081135902636916,0.0132921174652241
0.79,f_int_rec_1_original,16,0.07389853038054085,0.07312290983403061,0.07426408712581513,0.0724081549970337,0.0755871980837048
0.79,f_int_rec_1_reassigned,16,0.0,0.0,0.0,0.0,0.0
0.79,f_int_rec_2_original,16,0.09636230454141814,0.09390307484920485,0.09779874699899639,0.0932065807179754,0.1013170610327008
0.79,f_int_rec_2_reassigned,16,0.0,0.0,0.0,0.0,0.0
0.79,eta_int_1_original,16,0.0011091640273325,0.00093555492886405,0.001284225563649625,0.0007448643562803,0.0016968548991752
0.79,eta_int_2_original,16,0.0166874358632581,0.01509363205258755,0.02149373145501325,0.0081929056884833,0.0344786729857819
0.79,S_int_1_original,16,8.244938752747214e-05,7.017334924375792e-05,9.402725163678747e-05,5.4991013310719486e-05,0.0001243871042392
0.79,S_int_1_reassigned,16,0.0,0.0,0.0,0.0,0.0
0.79,S_int_2_original,16,0.0015878324337358501,0.00143357700668135,0.0020492780099611,0.0007646588578777,0.0033685623994351
0.79,S_int_2_reassigned,16,0.0,0.0,0.0,0.0,0.0
0.79,mean_indegree_original,16,7.0,7.0,7.0,7.0,7.0
0.79,mean_indegree_reassigned,16,7.0,7.0,7.0,7.0,7.0
0.79,variance_indegree_original,16,10.518753051757812,10.476835886637371,10.541522979736328,10.364395141601562,10.617050170898438
0.79,variance_indegree_reassigned,16,23.48438517252604,23.079720815022785,24.15114847819011,22.398061116536457,25.316980997721355
0.79,zero_indegree_fraction_original,16,0.00512313842773435,0.0050570170084634995,0.0052318572998046745,0.0048166910807291,0.0053863525390625
0.79,zero_indegree_fraction_reassigned,16,0.02202987670898435,0.020392100016276025,0.0223032633463541,0.0194905598958333,0.0244852701822916
0.79,reciprocal_edge_fraction_original,16,0.0138629731677827,0.013765244256882376,0.013983590262276701,0.0135686965215773,0.0142546154203869
0.79,reciprocal_edge_fraction_reassigned,16,0.0002797444661458,0.000256129673549025,0.00032352265857507503,0.0001707531156994,0.0004221598307291
0.79,WCC_original,16,1.0,1.0,1.0,1.0,1.0
0.79,WCC_reassigned,16,1.0,1.0,1.0,1.0,1.0
0.79,log10_S_ratio,16,-3.262380612654988,-3.3193480204129786,-3.1428933718942145,-3.5033702136925067,-2.970977467083013
0.79,log10_S1_ratio,16,-1.7890962289338788,-1.833844503429547,-1.7706039032487895,-1.8727024406868489,-1.7095172913631298
0.79,log10_S2_ratio,16,-2.004764569394272,-2.028363740406645,-1.953302811335092,-2.090786927949268,-1.876405829425133
0.79,f_int_rec_1_difference,16,-0.07389853038054085,-0.07426408712581513,-0.07312290983403061,-0.0755871980837048,-0.0724081549970337
0.79,f_int_rec_2_difference,16,-0.09636230454141814,-0.09779874699899639,-0.09390307484920485,-0.1013170610327008,-0.0932065807179754
0.8,S_ratio,16,0.00022248826760285,0.00020118910997495,0.0003112262360872,0.0001028523528761,0.0006415641946078
0.8,S1_ratio,16,0.01583897847243035,0.014424203599091424,0.0168124417468003,0.0131470829909613,0.0197125256673511
0.8,S2_ratio,16,0.0094619085456781,0.00845360082155135,0.010770548767421525,0.0054419962835147,0.012
0.8,f_int_rec_1_original,16,0.07917261138891755,0.07845670057424245,0.07972434290095097,0.0773335648449595,0.0811358909007802
0.8,f_int_rec_1_reassigned,16,0.0,0.0,0.0,0.0,0.0
0.8,f_int_rec_2_original,16,0.10955247006946564,0.10600786943574654,0.11211755508715762,0.103387134096957,0.1163812440124916
0.8,f_int_rec_2_reassigned,16,0.0,0.0,0.0,0.0,0.0
0.8,eta_int_1_original,16,0.0012085588774598,0.001014332525514275,0.001394966987142025,0.0008016616259155,0.0020224305938591
0.8,eta_int_2_original,16,0.02166465594023805,0.017972068087836725,0.028488519946089925,0.0135389036251105,0.0436548745372274
0.8,S_int_1_original,16,9.404151304218084e-05,8.029737478325954e-05,0.00011137724776895,6.362279778361308e-05,0.0001590997844921
0.8,S_int_1_reassigned,16,0.0,0.0,0.0,0.0,0.0
0.8,S_int_2_original,16,0.00243534002134425,0.0019064536678754251,0.0031412270243239,0.0014192531831821,0.0049109492766617
0.8,S_int_2_reassigned,16,0.0,0.0,0.0,0.0,0.0
0.8,mean_indegree_original,16,7.0,7.0,7.0,7.0,7.0
0.8,mean_indegree_reassigned,16,7.0,7.0,7.0,7.0,7.0
0.8,variance_indegree_original,16,10.482020060221354,10.436045328776043,10.502367655436199,10.324137369791666,10.571818033854166
0.8,variance_indegree_reassigned,16,23.670270284016926,23.327111562093098,24.388128916422527,22.64280192057292,25.56415303548177
0.8,zero_indegree_fraction_original,16,0.00497182210286455,0.0049076080322265,0.0050913492838541505,0.0046768188476562,0.0052235921223958
0.8,zero_indegree_fraction_reassigned,16,0.02213668823242185,0.02053705851236975,0.02239735921223955,0.0195210774739583,0.024688720703125
0.8,reciprocal_edge_fraction_original,16,0.01480756487165175,0.014684041341145825,0.014975229899088525,0.0145067487444196,0.015258062453497
0.8,reciprocal_edge_fraction_reassigned,16,0.00028773716517850004,0.00026176089332214996,0.000327882312593,0.0001772925967261,0.0004294259207589
0.8,WCC_original,16,1.0,1.0,1.0,1.0,1.0
0.8,WCC_reassigned,16,1.0,1.0,1.0,1.0,1.0
0.8,log10_S_ratio,16,-3.652713451989147,-3.6966269815038357,-3.5084233495452364,-3.987785768826476,-3.192759881815797
0.8,log10_S1_ratio,16,-1.8003932662439701,-1.8409166593079016,-1.7743698398577585,-1.88117059557414,-1.7052577281750658
0.8,log10_S2_ratio,16,-2.024021268499774,-2.0732260842105683,-1.9678178347933308,-2.264241759147513,-1.9208187539523751
0.8,f_int_rec_1_difference,16,-0.07917261138891755,-0.07972434290095097,-0.07845670057424245,-0.0811358909007802,-0.0773335648449595
0.8,f_int_rec_2_difference,16,-0.10955247006946564,-0.11211755508715762,-0.10600786943574654,-0.1163812440124916,-0.103387134096957
0.81,S_ratio,16,0.0001196751308171,0.00010674413321137499,0.000166145719793675,8.766592064687136e-05,0.0003570569760917
0.81,S1_ratio,16,0.01555887076875095,0.0139753100546885,0.016329363896461575,0.0130081300813008,0.0197811447811447
0.81,S2_ratio,16,0.008446551060752799,0.006992951832751425,0.00963821781893825,0.0042963428691187,0.0109816225907664
0.81,f_int_rec_1_original,16,0.0846321172402889,0.08404884507571095,0.0850693259804212,0.0830866287566378,0.0866180456913734
0.81,f_int_rec_1_reassigned,16,0.0,0.0,0.0,0.0,0.0
0.81,f_int_rec_2_original,16,0.12567418008718811,0.12169368217373687,0.13058559063433042,0.1191416706457727,0.1416742158715641
0.81,f_int_rec_2_reassigned,16,0.0,0.0,0.0,0.0,0.0
0.81,eta_int_1_original,16,0.00120735949381625,0.0010529895487480252,0.001597059789966225,0.000815577530839,0.0049516784482464
0.81,eta_int_2_original,16,0.0373794900258241,0.025631459415713775,0.05750559623483879,0.0197110937166441,0.1052093973442288
0.81,S_int_1_original,16,0.0001026845556791,9.041166456597126e-05,0.00013526392020285,6.945489483371341e-05,0.0004194448863882
0.81,S_int_1_reassigned,16,0.0,0.0,0.0,0.0,0.0
0.81,S_int_2_original,16,0.004640757645686449,0.003063186167359725,0.007332573818956249,0.0024048757336173,0.0149054588710634
0.81,S_int_2_reassigned,16,0.0,0.0,0.0,0.0,0.0
0.81,mean_indegree_original,16,7.0,7.0,7.0,7.0,7.0
0.81,mean_indegree_reassigned,16,7.0,7.0,7.0,7.0,7.0
0.81,variance_indegree_original,16,10.446207682291666,10.39981969197591,10.462415059407553,10.280548095703123,10.524398803710938
0.81,variance_indegree_reassigned,16,23.86390431722005,23.586109161376953,24.6250368754069,22.878133138020832,25.804529825846355
0.81,zero_indegree_fraction_original,16,0.0048255920410156,0.00477472941080725,0.004950205485026,0.004590352376302,0.0050252278645833
0.81,zero_indegree_fraction_reassigned,16,0.022332509358723898,0.020690917968749976,0.022551854451497322,0.0196406046549479,0.0248896280924479
0.81,reciprocal_edge_fraction_original,16,0.0157285417829241,0.01566550845191585,0.015927269345238,0.0154259091331845,0.0162215459914434
0.81,reciprocal_edge_fraction_reassigned,16,0.00029572986421129996,0.000270298549107125,0.00033187866210935,0.000182378859747,0.0004374186197916
0.81,WCC_original,16,1.0,1.0,1.0,1.0,1.0
0.81,WCC_reassigned,16,1.0,1.0,1.0,1.0,1.0
0.81,log10_S_ratio,16,-3.9220325678484063,-3.9717123835483554,-3.781615473754209,-4.057169201975065,-3.4472624773670915
0.81,log10_S1_ratio,16,-1.80804209437515,-1.8546387569790783,-1.7870581555368865,-1.885785128783473,-1.7037485783734383
0.81,log10_S2_ratio,16,-2.0734129044061627,-2.1554357598608274,-2.016114431054463,-2.3669010671072903,-1.9593334859193048
0.81,f_int_rec_1_difference,16,-0.0846321172402889,-0.0850693259804212,-0.08404884507571095,-0.0866180456913734,-0.0830866287566378
0.81,f_int_rec_2_difference,16,-0.12567418008718811,-0.13058559063433042,-0.12169368217373687,-0.1416742158715641,-0.1191416706457727
