family,L,sigma,q,control,condition,distribution,geometry_seed,disorder_seed,expected_hash,realization,historical_S,campaign,graph_id,F_count
gaussian_iid,128,24.0,7,0.0,W0,gaussian,1962789095212423922,8331814245213072405,62ddb88266f4cc134809e373ced12dcafe7b13bd6a9c799cf7a1a1a8eccf2be3,11,0.0002670288085937,R5_FULL,gaussian_iid_L128_q7_W0_r11,899
gaussian_iid,128,24.0,7,0.0,W0,gaussian,3525784381421185546,9728774493767030428,26ccce2ca11d63daac70974231e0f98c0c8f9572836f565545b69bf7dd4b4d55,15,0.0007603963216145,R5_FULL,gaussian_iid_L128_q7_W0_r15,926
gaussian_iid,128,24.0,7,0.0,W0,gaussian,4045559426312456630,9351229326151978282,2f59742825377b0a5db364dc37418531e3707ec9604779385d9bf358ec0509fb,8,0.0003840128580729,R5_FULL,gaussian_iid_L128_q7_W0_r8,897
gaussian_iid,128,24.0,7,0.0,W0,gaussian,4593127672809587576,8413295898909659687,4af73992ed2009e887ad27a2f326c1b97e7775a90fa577bb78a544795ca587b2,16,0.0003814697265625,R5_FULL,gaussian_iid_L128_q7_W0_r16,904
gaussian_iid,128,24.0,7,0.0,W0,gaussian,4688524306576409668,4347135371660193113,6523f317d80c181bfa32ddab051900c8167f2ab0dad99c92d5382bd2dd68a30b,19,0.0002034505208333,R5_FULL,gaussian_iid_L128_q7_W0_r19,881
gaussian_iid,128,24.0,7,0.0,W0,gaussian,5298617954072494676,12679546620346881797,c0796eb92ad4aa45480aef0923baee73359d6eb32e0fa23661f72d176c1befa0,20,0.0005900065104166,R5_FULL,gaussian_iid_L128_q7_W0_r20,901
gaussian_iid,128,24.0,7,0.0,W0,gaussian,5797620660727937147,2547394744985847370,628b0fe49fe6262a70dfff5ca4113bb7e7e1371b04bd90ae1c8237c49bff74f7,23,0.0004145304361979,R5_FULL,gaussian_iid_L128_q7_W0_r23,928
gaussian_iid,128,24.0,7,0.0,W0,gaussian,6160150824468491629,3559034236000207361,9da9cf7cd2fe04a84c7c2b13ae9ab5183de7eef13908e4a4512795feb42a4c43,13,0.000348409016927,R5_FULL,gaussian_iid_L128_q7_W0_r13,923
gaussian_iid,128,24.0,7,0.0,W0,gaussian,6429217990907285520,6222212454039518241,4e407b820c874186d8b614fc2f80ff02df22d59df94c6515b14d024f512d17be,17,0.0002899169921875,R5_FULL,gaussian_iid_L128_q7_W0_r17,896
gaussian_iid,128,24.0,7,0.0,W0,gaussian,7138177107724583812,18115717769615187850,61101537f66c97f280770a8c0810ada82adae8725d842b4d26d59d5e6de0e846,1,0.0002492268880208,R5_FULL,gaussian_iid_L128_q7_W0_r1,904
gaussian_iid,128,24.0,7,0.0,W0,gaussian,7301254539265411036,1717762875529522896,9c93ca1c642760e9737495187260c6eeec09380546dc3cf53390e0ed6839509e,2,0.0002492268880208,R5_FULL,gaussian_iid_L128_q7_W0_r2,897
gaussian_iid,128,24.0,7,0.0,W0,gaussian,7655837767034734158,934042189007205845,0d7af1bb49638676384e5989dd3a6df4d03fc1491947d80c7310aff812835a73,0,0.000562032063802,R5_FULL,gaussian_iid_L128_q7_W0_r0,891
gaussian_iid,128,24.0,7,0.0,W0,gaussian,10075112737880425626,882632597237696698,0273e2f762b4954486cd9d7b5998f53a98fdf5355845d280f5bf8d9b081d467c,7,0.0002365112304687,R5_FULL,gaussian_iid_L128_q7_W0_r7,900
gaussian_iid,128,24.0,7,0.0,W0,gaussian,10714398994419119567,2123816966686241028,95d092c0454717c4b02f9c25f7114ecbf7916aaa207ac8130793eca903d0e9cf,14,0.000518798828125,R5_FULL,gaussian_iid_L128_q7_W0_r14,911
gaussian_iid,128,24.0,7,0.0,W0,gaussian,10737365616079812786,17714141268111472187,4d6408fa5b1c88e98b87db2672521289029e9b7cece7c20b2e99a11a76337846,5,0.0006103515625,R5_FULL,gaussian_iid_L128_q7_W0_r5,910
gaussian_iid,128,24.0,7,0.0,W0,gaussian,10833399783473843663,9514140423465135883,852e1b46ea87c56df66c6def4e9a703c1cb26ecd7ec86036d7297db867794018,3,0.0008392333984375,R5_FULL,gaussian_iid_L128_q7_W0_r3,929
gaussian_iid,128,24.0,7,0.0,W0,gaussian,11284598016601390760,11048363596849849106,37b416925b26772b4d8edd0622ddccad39f12e2163cd7dc202d24bb3c94eed55,21,0.0002593994140625,R5_FULL,gaussian_iid_L128_q7_W0_r21,915
gaussian_iid,128,24.0,7,0.0,W0,gaussian,11877919894818629711,2014691400867905938,c5f6e4b1af5f864deafad069cdb0fc92c3f629271d8860f22586465aceb01107,9,0.0005874633789062,R5_FULL,gaussian_iid_L128_q7_W0_r9,918
gaussian_iid,128,24.0,7,0.0,W0,gaussian,12590900716292596139,2117280375500507789,8f04df2fb58c700f4b02df784a68bd881b3a88626eda02815a9710854da3c055,10,0.0004450480143229,R5_FULL,gaussian_iid_L128_q7_W0_r10,903
gaussian_iid,128,24.0,7,0.0,W0,gaussian,12923416282862128457,9352390377317204358,a248ee0b8730bfa6bbc4785b0432d2d454d9470e9e2fb571fd2876c52a3244a0,22,0.0003611246744791,R5_FULL,gaussian_iid_L128_q7_W0_r22,894
gaussian_iid,128,24.0,7,0.0,W0,gaussian,14510932720716503721,3241278375788733931,cd68545aae70a3cc67d7b964d7aee4fd0d1b0af24e10c0f0a6e430c0290df33f,12,0.000335693359375,R5_FULL,gaussian_iid_L128_q7_W0_r12,902
gaussian_iid,128,24.0,7,0.0,W0,gaussian,16334574573290883234,6665082092450601631,70f8155d2488ac24ce61c884b62ee5bdf48b7fbfbcfa32a8fe48c1a6ac9b4668,18,0.000378926595052,R5_FULL,gaussian_iid_L128_q7_W0_r18,916
gaussian_iid,128,24.0,7,0.0,W0,gaussian,17089777873478898221,16951094302730524563,36e2e6d0241a4ce6ed9daf324ef2e833e8446045f214c4bf1c8402924c7f9651,4,0.0007349650065104,R5_FULL,gaussian_iid_L128_q7_W0_r4,915
gaussian_iid,128,24.0,7,0.0,W0,gaussian,18392522625926627476,17181666016768037737,287a794fded47a1e57f865aa9c2e30ce861eda9a49617a45bce667504274f943,6,0.0002415974934895,R5_FULL,gaussian_iid_L128_q7_W0_r6,902
