L,W,n,unique_streams_total
64.0,0.75,32,288
64.0,0.76,24,288
64.0,0.78,48,288
64.0,0.785,128,288
64.0,0.79,128,288
64.0,0.795,128,288
64.0,0.7975,150,288
64.0,0.8,128,288
64.0,0.8025,128,288
64.0,0.805,150,288
64.0,0.8075,128,288
64.0,0.81,128,288
64.0,0.8125,128,288
64.0,0.815,150,288
64.0,0.82,128,288
64.0,0.825,128,288
64.0,0.83,24,288
64.0,0.84,48,288
64.0,0.85,32,288
64.0,0.86,48,288
64.0,0.88,24,288
64.0,0.9,30,288
128.0,0.75,24,152
128.0,0.76,16,152
128.0,0.78,16,152
128.0,0.7825,96,152
128.0,0.7875,96,152
128.0,0.79,48,152
128.0,0.7925,96,152
128.0,0.795,96,152
128.0,0.7975,96,152
128.0,0.8,96,152
128.0,0.8025,96,152
128.0,0.805,96,152
128.0,0.8075,96,152
128.0,0.81,96,152
128.0,0.8125,96,152
128.0,0.815,48,152
128.0,0.8175,96,152
128.0,0.82,48,152
128.0,0.8225,96,152
128.0,0.83,16,152
128.0,0.84,24,152
128.0,0.85,24,152
128.0,0.86,24,152
128.0,0.88,24,152
128.0,0.9,24,152
256.0,0.75,8,210
256.0,0.7825,48,210
256.0,0.7875,48,210
256.0,0.79,48,210
256.0,0.7925,48,210
256.0,0.795,48,210
256.0,0.7975,70,210
256.0,0.8,48,210
256.0,0.8025,48,210
256.0,0.805,70,210
256.0,0.8075,48,210
256.0,0.8125,48,210
256.0,0.815,24,210
256.0,0.84,24,210
256.0,0.86,24,210
256.0,0.88,24,210
256.0,0.9,30,210
512.0,0.75,4,120
512.0,0.78,16,120
512.0,0.785,16,120
512.0,0.7875,16,120
512.0,0.79,16,120
512.0,0.7925,16,120
512.0,0.795,16,120
512.0,0.7975,30,120
512.0,0.8,16,120
512.0,0.8025,16,120
512.0,0.805,30,120
512.0,0.81,16,120
512.0,0.815,30,120
512.0,0.84,16,120
512.0,0.86,16,120
512.0,0.88,16,120
512.0,0.9,18,120
