L,W,metric,n,median,Q1,Q3,minimum,maximum
64,0.805,G1_d90,24,1.0521605682306436,1.0080743545152409,1.1293497448200753,0.9157281114830482,1.226914091449089
64,0.805,G2_d90,24,2.4474349923720142,2.2073798234660806,3.255368273545347,1.3776034493399365,57.4335672656299
128,0.805,G1_d90,96,1.054369936191513,1.0098951607097602,1.1138425119187758,0.8628498065627497,1.2812996177000429
128,0.805,G2_d90,96,2.301433829765344,1.9945321449562352,2.7550095276188316,1.391835188413296,41.10340516229694
256,0.805,G1_d90,24,1.0543655355189259,0.9951439263538404,1.0856712746881172,0.9606246419663478,1.1342299984458748
256,0.805,G2_d90,24,2.164199975819656,1.9847324204797019,2.8395982642520745,1.6717725815942686,3.389890330094317
512,0.805,G1_d90,16,1.055303742460893,1.030803747883283,1.0611758635724156,0.9682059213698722,1.162985852681686
512,0.805,G2_d90,16,2.514087889081935,2.1334282659109505,2.989092119126525,1.952109068391792,3.494347085602953
64,0.805,(L/R) S1,24,0.8098958333333313,0.7962239583333311,0.8362630208333296,0.7356770833333311,0.865234375
64,0.805,(L/R) S2,24,1.6429036458333313,1.5112304687499967,1.9082031249999967,1.1041666666666623,3.0455729166666625
128,0.805,(L/R) S1,96,0.8100585937499968,0.787027994791664,0.8370768229166592,0.7161458333333248,0.921875
128,0.805,(L/R) S2,96,1.4803059895833282,1.3777669270833313,1.7105305989583297,1.0572916666666623,2.994140625
256,0.805,(L/R) S1,24,0.8098958333333248,0.7792968749999871,0.8228352864583296,0.7583007812499968,0.850911458333312
256,0.805,(L/R) S2,24,1.4927571614583166,1.3708089192708288,1.7047119140624833,1.2150065104166656,1.9174804687499776
512,0.805,(L/R) S1,16,0.8057861328124928,0.7995808919270656,0.8132527669270784,0.7842610677083136,0.8558756510416384
512,0.805,(L/R) S2,16,1.5540771484374782,1.4054565429687296,1.7401326497395584,1.3317057291666432,1.928385416666624
