graph_id,edge_hash,W,L,q,N,geometry_seed,disorder_seed,width_over_R,N_retained,retained_fraction,S_full_core,S1_core,S2_core,delta_full_G2,ratio_full_G2,replay_hash_pass,classification_sha256
gaussian_iid_L128_q7_W0.815_r22,015c028500fea2125083fd3749ae69bf4a38abc7ebb21af81fe7802cb17a5ba7,0.815,128,7,393216,12923416282862128457,9352390377317204358,4,345509,0.8786748250325521,0.5676813049732424,0.0001012998214228,0.0051228766833859,0.5625584282898565,110.8129943502825,True,fd2573b9344682b80013305d9890a8a49bafef9aa47f1476d6b226bd013aa01c
new_q7_sigma24_L128_W0.86_r003,02d933e3835afa24fcb8059c22c9a74854d6217efe23f71edb6b78b41c0af936,0.86,128,7,393216,3960355857956707885,16951225115451551021,4,345701,0.8791631062825521,0.9658317447736628,0.0002111651398173,0.185212076331859,0.7806196684418036,5.214734178796776,True,ece2feaa5cc4a149d4e9fadafff71fe123831521a7ba7fbb7c561c1296489d14
gaussian_iid_L128_q7_W0.805_r89,035f4d559696f646a377cfd70c0307005454f286521b3c4bde30bfc3d2b20c79,0.805,128,7,393216,15512121101102900811,10894007108251791386,4,345729,0.8792343139648438,0.6216661026410859,0.0001272673105235,0.00383537394896,0.6178307286921259,162.08748114630467,True,dec9927d9837e4969bc76a8cdd855567b0ab8b7d63c521e84b8c4813bb012cf5
gaussian_iid_L128_q7_W0.815_r35,04aca21a6c547873713b9cf6f56b7a123f5a0ac56cd84f8538d20852495c8d62,0.815,128,7,393216,7517738910021554732,17161181786200910642,4,345626,0.8789723714192709,0.6426165855577994,0.0001012655297923,0.003888596344025,0.6387279892137744,165.25669642857142,True,77abb9cbb30efc91745123ae6c452279c3cecefdb23109f3335df9866642bd72
gaussian_iid_L128_q7_W0.805_r14,06ca4b2415d3d1e8701ad2e655bce767bb363deb1d4822edebdca72478ff3aa2,0.805,128,7,393216,10714398994419119567,2123816966686241028,4,345604,0.8789164225260416,0.4679257184523327,0.0001041654610479,0.0056162544414995,0.4623094640108331,83.31633178773828,True,8d1e406bdd5fe07a382f24ca12ebcc52f950ba448f2dc2eb99ac0722b5d0a2e7
gaussian_iid_L128_q7_W0.805_r52,075d4eaaba54e34f9ef628dd1d3d7d8a63844f04b7114f2d8a56efdd6b584ada,0.805,128,7,393216,16282795424532483880,8387340227658655167,4,345791,0.8793919881184896,0.5475417231796085,0.0001359202524068,0.0023077523706516,0.5452339708089569,237.2619047619048,True,b3044f313949dd8aadf69b37e3405030df107a9618f9056630fce29a1e5cd720
gaussian_iid_L128_q7_W0.805_r87,07c3c423101169697471692d51d49b8fba6776bc8d24c6c7cabd5fd482b47da5,0.805,128,7,393216,9740535095165056604,2711003582945855215,4,345788,0.8793843587239584,0.6299958355986905,0.0001041100327368,0.00521996136361,0.6247758742350805,120.6897506925208,True,55be0a5623148b0c81a5503fbbb8897d84c139101a866dc24ea3cb544b199aee
gaussian_iid_L128_q7_W0.805_r26,09e181aff604acd1c00b98033b7ef5bc989337aa08ca326067653f0d502675ad,0.805,128,7,393216,3576231362535048560,7547672176055922279,4,345556,0.8787943522135416,0.6169303962310017,0.0001041799303152,0.0045781291599624,0.6123522670710392,134.75600505689002,True,75a687f818b14d97861c61f88dd87f7c3d0393db5c6a0c6bee27810bf1818c40
gaussian_iid_L128_q7_W0.805_r38,0b18c8b30bff9754505dd9766702d55f93b598607eb4a465559acbaf3a0e4308,0.805,128,7,393216,11979158321794621257,14849554632940884672,4,345557,0.8787968953450521,0.9578448707449132,8.971023593792052e-05,0.0041642912746666,0.9536805794702466,230.01389854065323,True,f3d126539c441f47e74f00b4c837861806bed6ba56fa704cbdd861eda5c6e707
new_q7_sigma24_L128_W0.86_r004,0ba8c8b1f2d0395e5f5b2f3f7b9e210493de791d1c69847c9383635792cbe3f0,0.86,128,7,393216,7760072304785530248,2923803025475294282,4,345261,0.8780441284179688,0.964163343094065,0.0001564034165457,0.0891180874758516,0.8750452556182134,10.818941142058565,True,8fa5220debfbc94d69a2c43215960216397e877e3dd4be303d062f1826ce8ef5
gaussian_iid_L128_q7_W0.815_r36,0d708312dff7044ecc3883a86101c0cc281fb8344fdf3c324b5c9127ca940b6e,0.815,128,7,393216,16924624330663191938,12950222509556414247,4,345783,0.8793716430664062,0.935737153069989,0.0001243554483592,0.0068077378008751,0.928929415269114,137.4519966015293,True,33e97516706079f0cf4b10fbeb02e4e9fb5589a1a86ea111ce243e32c6f042ac
gaussian_iid_L128_q7_W0.805_r75,106ca7f9725091a5098a398058b1b5f9bf54216080e5961ccfcf613d25510d0e,0.805,128,7,393216,12727442205696721254,4597339169388939128,4,345526,0.8787180582682291,0.7770326979735245,0.0001447069106232,0.0037189676030168,0.7733137303705077,208.9377431906615,True,adff70b9e6a893dcfef5e9f2cdf120a51635a147f99dfa9f45f53fb4f92b00e6
new_q7_sigma24_L128_W0.9_r011,10d660ec4f850d8346843961210fe41b59fd61a6fa1ea5729d743de5656641ef,0.9,128,7,393216,6912481687897693017,2731646916262096265,4,345554,0.8787892659505209,0.9691828194724992,0.0008797467255479,0.937054700567784,0.0321281189047152,1.034286279002974,True,b9813a2534b9fd95100ad370f616e205ccd73da69ee16a2558702d85a8f01296
gaussian_iid_L128_q7_W0.86_r0,12880612526cf2813d6de14482d1fbc9c049457471199b7d9326cf3941889e0e,0.86,128,7,393216,7655837767034734158,934042189007205845,4,345788,0.8793843587239584,0.9611149027727972,0.0002660589725496,0.0855466355107753,0.8755682672620219,11.23498191406646,True,2fced1359e0b10c58dd15ff0b83c1015e6884cbff455ee35ce0f3b287119fe06
gaussian_iid_L128_q7_W0.805_r72,152f2bb04064c4d811a145af16d3bc7f01ae4e84c7034c2a9da30c97e00af3e5,0.805,128,7,393216,3256070770842123583,7170855348901354406,4,345492,0.878631591796875,0.4807926088013615,8.393826774570757e-05,0.0020116240028712,0.4787809847984903,239.0071942446044,True,80808dcb45137dfd530701b0fcc806cd759f5788c6652ec64f63d6148e9976aa
gaussian_iid_L128_q7_W0.805_r20,164d94778db9e8e97ab806bb293180a8f771f441355920e3180c2f31f587cbe4,0.805,128,7,393216,5298617954072494676,12679546620346881797,4,345626,0.8789723714192709,0.673051217211668,0.0001186253348995,0.0048086660147095,0.6682425511969585,139.96630565583632,True,b8ef7ab64dd90c766bb666245cf5a7900593690c83f3ed68e6833b0440ab227c
gaussian_iid_L128_q7_W0.805_r3,17e3571321cc3890cfba372609f86d7a54a46d0dfd27d7d6c2a56a7dea1aaa8b,0.805,128,7,393216,10833399783473843663,9514140423465135883,4,345555,0.8787918090820312,0.2661312960310225,9.26046504897918e-05,0.0030356961988684,0.263095599832154,87.66730219256434,True,5c9f4ce53d3b714addecbb2a0259a5318e9808df5e7d6fac2d263878ac8ef450
new_q7_sigma24_L128_W0.9_r007,191e1d6ff56334adc5f9a6fdd850fac5d83aa2ac125d2b481bb9793fa9b1fca0,0.9,128,7,393216,12847866258799516393,8516037790352955754,4,345673,0.8790918986002604,0.9701162659507684,0.0004107928591472,0.9413347296433334,0.028781536307435,1.0305752410923372,True,e80ec12c5a2fa4be1f768bdf68de867f913586611f10b8aa28d2d3347c752533
gaussian_iid_L128_q7_W0.805_r57,1a519ca033ca14266808cb731fb406ef48e8c3b544ffad893601f0190570707f,0.805,128,7,393216,2377414273473519321,16891084555670810532,4,345617,0.8789494832356771,0.7336531478486301,9.258803820413926e-05,0.0032261144561754,0.7304270333924546,227.41076233183853,True,9a20fa97ac88cf3aea03ba14a7872d1b2c9a9e9ca2f9cefabf5c584cc20dcd2a
gaussian_iid_L128_q7_W0.815_r4,1ace8192b58ad0063ac4bece20b0f8658ed28003418703882ad0b67d874e1cd6,0.815,128,7,393216,17089777873478898221,16951094302730524563,4,345667,0.8790766398111979,0.9442093112735668,8.968168786722482e-05,0.0046055886156329,0.9396037226579338,205.0138190954774,True,7185ff8556c08ac79d963140e08734c0724215bec15c08e1ae62e5cc09163dda
gaussian_iid_L128_q7_W0.815_r19,1b8a6492385489c22a2c32ae6ba12730a3e874b77f67c8153de58b7de60abc23,0.815,128,7,393216,4688524306576409668,4347135371660193113,4,345798,0.8794097900390625,0.95720044650345,8.38639899594561e-05,0.0050347312592901,0.95216571524416,190.1194715680644,True,ad8cafba1e39d36e18535439175499506f8d6114eb80039b1cdfe36f805e5101
gaussian_iid_L128_q7_W0.86_r7,1c9e750b72bad9a6512fff352c2f1db5a818d25c3f818ea6ffbca20455305f64,0.86,128,7,393216,10075112737880425626,882632597237696698,4,345862,0.8795725504557291,0.967796404346242,0.0006100699122771,0.1486691223667243,0.8191272819795179,6.509733756004589,True,839dcf64a164caefc933436fdc91fd42282b3fd32d8f304e741a8da59284f24d
new_q7_sigma24_L128_W0.9_r001,202d206dac6bdce13e1f655683b90718c22e27b78bba771e76654c88b4410298,0.9,128,7,393216,7063573789382545307,3389038660906917777,4,345956,0.8798116048177084,0.9700973534206662,0.0003150689683081,0.929439003803952,0.0406583496167142,1.0437450434620348,True,6fa6bced94f787a5fb107bc77f3e8ec7a103a09079fcd1bf32350d5a6b2efe52
gaussian_iid_L128_q7_W0.815_r2,20a25e612b3114c600dbc57596f2d90e0aff81928d455699b366ab67928ca9c0,0.815,128,7,393216,7301254539265411036,1717762875529522896,4,345572,0.8788350423177084,0.9543539407127892,0.0001070688597455,0.0042075168127047,0.9501464239000844,226.82118294360384,True,2bb98d1186c89df196fe47c011a0bb99a54738863da1e639a40158a27731b496
gaussian_iid_L128_q7_W0.815_r7,210f3436f75f31718c87a13b20fe4874821a517543b2a5f4d3aca982efb6db40,0.815,128,7,393216,10075112737880425626,882632597237696698,4,345862,0.8795725504557291,0.960264498557228,0.0001040877575449,0.0065170501529511,0.9537474484042768,147.34649511978705,True,ed3d663f8788375a953148bae483ef2a05df15f9bec1534c4eafea7914c7f837
gaussian_iid_L128_q7_W0.805_r9,21161a15d4ff8194bea20a6dfd20d0cd5e243cce96328b2d201f1f0d53dbebf4,0.805,128,7,393216,11877919894818629711,2014691400867905938,4,345548,0.8787740071614584,0.2506742912706773,7.524280273652285e-05,0.0052264808362369,0.2454478104344403,47.96234772978959,True,a92225fbc87a38a33ac903346967f691e3621f0e82161f684702ab42054f0ecd
gaussian_iid_L128_q7_W0.86_r3,22435d0824a644bcc138707414128b5ddd726425cb8b051f8754a3311f7503a2,0.86,128,7,393216,10833399783473843663,9514140423465135883,4,345555,0.8787918090820312,0.9680311383137272,0.0001533764523737,0.0524894734557451,0.9155416648579822,18.442386150623005,True,009108572427d569f8babd6c02a92ea5c0b643b2c0bfd3fe2ee3064a23396ab8
gaussian_iid_L128_q7_W0.805_r59,2960a5912e037a47bd421134633efe1cbc449a748fa903c480d501515bb583e3,0.805,128,7,393216,6506125723912384805,1026792272908736871,4,345577,0.8788477579752604,0.5589492356262136,0.0001012798884185,0.0044447402460233,0.5545044953801902,125.75520833333334,True,5a74a71b2f9b9e31152073b17cf7794b78aa76cad739163c519ee67027ffbc5a
gaussian_iid_L128_q7_W0.815_r13,29bb9dca5286baff766325a0965d178858d268c246293129f1960faa925c85ea,0.815,128,7,393216,6160150824468491629,3559034236000207361,4,345691,0.8791376749674479,0.9183895444197274,0.0001301740571782,0.0042176394525746,0.9141719049671528,217.7496570644719,True,cd2494479e1bd1e8970b5775e196416268717c895498798b5ac52d34c88da7c7
gaussian_iid_L128_q7_W0.805_r93,2a7320fd967b025a1f71131344ae0f7dd8c5226d3dc278d571d1752b21624ac9,0.805,128,7,393216,15781233429208302878,11253500291835519366,4,345121,0.8776880900065104,0.5933020592777606,7.243836219760605e-05,0.0029004320223921,0.5904016272553685,204.5564435564436,True,bbe6e367d32e087a87ef2aee7210f10338607f1f7c84a3c3475a044ab468e70d
gaussian_iid_L128_q7_W0.805_r29,2ac6a8031d0f3b762714450cb11d35b7f830e44b8a8e7f393c26651afc748a73,0.805,128,7,393216,16070455811797641775,9514684151986914716,4,346111,0.8802057902018229,0.7605103565041272,7.800965586184779e-05,0.0014157307915668,0.7590946257125604,537.1857142857143,True,5e4d35e3c629e09977adb2e273ed2612be77183b253d10f491784ef044dc9659
gaussian_iid_L128_q7_W0.805_r61,2ad1ea959bc4d0b52a389d8ded5950d8f2a0c8ea8b512f970c867393243699d4,0.805,128,7,393216,17679425005057528714,11173549108735750008,4,345613,0.8789393107096354,0.3944006735857737,0.0001070561581884,0.0017649799052697,0.3926356936805039,223.45901639344265,True,07cb36e7714786a5aa5245c4ee9104721d95715fe7a4a782c6fd19dea6b32264
gaussian_iid_L128_q7_W0.805_r36,2bf652e10a21cef0f0970d63b68d3ab5d9ed44bfeaf3f7626c5bd361b5314f34,0.805,128,7,393216,16924624330663191938,12950222509556414247,4,345783,0.8793716430664062,0.2979267343970062,6.940769210747781e-05,0.0060847410080888,0.2918419933889173,48.962927756654,True,c2d10ab5b5a81a2c66a2a5d8f910c01090f42c73e2cda1546411d3597748315c
gaussian_iid_L128_q7_W0.805_r79,2c4b6f53334782e345df87a28101aaa2288ac44d390901df19fe3eea6a244470,0.805,128,7,393216,476408560038879857,16575703983787161838,4,345555,0.8787918090820312,0.4635094268640303,8.68168598341798e-05,0.0015164011517703,0.46199302571226,305.6641221374046,True,978f9330957b07d8f2cdad3906a2c541ba882156baae94eac024a1a34f6086a9
gaussian_iid_L128_q7_W0.805_r41,2cec1c3a39bbd4807360ff1a6e251776aa676229638a9766fcc4a144e57d2a39,0.805,128,7,393216,7047387646318784601,17073655340509270905,4,345620,0.8789571126302084,0.6291447254209825,0.0001388808518025,0.0023233609166136,0.6268213645043689,270.79078455790784,True,752d080e465e040815b8ab5953b4766f99ddb8098e505e6cd4f8cfa966caa702
new_q7_sigma24_L128_W0.9_r012,2dfd0d49ad48d3db47894dc9c39a498e2b67d8381ab55f661fa25056ae1fa697,0.9,128,7,393216,4944216426551919332,17927276395764538952,4,345517,0.8786951700846354,0.968872732745422,0.0004138725446215,0.9350249047080172,0.0338478280374048,1.0361999213785376,True,6cccee8028b35058ed827c6202f44b0d85041a4f9f169f51530251519cbfe225
gaussian_iid_L128_q7_W0.815_r26,2e1c9a41313071d5523c54e981bb431156b0b6a095ab3374829f76a296a507e4,0.815,128,7,393216,3576231362535048560,7547672176055922279,4,345556,0.8787943522135416,0.9345258076838486,0.0001533760085196,0.0062942041232101,0.9282316035606384,148.47402298850574,True,86472b9239ef5fde855a7c6353c3b81c7cc5cd6d926480c803eedf7fd0e6a747
gaussian_iid_L128_q7_W0.805_r62,2f36070aa0fb030734309132ff44c27df3ddd6480e0d8fdc7a41c978f7af043c,0.805,128,7,393216,15342902358763946814,1889695294865923398,4,345794,0.8793996175130209,0.6344442066663968,9.543254076126247e-05,0.0028138140048699,0.6316303926615269,225.4748201438849,True,1ca2819b0a29bc3431d251b030cba562925d02c94e661d0a8159e900f1be3de1
gaussian_iid_L128_q7_W0.805_r69,3174407ad232418ccfd188ea4444d8135ccc8f21ff4f7990d79f6aefb7d7e1c2,0.805,128,7,393216,15759571157874638227,16303165138847386265,4,346017,0.8799667358398438,0.4789764664741905,0.0001098211937563,0.005045994849964,0.4739304716242265,94.922107674685,True,101ef7a698a26f22bc374fe275aa47e633531898da34b81249fc450eba5ed1fe
gaussian_iid_L128_q7_W0.86_r5,3285cc4b7afdf0e668be797cb0818a8ea8f5a4b2ca7c2b0908e47d3fbd173ff2,0.86,128,7,393216,10737365616079812786,17714141268111472187,4,345628,0.8789774576822916,0.9653384563750622,0.0002314627287141,0.1065625470158667,0.8587759093591955,9.058890608454837,True,8133e3809c3645aee66b0043a863e172f7123b6828198dad7fa71a6ec7708bcd
gaussian_iid_L128_q7_W0.805_r95,329565c6603b0fc7f8b1675ac6c39110bec52c672b76aadc10a9f4ca329602dc,0.805,128,7,393216,13159047755915728428,1093567895447455265,4,345595,0.8788935343424479,0.8328014004832246,8.101969067839523e-05,0.0025463331356067,0.8302550673476179,327.0590909090909,True,4fbbdf464e156692ac3bb9aa1da57b69e6586e22d44c66ff869cff6ca28b06c2
gaussian_iid_L128_q7_W0.805_r45,3322c4cc328b1e2091c193029de60b3d5b8560a26d8ae4087da84a1e59721252,0.805,128,7,393216,2447567944770822040,16076506422993364510,4,345433,0.8784815470377604,0.4006449875952789,9.55322739865618e-05,0.0044581727860395,0.3961868148092394,89.86753246753247,True,53b67688a05291476c48a9c9636ecc399c598b52ce1f6beea592528f704cca3c
new_q7_sigma24_L128_W0.9_r003,349e0cba03d4937c74db6c90b02ec54c6bb9f2161a14750e2aa878316b981047,0.9,128,7,393216,10358254076760202874,12121199716379138081,4,345647,0.8790257771809896,0.9690204167835972,0.0003095643821586,0.9418134686544364,0.0272069481291606,1.0288878308016036,True,d89cbf1281821d3dcd0bc875952186608270c4d2521183fb97bdb6fcd3094155
gaussian_iid_L128_q7_W0.815_r44,366a6638548aeff050c3465229b4e80fd3077a2510f1e4d636cb2c3a9ae3e83c,0.815,128,7,393216,10256755769584082173,5959241676786743625,4,345783,0.8793716430664062,0.945014647915022,0.0001417073713861,0.01255411630994,0.9324605316050818,75.27528219304307,True,936dd1eabce778d4e73a34c3a1f885d473afbe4cd4c5399603d8f61e21997935
gaussian_iid_L128_q7_W0.815_r45,36ccaf14f475fc56c4dfbca51b44884e16e8a9a38d69a3f2be3e1891b5bbf2d5,0.815,128,7,393216,2447567944770822040,16076506422993364510,4,345433,0.8784815470377604,0.7829622531721058,9.55322739865618e-05,0.0056914075956842,0.7772708455764216,137.56917599186167,True,096598d0c56f593716cf0e72071c0bcea68a2ce130931a93b827f31ead76a0cc
gaussian_iid_L128_q7_W0.805_r34,37d5ec61675f36d125ff7d47021ccbbeaf7cdc22896578f0db30008dd972ef78,0.805,128,7,393216,840777551738461677,8902537485463578867,4,345752,0.8792928059895834,0.7154145167634605,0.0002024572525972,0.0041764038964344,0.711238112867026,171.29916897506925,True,968a9cccd0a9ed8e2572ff9d593892ccc8adb32ac511940301439a4eaffc4ca7
gaussian_iid_L128_q7_W0.815_r17,38d93cdb242b5a3cb5019a7d600bf956c6fa2bbb3298acb8f1dca74de58b88f7,0.815,128,7,393216,6429217990907285520,6222212454039518241,4,345499,0.8786493937174479,0.957530991406632,8.683093149328941e-05,0.0033950894213876,0.9541359019852445,282.0341005967604,True,e8d350c4eac92d942cc55b633b7e2a512e9f2830196007a3d781672558793c15
gaussian_iid_L128_q7_W0.805_r92,3aa50913d9c2de4f4c16723ec076d0856c0ab7ad68e3cf1127cc03066f15d8e8,0.805,128,7,393216,10534066855628875128,636097449847149028,4,345263,0.8780492146809896,0.7245722825787878,9.84756547906958e-05,0.0049266790823227,0.719645603496465,147.0711346266902,True,c0a0e8031433e56db23ad68d00a6a8b8198298a332d20c80c0e7b808e44963a8
gaussian_iid_L128_q7_W0.9_r5,3ceb9e08ba63798fab81023cc2473245f0629a520e978b72ccf7ab0f00a38ece,0.9,128,7,393216,10737365616079812786,17714141268111472187,4,345628,0.8789774576822916,0.9696031571516196,0.0003587672295068,0.9447382735195066,0.0248648836321131,1.0263193355546845,True,77d5ef8cd1efdb460318fffc46a70183d905cd2b2d88aa8063b0b0ffa910b763
gaussian_iid_L128_q7_W0.805_r37,40101b23241510400e7380b7da10c5bd1524d67d052c8da93d138c0d84d39ead,0.805,128,7,393216,8873381410207805588,5831080340900233482,4,345493,0.8786341349283854,0.6097171288564457,0.0001505095616987,0.0050420703169094,0.6046750585395362,120.92594718714122,True,53a9aeae83134ffd64a88a5ec33e97dca273ca998695ecc04211a2fe4d4a1f18
gaussian_iid_L128_q7_W0.815_r18,401860221bbb2d63e1e423ebbd87833506aaeea5fe3d4c8704b77b2d41a3658c,0.815,128,7,393216,16334574573290883234,6665082092450601631,4,345930,0.8797454833984375,0.901367328650305,0.0001416471540485,0.0061688780967247,0.8951984505535803,146.11527647610123,True,b28cde8a7e94d9955e8bfb85fb67f9ccb7746630663aaf3a1c31e2d16e976a47
gaussian_iid_L128_q7_W0.805_r64,401970d5cd5433dacf2ef6735db1553eaac6dddaa2dc8aab7434113bc1291637,0.805,128,7,393216,16942874071700860723,6975773621209549198,4,345456,0.8785400390625,0.3081637024686212,8.105229030614608e-05,0.0033202491778981,0.304843453290723,92.81342632955536,True,4a104aaaf3a5db99651b7f5ff6ed54f0d54f0f652fc91ac4d1ba0fd7face90de
gaussian_iid_L128_q7_W0.805_r5,411a6a7521a10787617b798805c7fcc78e39c70dd3c70f775b4493eba7e0df2f,0.805,128,7,393216,10737365616079812786,17714141268111472187,4,345628,0.8789774576822916,0.9510890321386,9.547837559456987e-05,0.0023204138553589,0.9487686182832408,409.8790523690773,True,0be273c19623fda747e3a33cea14b9db41c3b2a99279cb21bd2b17330ed90f58
gaussian_iid_L128_q7_W0.9_r0,4200cbabafc6d3c61acba2327bab721ef7152938da12ade0c30289cf77a55f76,0.9,128,7,393216,7655837767034734158,934042189007205845,4,345788,0.8793843587239584,0.9685819056763104,0.0005523615625759,0.9340809976054693,0.034500908070841,1.0369356706316526,True,7c552a3455daade7ef3916b0b9cea227259e6f6e68d66102a6be0c95dfae0084
gaussian_iid_L128_q7_W0.805_r32,4274d4dbdd1bbab51131ab380ac5b0ad6ec246c706393c467f841dfeb2ccb2df,0.805,128,7,393216,3881556251207810168,1679162274481348417,4,345553,0.8787867228190104,0.3922032220817067,0.000124438219318,0.001791331575764,0.3904118905059426,218.94507269789983,True,8163fb7cc56856319e3a3e4685dc8a8dc6f93f1bc5b2e65f51cbca9fec873514
gaussian_iid_L128_q7_W0.9_r2,4336495c6e4d7c82c87d818bcc60ada981a556006bc9c8f9195f9afc1081cf17,0.9,128,7,393216,7301254539265411036,1717762875529522896,4,345572,0.8788350423177084,0.9690715682983576,0.0003964441563552,0.9461154260183116,0.0229561422800458,1.0242635746640931,True,472c23b510b4b39ac3bdab2ea916b1cfeaf023f990a76d8b4bc6494b5b5437f1
gaussian_iid_L128_q7_W0.9_r7,44983cb8fbd8d2de17720c1d45b513c215e1a864c9edddf3b7f6a38d03f4af48,0.9,128,7,393216,10075112737880425626,882632597237696698,4,345862,0.8795725504557291,0.970774470742666,0.0011044867606155,0.94552162423163,0.025252846511036,1.0267078466148858,True,43ca610f239e3cbb7b290cbbf3f0f878cc803fbf65ecd0c7e935678bc97846c0
gaussian_iid_L128_q7_W0.815_r23,456ec3fb4caeb3a02376f2cd7d5075e7c9fa03fa93f3944b34704b9f82959f47,0.815,128,7,393216,5797620660727937147,2547394744985847370,4,345448,0.8785196940104166,0.9451610662096755,0.0001244760427039,0.0047445635812046,0.9404165026284708,199.20927394752897,True,3b2cf1b9d86c7dc2faa26dbfd6395fea55e0b8ed8b899c1b49ef2fcc4cc405c9
gaussian_iid_L128_q7_W0.815_r31,46df9e5b3fc98fdc1b11fae7429ad8f3d79ed6ef210b8e1feb2df5b09d1292c0,0.815,128,7,393216,9585353978222936770,6284142777476048956,4,345578,0.8788503011067709,0.9429477570910184,0.0001070670007928,0.0134499302617643,0.9294978268292542,70.10800344234079,True,49070fa4a8d1099b74beb1d3d34cf8c43d658714881b5f2511fa85b8eea95c94
gaussian_iid_L128_q7_W0.805_r27,48b37cbca31c04cdb3a1b9a6a201241712388a31a9d4d407abe4eb6c335b958c,0.805,128,7,393216,3108769509084681101,12402202525912122315,4,345499,0.8786493937174479,0.4891823131181277,0.0001360351260061,0.0032387937446996,0.485943519373428,151.0384271671135,True,68d312e966d8b62e70ce485ebe2583a043fa642decd1610a68916e3ed90fef8f
new_q7_sigma24_L128_W0.86_r006,4b0da9f224fb45fa00608d1397a5e0607e19d2b5a8522ac9a4d181cd978eff1a,0.86,128,7,393216,16832916362093459143,18026270572631365009,4,345600,0.87890625,0.964134837962963,0.0004195601851851,0.1400752314814815,0.8240596064814815,6.882978723404255,True,5a8bbb6116061ea00af1e25f791f14c6ab8c8d87ec88ee5d8684b7bf41b8242b
gaussian_iid_L128_q7_W0.805_r25,4b500b979ecaef9dc1d9b7840fbefe21580853ef356e4e76aa5838531f768734,0.805,128,7,393216,7871696929411173304,14950401667984073490,4,345331,0.8782221476236979,0.4904801480318882,8.397740139170824e-05,0.0035878620801491,0.486892285951739,136.70540758676353,True,6d506018181b2a6cb502d036ebde1bf6a9e77102a040c45d8b8c314902933bc8
gaussian_iid_L128_q7_W0.805_r6,4bd1edfd1f7f8323ed3d7944a8f40df217db6333be4be9ebd998319f3e0b3e59,0.805,128,7,393216,18392522625926627476,17181666016768037737,4,345758,0.8793080647786459,0.4750461305306023,7.230490690020187e-05,0.0076469669537653,0.467399163576837,62.12216338880484,True,bbd883b10fc30037eef9250ea8c9e5e12005b4996698769b8275eb0c09597aef
gaussian_iid_L128_q7_W0.815_r6,4c4a28ae82d4cb40fc8c419811df8deefabe46d362aeb73e8bf5293f0a9cf299,0.815,128,7,393216,18392522625926627476,17181666016768037737,4,345758,0.8793080647786459,0.4812007242059475,8.965808455625032e-05,0.0072536282602282,0.4739470959457192,66.33931419457736,True,9d5920b41208b1ba6028b675d8888d432da64170a64994f770ad3d412a2d2e8a
gaussian_iid_L128_q7_W0.805_r21,4c93e12535e90b1359ca1f72dd21fdea3c6558747871251462cd5b644eb31253,0.805,128,7,393216,11284598016601390760,11048363596849849106,4,345533,0.8787358601888021,0.79256395192355,8.682238744200987e-05,0.0050241221533109,0.7875398297702391,157.7517281105991,True,dfdcc8c8acc84ce82a9e0eb97bf6e40b815c3433d4e595740410a7cf94ab9773
new_q7_sigma24_L128_W0.86_r001,4cb57be9506a2cde3747a8575ce5a48b34575bd358b3ae1f24deab82d1c0800e,0.86,128,7,393216,12981084579690982218,17910669078849779735,4,345623,0.8789647420247396,0.9664287388281452,0.0001851728617597,0.0783744137398263,0.8880543250883188,12.33092144122859,True,f7f48cbb3956d8ad7805b82200fb2094c450c08f313fa863c33cca4890c3c46d
gaussian_iid_L128_q7_W0.805_r77,4d04c59fb403f0b36a35bf2c61f5bdc87ae99db950f1e63c69090e2d30aa5695,0.805,128,7,393216,10655855724034533118,12008830581010502899,4,345752,0.8792928059895834,0.7737366667437933,6.07371757791712e-05,0.0045899951410259,0.7691466716027673,168.57025834908632,True,c1b83a1f5d21f61f19e8077df32e4dbd85b342d73338a74b63a5685c6aebd4e9
gaussian_iid_L128_q7_W0.815_r15,5149891034d9f4a8111b7ef2054bac1eff0381633f2b5fd64b10cd8801368a8c,0.815,128,7,393216,3525784381421185546,9728774493767030428,4,345252,0.878021240234375,0.945271859395456,0.000205646889808,0.0026589273921657,0.9426129320032904,355.5087145969499,True,aa6185a6f49ae3af5fdbb8c7283c715cd0fd04206b6fda594530886cffabb0a5
gaussian_iid_L128_q7_W0.805_r68,533da9dd8521909c3b67b6bef8ddc18fd54a2f6b6ed99af1fce24a7348e1a69d,0.805,128,7,393216,14761776523284670881,13324724139128181675,4,345596,0.8788960774739584,0.4686686188497552,0.0001707195685135,0.0040943760923158,0.4645742427574393,114.46643109540636,True,77660134cc2427957665986246f7e83dd12ca300254433a358c0ec4154197c6d
gaussian_iid_L128_q7_W0.805_r80,544483176a615371fe369fad1dc094c3dc038bc970ab622ba2f53c9dffefc640,0.805,128,7,393216,5750705253032700657,17601442018311534206,4,345578,0.8788503011067709,0.2457563849550608,8.681108172395233e-05,0.0031223052393381,0.2426340797157226,78.70991658943467,True,df49a90a70603998f90574137d1002dd47880e76a89051f0883cba3c4b3d345f
gaussian_iid_L128_q7_W0.815_r41,544d707770e0347f1e9365e92c4c05e53ea534e72ebcc39b7ba4cb0bd2f53c6d,0.815,128,7,393216,7047387646318784601,17073655340509270905,4,345620,0.8789571126302084,0.6382963948845553,0.0001388808518025,0.006999016260633,0.6312973786239222,91.19801570897064,True,5e36956f87444f2d418987ffaeab39d0b5b8a4a7bd5b031feb037073b4fe51b6
gaussian_iid_L128_q7_W0.805_r0,5671ec7c8ba883e8747131007395031cde599a32ab44506630e94ff04103ba56,0.805,128,7,393216,7655837767034734158,934042189007205845,4,345788,0.8793843587239584,0.9088516663389128,6.362279778361308e-05,0.0044854072437447,0.9043662590951682,202.6241134751773,True,894e9f898f4e7f1b9d6ec377e66be744bd226d60bfb84c869c361d0c6934d75e
gaussian_iid_L128_q7_W0.86_r6,56a748486ca86edf146d3c25ba80bfe083f717ee13e85d0c4c9ac3af8e39347e,0.86,128,7,393216,18392522625926627476,17181666016768037737,4,345758,0.8793080647786459,0.964530104871037,0.0001822083653885,0.0424458725466945,0.9220842323243424,22.723766693922048,True,d675c3a1c951fdadc578daec88383f27d224fb33c1e7ccef526087577bc9bdca
gaussian_iid_L128_q7_W0.815_r11,585ec51dc3bebb2e6c876675c82a00821e6e403710c424f3ebe2cc72ad9dba72,0.815,128,7,393216,1962789095212423922,8331814245213072405,4,345511,0.8786799112955729,0.9330267343152606,9.84049711876033e-05,0.016063164414447,0.9169635699008136,58.08486486486488,True,5635e75d3fb8f07829c6e929690edcdcdb32590d4e467bf5123d24268cf7a59d
gaussian_iid_L128_q7_W0.86_r10,5b32c891e4c40d2685902aa77e12b7507f90954d8723a865678a0f0a233e0d02,0.86,128,7,393216,12590900716292596139,2117280375500507789,4,345556,0.8787943522135416,0.9661762492909975,0.0001765271041452,0.1262718633159314,0.8399043859750662,7.651556125956822,True,7c1f340d49ed0115012c758c7176116ae3a70112617500a039d783fe043123b5
gaussian_iid_L128_q7_W0.805_r44,5b737f9074784a5203ab2c9805abab9fa3a6036bd701c5ef135f980e61ec3567,0.805,128,7,393216,10256755769584082173,5959241676786743625,4,345783,0.8793716430664062,0.4384946628376756,0.0001417073713861,0.0044796881281034,0.4340149747095722,97.88508715300192,True,85ca5b561f9c4e9ca026440a683509b7628dc64c4da85c957047baf57eb0b544
gaussian_iid_L128_q7_W0.815_r25,5ee31ff6cb4c3b7a82b869c756bf0677b2726c47541d6820f2dda8366ed89a0c,0.815,128,7,393216,7871696929411173304,14950401667984073490,4,345331,0.8782221476236979,0.9493703142781852,0.0001071435810859,0.0059421250915788,0.9434281891866064,159.76949317738791,True,b6cfbbf93f648cec09cfd59c82fc37ef6bdf2d11b7583cc13758e775b7d37004
gaussian_iid_L128_q7_W0.815_r38,5fb069b2cd8fb89d950cd0b552c54d34b9da032e1b0c9c4801721448d0f3f007,0.815,128,7,393216,11979158321794621257,14849554632940884672,4,345557,0.8787968953450521,0.4713896694322499,9.549799309520572e-05,0.0045867975471485,0.4668028718851014,102.77097791798109,True,0343f51b7c7d1d8d7b4280d46ce9f9c50cc0cad379530a6941d14007997d3666
gaussian_iid_L128_q7_W0.805_r91,5fc05b019119c0808b358c3e911167372d8508cb9a63932caeb5a2138f011e16,0.805,128,7,393216,12366669917121863766,6529768331293716015,4,345384,0.87835693359375,0.9538890047020128,7.527853056308341e-05,0.0054258448567391,0.9484631598452736,175.80469583778014,True,1ef61e9a7eb5d6373377f05ada7b793ba131a74e1be75b8744eeac52a48de6c6
new_q7_sigma24_L128_W0.86_r008,607f6b0078fc99e5272d4185167faca8b38c50621ec207e4e348c08f71f9423b,0.86,128,7,393216,15352925237690704088,7416053073535366379,4,345802,0.8794199625651041,0.9666630036841892,0.0002313462617335,0.2334630800284556,0.7331999236557336,4.140539067532082,True,63fea261161f53ebe62e31e8fa66cae76e8412df7c3d72a4c82e5e49d9438cef
gaussian_iid_L128_q7_W0.805_r90,6171109481f4cfdea0d23d00e1ed4f1212400d7430ca71a09637de322806a9bc,0.805,128,7,393216,828735527138632621,7140735341331765659,4,345547,0.8787714640299479,0.3342208151134288,8.681886979195304e-05,0.0022920181625075,0.3319287969509212,145.81944444444443,True,345248596c872885774364bfa65bffd85eeb221d108cad1b5d9bb16de2769430
gaussian_iid_L128_q7_W0.815_r40,62e83524ccf08a01be334c4799e13bb04f64dd0977b5dde751c16b916c6ac2db,0.815,128,7,393216,8780165053095940228,11524328443912931100,4,346028,0.8799947102864584,0.9553446541898344,8.09183071890136e-05,0.0092969355081091,0.9460477186817252,102.75909232203917,True,1780fa708c95e4e547adf3e1436316032f35b0452e7a4faf31205d04cc8f7dc4
gaussian_iid_L128_q7_W0.805_r67,63bb9bd3b489747cdf573d66fedb7c7376922061637abfa9c275084675058cae,0.805,128,7,393216,505519491497805460,14583122649792885011,4,345520,0.8787027994791666,0.5296422783051632,0.0001591803658254,0.0034209307710118,0.5262213475341514,154.82402707275804,True,00495a730b7cd0370924ad7116c02c32d934d43c3cae75c2898b9d72da942ec4
gaussian_iid_L128_q7_W0.86_r1,63d33b056ad2397c9558fa18ccde476b7e71c9541929309b5f6fb51b29db01d7,0.86,128,7,393216,7138177107724583812,18115717769615187850,4,345720,0.87921142578125,0.96598981835011,0.0002834663889853,0.1342068726136758,0.8317829457364341,7.197767145135566,True,b0aaae6a636cd856a710efe22a33fcd66a24aa1d1ebe02589d17111cd2710384
gaussian_iid_L128_q7_W0.86_r14,642f37c7114b5428374da0d23eb9b8360fa772059c314a39aa8f3d1e8ffd1a96,0.86,128,7,393216,10714398994419119567,2123816966686241028,4,345604,0.8789164225260416,0.963906667746901,0.0002199048622122,0.1460486568442494,0.8178580109026515,6.599900941059931,True,8b4fa2eb89c1e5a9311a04e9d6ad49b532c83165a675955fd694ea6d1d1d54e0
gaussian_iid_L128_q7_W0.86_r12,64a8cac6f4a4e5cdaa0526c2cee518d64cc2481c48b35afd0013720b2674872e,0.86,128,7,393216,14510932720716503721,3241278375788733931,4,345618,0.8789520263671875,0.9662662245600634,0.0011139466115769,0.0332303294388602,0.9330358951212032,29.077840661732697,True,d3327aa83906e207ea3611fb62786f9b88e7c96dd9aa8ca0eacc65515d9ede5f
gaussian_iid_L128_q7_W0.805_r15,65a5a9a78bcbde3a3e39ff3ae183ac5de8addc6ca04c1cc9cd7154e140d245dd,0.805,128,7,393216,3525784381421185546,9728774493767030428,4,345252,0.878021240234375,0.3559660769524869,0.0001013752273701,0.0025865165154727,0.3533795604370141,137.62374020156776,True,23b4cb8b08edd872cf0b2afca7a71f29da7bb7ce4c7e934e137f2e85a61da908
gaussian_iid_L128_q7_W0.86_r15,66c32cc6438ecf79e06e5b5461dfe90ac5d14b97800d94b99914c4e8d96530df,0.86,128,7,393216,3525784381421185546,9728774493767030428,4,345252,0.878021240234375,0.966789475513538,0.0002693684612978,0.0872551064150243,0.8795343690985135,11.080033195020746,True,513cb13d278845df0b842bf5b94f72b4f2da38c7d3cb750f503f2c8e9f19ca9c
gaussian_iid_L128_q7_W0.815_r14,67aaa0f61c038c814b9457080b200d2d59b766cdf041e3d9a5c3f489cbdc80d6,0.815,128,7,393216,10714398994419119567,2123816966686241028,4,345604,0.8789164225260416,0.9526915197740768,0.0001012719760187,0.0071324405967523,0.9455590791773244,133.57160243407708,True,c4fe1f186b1090f3b4131fc0b882057bcb3b497a798efbe43969c2b38a156aa8
gaussian_iid_L128_q7_W0.815_r24,68a4d3d200a728a3bb83c2967e92fa03065e53d4a37d7b943cafd60bc2514509,0.815,128,7,393216,7180254538204332243,13100190680820062748,4,345852,0.879547119140625,0.932231127765634,8.963371615604362e-05,0.0045857765749511,0.9276453511906828,203.2875157629256,True,2d578e5dbdb8762ad5b0c8ed3a7a03e6bb0e6d89392d6f0c8edbbcc26e1355c9
gaussian_iid_L128_q7_W0.86_r13,6a4d62c3867543d138748c6b2a3aa5d4e9a04e3c091a3e710a50ce0400b436af,0.86,128,7,393216,6160150824468491629,3559034236000207361,4,345691,0.8791376749674479,0.9642310618442482,0.0001562088686138,0.1075498060406548,0.8566812558035934,8.965437478146265,True,ee3546279becd96e99f4951e31b9bb2da351dab4b5d7cf80064d0d672cbd109f
new_q7_sigma24_L128_W0.86_r002,6e7e2447f30f1302193f984de946abdb431ca39d26b08f42799170b80f8c2431,0.86,128,7,393216,15472978075880151021,13768837948764143201,4,345943,0.8797785441080729,0.9650867339417188,0.0002023454730981,0.1666748568405777,0.7984118771011409,5.790235865417968,True,7f075e0574f33a43c3eca15582adfcfe0f95d066f929932d3cbc39f96684ab53
gaussian_iid_L128_q7_W0.815_r10,6fdf14ca7344d60f8c1f0e022bbba9556a0d425cf1aaa0f35b0a203f7d6cddea,0.815,128,7,393216,12590900716292596139,2117280375500507789,4,345556,0.8787943522135416,0.95295697368878,8.68166085960018e-05,0.004181666647374,0.9487753070414058,227.8892733564014,True,f99e951e54d247ecd727d253e1068ec0f0baac5736bb297be66db65457751568
new_q7_sigma24_L128_W0.9_r005,7236e429126c95a220f0f260e4435756ae57e05ce32b12b31c9ec92f569484ae,0.9,128,7,393216,15471442999578320456,16667988782604050955,4,346022,0.8799794514973959,0.9699354376311332,0.0006675876100363,0.9427810948436804,0.0271543427874528,1.028802383645543,True,052c6efcb78cf5ee653e08e6739a91b167eca32f45d5051ccacb671ad99c0682
new_q7_sigma24_L128_W0.9_r009,729523d22870e0506289783dd9837aef7abfc419589c6d80ace33b4b0fd36e89,0.9,128,7,393216,8918630131342390261,13825810619648775589,4,345577,0.8788477579752604,0.9701860945606912,0.0005208679975808,0.9238259490648972,0.046360145495794,1.0501827704046631,True,52f62223f146b64592a127f99720d427d6de26592fc5bc29aab9827cb6c8399a
new_q7_sigma24_L128_W0.9_r014,73ddbbdf32792186f8555f96d5c0187613728b6bfcb27abf30087489922ae1ac,0.9,128,7,393216,2343649528258982977,7461154423044234019,4,345272,0.8780721028645834,0.9694501726175304,0.0004952617067123,0.946268449222642,0.0231817233948886,1.024498041136141,True,d58f8abc3608bfa2e54de55d13c50e933362f29076bb7d5075867e55ccab3d66
gaussian_iid_L128_q7_W0.86_r8,742e1a176856022ada3bc60acdfb083ed1dc6c8682567dde95c0f6909828c98a,0.86,128,7,393216,4045559426312456630,9351229326151978282,4,345695,0.8791478474934896,0.9660914968396996,0.0003355559091106,0.2067978998828447,0.759293596956855,4.6716697673768,True,0ff6dda4838af35a5235a8e5ff4a34d0952e94158d8df350869457c4dffe1f8d
gaussian_iid_L128_q7_W0.86_r9,742eba760c241d8df05160c2996a059f3831c30bf87347495d1b12a4a27e5602,0.86,128,7,393216,11877919894818629711,2014691400867905938,4,345548,0.8787740071614584,0.961273108222302,0.0002054707305497,0.0763859145473277,0.8848871936749743,12.584428869103997,True,9c8e2ad404ba88f25f6daef620492bf039d5d88b404ac91c767ac11c7bcf2e5d
gaussian_iid_L128_q7_W0.805_r73,752ab5cf17212fd3d10bbbd4c7c45347c5ce2eb3b41641885c1888d73995d812,0.805,128,7,393216,3700488732572975680,15573656491026304727,4,345547,0.8787714640299479,0.5874193669746808,8.971283211835149e-05,0.0028737045901136,0.5845456623845672,204.411883182276,True,f66bb8801d6420ab16eaf9af1b02438be3268412372c83ac87793fe200e321d8
new_q7_sigma24_L128_W0.9_r013,760f8dd319dda530de964132dd75f2fa9903b9f88e74bc2914b7acf605b2682b,0.9,128,7,393216,16988416327036195416,5925242696672871924,4,345688,0.8791300455729166,0.9701002059660736,0.0002979565388442,0.5620906713568304,0.408009534609243,1.7258785021718095,True,432504e02c82b015562ff764933569476254973c56fe22ae7cc084722b31e3a6
new_q7_sigma24_L128_W0.9_r004,7766f8ea98515503a24211d09d5355c08482c4e1065183398111064a1ea23aa6,0.9,128,7,393216,5797891779071021789,7351154200277445260,4,345529,0.8787256876627604,0.9697941417362942,0.0003733405879101,0.9442275467471616,0.0255665949891326,1.027076730685531,True,934150d76b23b26ba9d880b3d0a7764c4b3dd78934aefebdbabea59fca07b2cb
gaussian_iid_L128_q7_W0.805_r13,7783e8b53f431c7f2b809fe072c4cce1b6474c1748c6e6e9abad806523f5bc5e,0.805,128,7,393216,6160150824468491629,3559034236000207361,4,345691,0.8791376749674479,0.8982675279367991,0.0001157102730473,0.0034857719755504,0.8947817559612486,257.6954356846473,True,7a954c35e989be9e05adbb831f05dc6779f5ae59a89bf90003fbe2f5301b98e7
gaussian_iid_L128_q7_W0.815_r28,77a469609837f92b2c1ebc53266dde5d1a04d7294a157c242c114ba753521ee3,0.815,128,7,393216,11921615184191387051,10105206870777917052,4,345548,0.8787740071614584,0.938127264518967,8.681861854214176e-05,0.0111880259761306,0.9269392385428364,83.85100879461976,True,bcd83963bedef6a6f9ffeb659e83bfabef9e0d34a9ff6152ffa2520d4adaa41d
new_q7_sigma24_L128_W0.9_r006,77dbae36e2869f18b45fefb9ff7147a054e34b6d8af60965b7d2cf3fb8f97d83,0.9,128,7,393216,14720039419805111645,14255007412461094453,4,345445,0.8785120646158854,0.969804165641419,0.0004747499601962,0.9406620446091274,0.0291421210322916,1.030980436809695,True,ad4eebf0239b87e9ae7f6a77b9c296cb3c640424d5be269981cf51c80d2c510d
gaussian_iid_L128_q7_W0.805_r83,7a9072d9a359c508ea3f5e601e9bd40951de390333c02ca41fba828eee5e0a3f,0.805,128,7,393216,12446656254010016028,3643460980953718062,4,345572,0.8788350423177084,0.491657310198743,8.97063419490005e-05,0.0018346393805053,0.4898226708182376,267.9858044164038,True,d6039a4fc46ae1b88e881060ca43567556be7297bbe80c8cd51cd57e1d67f9ab
gaussian_iid_L128_q7_W0.805_r28,7ade1445a9c64d5e1c3dd2725eff81f20bf41d109ea51ba6cfd66285cd43fb14,0.805,128,7,393216,11921615184191387051,10105206870777917052,4,345548,0.8787740071614584,0.3148882354983967,0.0001389097896674,0.0050528435991526,0.3098353918992441,62.31901489117983,True,dd43310b1a3146a8f088fdfa1660bd885bc69f9941d5e2e5a4d96d32facfe5c6
gaussian_iid_L128_q7_W0.805_r60,7b731450221086a51fe0ca77d3298fc554903c0e7d85bd6a2730f05977415804,0.805,128,7,393216,5814516271396332089,773616013777910159,4,345347,0.8782628377278646,0.400507315830165,0.0001129298937011,0.0037556428751371,0.3967516729550278,106.6414803392444,True,3eaf72a78ff367ca940d593276509972975c7774ed2d37db2f9fe8f5e58ab9c7
gaussian_iid_L128_q7_W0.805_r94,7e319169b69139330412eaa420347d9534e4b9fb31d0b396f123eb0c5cacc198,0.805,128,7,393216,24794675450798506,3580888422536929240,4,345418,0.8784434000651041,0.9313122072387656,7.527112078698852e-05,0.0033466698319137,0.927965537406852,278.280276816609,True,881ede68f768dc23aca5ef8cbcf328b4c4671be6626caa3abe65cdd590ad2784
gaussian_iid_L128_q7_W0.805_r10,7e73851c3cc361aa131694bc5f362e95af9ba2e4cc4ec6522827d5cefa5acc7b,0.805,128,7,393216,12590900716292596139,2117280375500507789,4,345556,0.8787943522135416,0.3263291622776048,8.971049554920187e-05,0.0028012825706976,0.3235278797069071,116.49276859504133,True,68f18cc10d86007b71631e9fee0c231e46c3e3750be94680f582400d81d0e00b
gaussian_iid_L128_q7_W0.805_r42,7fd1c4f5e81b4a1ee64051d69f02f026917943c699fddb34326e35860bee4fb9,0.805,128,7,393216,4363041571550978016,10905680058016595696,4,345659,0.8790562947591146,0.3423373903182037,8.679073884955982e-05,0.0055690724095134,0.3367683179086903,61.47116883116883,True,fb6d3e1127f4b7678212e06894e9be2d1fccce7dd3f981d2bf1357e7bf38a30b
gaussian_iid_L128_q7_W0.805_r1,8030849c1127859658cb347b68b7acb11e28b402078be1fc3ca2d4a26f889fd1,0.805,128,7,393216,7138177107724583812,18115717769615187850,4,345720,0.87921142578125,0.7519206294110841,0.0002661113039453,0.0027247483512669,0.7491958810598172,275.9596602972399,True,19bd71cb3e7fe4296dd10233fe28569ff1092b3c4cf6ba18ae761808e6516558
gaussian_iid_L128_q7_W0.805_r53,819bb86f8f91cd6d85aa688fe66ffb8b1a8fd507cfb00ab52f2ec5a9301a5a37,0.805,128,7,393216,16848748368931685793,4645391197300163927,4,345565,0.8788172403971354,0.4495275852589238,0.0002633368541374,0.0075325915529639,0.4419949937059598,59.677679600461005,True,9f7f24e1f80d662631da352579ed3882b43917eb240ed5733c59f343f7a9e5cc
gaussian_iid_L128_q7_W0.805_r88,81a6042a2598bf713b4131dd769edc433c2d5c3899908b92a522891fcd6a21f7,0.805,128,7,393216,8156995118858768248,7350723540975318256,4,346015,0.8799616495768229,0.6156178200367036,0.0001098218285334,0.0021530858488793,0.6134647341878242,285.9234899328859,True,46f4adccf67ebb5a9b92a609310bdc242ce17d9812244aa7e4eb808d5438a16c
gaussian_iid_L128_q7_W0.815_r3,822ee548ec76a5a286da39be5da7e9592833272b085cf355f0a10645996afd4e,0.815,128,7,393216,10833399783473843663,9514140423465135883,4,345555,0.8787918090820312,0.9231641851514232,0.000104180231801,0.0032614200344373,0.9199027651169858,283.055900621118,True,62ccc4a845df994c5630b56b6a5f178acb39a5d795b96363cb9fa556d2a1b7cc
gaussian_iid_L128_q7_W0.815_r39,853c07059f49e671e3755f786bbeba8be3af9b68ad6f153a0d2e8809b4bf9008,0.815,128,7,393216,410035023482227096,16347334909696189589,4,345447,0.8785171508789062,0.9545226908903536,8.10544019777274e-05,0.0022782076555882,0.9522444832347654,418.9796696315121,True,e949c4925a8d4a020562b64ed72d3a050b0169e918b637a5cf51989dd6ded608
gaussian_iid_L128_q7_W0.815_r20,870adc3a52882bc2ccdbf307c6e2371c1feb88e9310998f20f14e046adfb77dd,0.815,128,7,393216,5298617954072494676,12679546620346881797,4,345626,0.8789723714192709,0.9539675834572632,0.0001186253348995,0.0043139115691527,0.9496536718881105,221.13749161636483,True,1c4d9750d5faff9a11d33139435fdd6ef08980a5eba9617e4b6591679b7a2ccf
gaussian_iid_L128_q7_W0.815_r46,88b78608eca84acfa72417355b2c3fe519d0f6e116bb8dc310cacc112a696aa3,0.815,128,7,393216,2949017764985901090,4214187061648981254,4,345249,0.8780136108398438,0.5704230859466646,0.0001303407106175,0.005378726658151,0.5650443592885135,106.05169628432957,True,3e04aed3f2761873bdfe005f7005ab5700baf0cbfa3f4b0aff1bff65c002aaa6
gaussian_iid_L128_q7_W0.805_r23,8b89adcf83f98d559116bbccaf0c5a1125a667c0fa1d98badde4ae5da3949f46,0.805,128,7,393216,5797620660727937147,2547394744985847370,4,345448,0.8785196940104166,0.4859978925916491,9.263333410527778e-05,0.0028861073157175,0.4831117852759315,168.39217652958877,True,5bb2539076d3885ca2be8683a28036a7f8fcbea894428cf8477e9c3d11959a8f
gaussian_iid_L128_q7_W0.805_r46,8c8cd14aa5ad4a3ffc1ecbd5a8e7e0d25b678fc393948818e0d9383ee117ff66,0.805,128,7,393216,2949017764985901090,4214187061648981254,4,345249,0.8780136108398438,0.3342515112281281,0.0001274442503816,0.0043099328310871,0.329941578397041,77.55376344086022,True,75c1eef4bc467e23e7e31fbd239be3a850b30c566a2981fab5c8f056fbc320a0
gaussian_iid_L128_q7_W0.815_r42,8fe6b34f138b98a648a0cec57e44c9359120e1110b699a05ed8a35fa5084cadb,0.815,128,7,393216,4363041571550978016,10905680058016595696,4,345659,0.8790562947591146,0.5706751451575107,0.0001070419112477,0.0066626357190178,0.5640125094384928,85.6530612244898,True,5cefc157e643f8cf3bc09a979512f42872d035d427568dc806b5a1fec641d8fa
gaussian_iid_L128_q7_W0.805_r65,903c43f016107317173d345a2523920a7005e31ed59d0a64a0dbbe7e0ae72c29,0.805,128,7,393216,5947493000592603335,4713412486604465771,4,345585,0.8788681030273438,0.7551629845045358,7.234110276777059e-05,0.0018577195190763,0.7533052649854595,406.5,True,d7fa45e7dc6d3f89ba751cf6902df2ec197561a79eb0873c2cc45b6cd98ad4a6
gaussian_iid_L128_q7_W0.805_r51,905b0bd02e6bb82b0bf3bda2c1066b78ac81a822843a6580364744171c52a07c,0.805,128,7,393216,13909679707033752841,17003462037270504293,4,345532,0.8787333170572916,0.292459164418925,0.0001244457821562,0.0032992602711181,0.2891599041478068,88.6438596491228,True,8c974484f322cdcffabf7a675c436888aa381a7cfcf7f808c900f7867a33d91c
gaussian_iid_L128_q7_W0.815_r0,9204ddc03de6b842503315277eb7b25545893ecb0d97b2fc09a648a5ac6bd50a,0.815,128,7,393216,7655837767034734158,934042189007205845,4,345788,0.8793843587239584,0.927108517357456,8.675836061401784e-05,0.0070303191550892,0.9200781982023668,131.87289181406828,True,fc2210798f5590abb4f22d4b9f504161dd50848ec2707e96c09eb0863342c749
gaussian_iid_L128_q7_W0.805_r30,9244b9d33de373221addaf3b22d8fd46101f1594596a9b15d74e64fa83ce2cc2,0.805,128,7,393216,13456750629205603787,14275671953348227380,4,345695,0.8791478474934896,0.485939918135929,9.545987069526606e-05,0.0031299266694629,0.4828099914664661,155.25600739371535,True,538893dc4b05950d199965dab50aa3d3caa997c0e72e5f554d24a669cdfb31f6
gaussian_iid_L128_q7_W0.805_r16,9395e138780b913f27876e7917fcf37e470f371bd9ded9159b401abc386b5970,0.805,128,7,393216,4593127672809587576,8413295898909659687,4,345579,0.8788528442382812,0.8208600638348974,0.0001012793022724,0.0019734995471368,0.8188865642877605,415.94134897360703,True,d1691ac400539fda5847ce1c4f4220eb163c2113e46fccf3d195442b8f4e739d
gaussian_iid_L128_q7_W0.805_r40,93d4292a8c6b316e5f52d43ef116e6bfa144a5a75e164256faac92efbba034f5,0.805,128,7,393216,8780165053095940228,11524328443912931100,4,346028,0.8799947102864584,0.4954194458251933,8.669818627394314e-05,0.001927589674824,0.4934918561503693,257.01499250374815,True,225107e438a9416f6afcdd1e39e7e52cedb66e102eea0a423b9d71597856e873
gaussian_iid_L128_q7_W0.805_r31,95130cd919c1f3d41fa0614f7d101743d5ed479e24a2f7dbf290c38a1f770ec2,0.805,128,7,393216,9585353978222936770,6284142777476048956,4,345578,0.8788503011067709,0.3531793111830035,9.838589262047932e-05,0.004899038711955,0.3482802724710485,72.09155345540461,True,362731f8735a12682d7f339445c31221cea817e9ed638b7b23487742111785b2
gaussian_iid_L128_q7_W0.805_r76,980adcfd84e3f062e0b3f74c0f96fa454bc739d562cf4aacd2ad75e4dbbdfb12,0.805,128,7,393216,1596609300273555091,2564760447001651197,4,345552,0.8787841796875,0.9242545260915868,0.0001128628976246,0.0085457470945038,0.9157087789970828,108.15374195733152,True,8dd1e19232408c4d3b7ef778f51dfed70469aa7cca7c51b4f83399b63070156e
gaussian_iid_L128_q7_W0.815_r5,984658cc42b9cec3af46f352792a596493b31b8066950ad784ae9d9620caa001,0.815,128,7,393216,10737365616079812786,17714141268111472187,4,345628,0.8789774576822916,0.952029349474001,0.0001475574895552,0.0060643234923096,0.9459650259816912,156.98854961832063,True,acf157900f28d21d5f8837859f06bb7fadccae38333dee196e96b802520c033f
gaussian_iid_L128_q7_W0.805_r58,99341b0602b7cd01bb132a77512dd8d6fa4e7f3aaa46ad7225982896417daca4,0.805,128,7,393216,14154785203346783864,8582549255603998304,4,345607,0.8789240519205729,0.7606153810542032,9.83776370270278e-05,0.0029455421909857,0.7576698388632175,258.2259332023576,True,0f83d1d3645bc59b00eb99884d0c27bdef5fc3c4f600b7cc18034ece9421aa2f
gaussian_iid_L128_q7_W0.9_r4,999089f6bf1fde2022dbfdc70cb20e770479a1b19abb266431cf60bc44691402,0.9,128,7,393216,17089777873478898221,16951094302730524563,4,345667,0.8790766398111979,0.9703761134270844,0.0003355830900838,0.9405294691133376,0.0298466443137469,1.031733874688567,True,3e819e7201a49eb179319e761e5dacc2f5315c27f54ab3816d89f2fc2bf86c28
gaussian_iid_L128_q7_W0.805_r84,9c5730ddae9010ccb5b18ef65f25ce0193a6d9c95429d66e577e4207e48366bb,0.805,128,7,393216,10947236915631958492,7942815382331436671,4,345601,0.8789087931315104,0.5549463109192392,6.944424350623985e-05,0.0036111006623244,0.5513352102569147,153.67788461538458,True,3a8c31289ba6ae3b9dbb0d29ffce0e188b47a30064772650c9e2d68208ae8469
gaussian_iid_L128_q7_W0.815_r16,9ca55e84e39131c1293eb803572dd5b088e2e23134bf707ff8283244240c29ac,0.815,128,7,393216,4593127672809587576,8413295898909659687,4,345579,0.8788528442382812,0.951099459168526,0.0001331099401294,0.0026390492477841,0.9484604099207418,360.39473684210526,True,f32f705549c2ea34d0dd610e5099304320139e9eee804a48ce27201a972858c0
new_q7_sigma24_L128_W0.9_r010,9d3c394480d5d4ade97fd9ad60bc5c097b91dd1a3a3ba936278b56bf9902788e,0.9,128,7,393216,951870641041824675,10575125651510542511,4,345781,0.8793665568033854,0.9696715551172564,0.0003759605067947,0.9250623949841084,0.0446091601331478,1.0482228662358652,True,9c7ecb7e74b30c7f89f2880de70d041c7bcc8d8a04a57c35ece206a4d41bc251
gaussian_iid_L128_q7_W0.805_r86,9e3e1e4c29dad7781e3a2ec497c934de6ecdd00adfcbadc53eadd75c126f123c,0.805,128,7,393216,15821577857382975821,1865218993993810655,4,345336,0.87823486328125,0.4747637083883522,0.0001187249519308,0.0026495934394329,0.4721141149489193,179.18360655737703,True,bccb703bea622cacc53f2b3e2bdd211f4530d21fa76e0d96871529d639a2252a
gaussian_iid_L128_q7_W0.805_r55,9f5ee6b51e848c6323dfc5900a348ceaf7ab04725ee7adf38875a03fc514efe3,0.805,128,7,393216,16988874310756964752,527576189842004888,4,345604,0.8789164225260416,0.9442570109142256,8.969803590236224e-05,0.0030034374602145,0.941253573454011,314.39210019267824,True,5f2a2b8fed1f910dc4453314cb2d4467d6e6ca81e5dfffea5bb19037a9a3ec2d
gaussian_iid_L128_q7_W0.805_r22,9f6940bab62f9b06678516adcb5aba6daa62625d374ed963832a7fda8468e8e6,0.805,128,7,393216,12923416282862128457,9352390377317204358,4,345509,0.8786748250325521,0.8391243064580083,9.261697958663884e-05,0.001933379448871,0.8371909270091372,434.0194610778443,True,a58d7e60ab50c47bc84555cb720f68ace8b96275a112b6167d7887454f265d21
gaussian_iid_L128_q7_W0.805_r11,9fd252738397db63df45a8d351ea39cbc9840f64fee573a25c8cfac2498991f4,0.805,128,7,393216,1962789095212423922,8331814245213072405,4,345511,0.8786799112955729,0.8921857770085467,6.367380488609625e-05,0.0042979818298114,0.8878877951787353,207.5824915824916,True,92a4406cf2098557d7cc632ed8ab52bc9d0fa28ff0ba1bbb60e90bab311d7232
gaussian_iid_L128_q7_W0.805_r33,a0437c23358fcd1c5cdbe0da26ec4cd3529473209f30b6f5e625196eaf337019,0.805,128,7,393216,103267794691267563,9558657099449396158,4,345688,0.8791300455729166,0.4565070236745273,8.967623984633542e-05,0.0028436046377079,0.4536634190368193,160.5381485249237,True,9d3a8f2cf3443cf821fef81f4cce8357428f29b4d4555cefdcc4f2947fb17e76
gaussian_iid_L128_q7_W0.815_r12,a061b1fcdf3e47e23532747e1eb98388b47d30b993df018c26842a5345606053,0.815,128,7,393216,14510932720716503721,3241278375788733931,4,345618,0.8789520263671875,0.9565908025623664,0.0001620285980475,0.005135727884543,0.9514550746778234,186.2619718309859,True,f9ad53fbc9d11ca74566513f52dc5c22d52713cdee5e94d5ea94a10d105e9343
gaussian_iid_L128_q7_W0.815_r1,a62c28ccfe9f95bd38f9c34c5f19944968859324be962a777ed1c17efd3729f3,0.815,128,7,393216,7138177107724583812,18115717769615187850,4,345720,0.87921142578125,0.7909608932083767,0.0002516487330787,0.0090015041073701,0.7819593891010066,87.8698586118252,True,c9f3c1a7f3176c6f66d255e391995c5a66fc8aa57f079189019841208302bac0
gaussian_iid_L128_q7_W0.805_r43,a6e55d95f5e35d7f837c854aa8c2b7b8f17123205aa3490c7acd97dedd11e106,0.805,128,7,393216,3712375588049045875,18396567138146761278,4,345454,0.8785349527994791,0.4390656932616209,0.0001794739675904,0.0049500078158018,0.4341156854458191,88.7,True,e513d46bff8776d273ad5e3367e1152c169fe3e31730713ae897e12b4dc20a2e
gaussian_iid_L128_q7_W0.805_r2,a704a1bb801effb5c3b8e1c9df2f177aa0fd5dbf065f1a63e27e84227854a6ea,0.805,128,7,393216,7301254539265411036,1717762875529522896,4,345572,0.8788350423177084,0.7656580972995497,9.838760084729089e-05,0.0024741587860127,0.7631839385135369,309.46198830409355,True,ea325d02dd7518176a31be4234d028aa813355c7a67cd69fca880d72c182ca23
gaussian_iid_L128_q7_W0.805_r19,a7234ff26364eb6665741e2ceaab6c7136d0c40e734abcf3aabada49491844e6,0.805,128,7,393216,4688524306576409668,4347135371660193113,4,345798,0.8794097900390625,0.6769616943996206,9.25395751276757e-05,0.0051764324837043,0.6717852619159163,130.77765363128492,True,f2dea54f1d5a9ecd5d4d780bbb338ec9bd4c5ec629867a51c5d90e959f418c6c
gaussian_iid_L128_q7_W0.815_r27,a7b1e3a8c35d59c5009827e2a5d209133207ed52c5db7acc2befc7d8b6274bde,0.815,128,7,393216,3108769509084681101,12402202525912122315,4,345499,0.8786493937174479,0.4986874057522598,8.972529587639906e-05,0.0056961091059597,0.4929912966463,87.54878048780488,True,603a9c60b62711912b5c880b7fddd3086becf1685a88727854c3113ae8796572
gaussian_iid_L128_q7_W0.815_r8,ab25f3f81ccf25d06e0c0a7dfb8dd8bf70a3cc7a4b8b007275bf2c2a68116a98,0.815,128,7,393216,4045559426312456630,9351229326151978282,4,345695,0.8791478474934896,0.953528399311532,0.0001880270180361,0.0124097831903845,0.9411186161211472,76.83682983682984,True,7126632a67d76823de2757d9372b96d3f951cb3fa47f06c47f830fe2882062b7
new_q7_sigma24_L128_W0.9_r002,ac9fa25057c53cc3e8a1f34d5e0b2bfeede92a3dbd3ef004aecb69dab3b91506,0.9,128,7,393216,1216350019759635293,13613793875825198881,4,345424,0.8784586588541666,0.9677266200379824,0.0003242391958867,0.9456957246746028,0.0220308953633794,1.0232959659101344,True,63998fee6d6e2add3d524b4a26e095a7880380dd3d6df01762e895548b6d7124
gaussian_iid_L128_q7_W0.815_r9,adcce6e7546f301e4416379afdf93c5d700ba3f8a39bb540884abd7a1e018a6c,0.815,128,7,393216,11877919894818629711,2014691400867905938,4,345548,0.8787740071614584,0.7048398485883293,7.524280273652285e-05,0.0023875120099088,0.7024523365784203,295.2193939393939,True,e37a89226ddb4a93596f1a82ce1c9987e3c2f9c4c28d97841e57f08a437353aa
gaussian_iid_L128_q7_W0.86_r2,af3aa0ce2b2561e960e4d81593a4ecff58ade5c3347c34080ba3ca1c7aa1080a,0.86,128,7,393216,7301254539265411036,1717762875529522896,4,345572,0.8788350423177084,0.9663745905339552,0.0002257127313555,0.1654011320361603,0.8009734584977949,5.842611707897407,True,fe6998fc332c66defa20c0a168a07ef7310b5a7e1a0284b9d8b376ec83865564
gaussian_iid_L128_q7_W0.805_r49,afb301139d424acadddcce966a1ce9a5d59e87bd8b81c0cde89d958531caa711,0.805,128,7,393216,4120428085523043914,7592228494271216904,4,345772,0.8793436686197916,0.6936709739365825,0.0001359277211572,0.0035283365917425,0.6901426373448399,196.6,True,c2cc1d33657bcb8628d6ddd9d33ad56cbb06d56f1928965bf1d9401aa9d9e506
new_q7_sigma24_L128_W0.9_r008,b10b28e9ee223113dd83fc06b64c10afc557f2f9ec1e151aaf7dcb8d290bb5f5,0.9,128,7,393216,11124266648924394377,3635236465754381715,4,345636,0.878997802734375,0.9678303186010716,0.0007840618454096,0.9360627943848442,0.0317675242162274,1.0339373858322232,True,09087340df0170389b59ee3365e3a50fa470bae4ffdb1aab510b481848f5da3c
gaussian_iid_L128_q7_W0.805_r78,b130626cc6ecd69ddb61e41918238559c930e3576069b5517a6a0a513ac2f7c9,0.805,128,7,393216,12407936918516797659,16202234802483922616,4,346173,0.8803634643554688,0.9227351642098026,7.799568423880545e-05,0.0037553477596461,0.9189798164501564,245.7123076923077,True,2569159d6cd47fdbc322068cc698e86820d0b3bdf18330572d56476ca15814d7
new_q7_sigma24_L128_W0.86_r007,b82d803f67c1102fb85498b913791392e8b90fb80c51e673203c299d4926ebe8,0.86,128,7,393216,3438773718365465406,13895145758197288716,4,345628,0.8789774576822916,0.9673840082400732,0.0001967433194069,0.0831558785746525,0.8842281296654205,11.633380884450784,True,18eb9b6e590a672281c28a8a6e99920b7b56e5651fe0e0309a17245a8ea96011
new_q7_sigma24_L128_W0.9_r016,b882fa27e562656139600073e8afc27bf5ff856d546433ccac56bad69bf3de68,0.9,128,7,393216,3814375597101879074,269517959589494615,4,344929,0.8771998087565104,0.9698169768271152,0.0008871390923929,0.943715953138182,0.026101023688933,1.0276577116261922,True,0c93eec948de802c6f0060fff0e34fa5b2eefa1749f3c0a72434eba7ef676d5c
gaussian_iid_L128_q7_W0.805_r81,bac6139b556fd94f5ada7c55efaa6e26a68ddea5e0620098c1de19ae3073d23a,0.805,128,7,393216,15745862583129103902,9584092348914100174,4,345222,0.8779449462890625,0.5213080278777135,6.083042216312981e-05,0.0036295485224,0.5176784793553134,143.6288906624102,True,dfc5f2f0b9654530a0d669115efc69db6d86fad341c7c80ed160653ec45a7a72
gaussian_iid_L128_q7_W0.805_r7,bdfbbd4ffc9c385131fd70ae7d349898bf186255e16bfdadacf6b3ea03d576a2,0.805,128,7,393216,10075112737880425626,882632597237696698,4,345862,0.8795725504557291,0.3560350660089862,0.0001214357171357,0.0029346964974469,0.3531003695115393,121.31921182266012,True,c160b5b33ef5241f04fa6d4159909e2069dc8bf601dd746a47aa89b6e6022fd4
gaussian_iid_L128_q7_W0.805_r50,c10f9bb7cbddb004303ca6ed25d56ae3db5177a835e2ec74aee96f72799f5264,0.805,128,7,393216,15298261519125610501,3498468266651514709,4,346252,0.8805643717447916,0.7070284070561326,0.0001386273581091,0.0032288622159583,0.7037995448401743,218.9713774597496,True,5c54aa4169294d3f44a522405d7cf8d0bf2637ac4418f37f629ca41223578933
gaussian_iid_L128_q7_W0.815_r34,c389b88b541c1c9488b4ef0e1900b2c633aacc6483a0b8090fd08a1f6a0cca94,0.815,128,7,393216,840777551738461677,8902537485463578867,4,345752,0.8792928059895834,0.9581867928457392,0.0001879960202688,0.007577685740068,0.9506091071056711,126.44847328244276,True,08d73f028990e2ff8302634895a311bea3086529ef0be37cd8c0b45805cf75db
gaussian_iid_L128_q7_W0.805_r17,c55adc1884097cfec6e84a9a4216b97fe644408da40f9f3c1dbdee1a7e405ae8,0.805,128,7,393216,6429217990907285520,6222212454039518241,4,345499,0.8786493937174479,0.5345572635521376,9.8408389025728e-05,0.0029696178570704,0.5315876456950671,180.00877192982458,True,36cf4d9df0a39a70db5ede6f978c75eaf210aa80d5327423a7c952386bab6dbb
gaussian_iid_L128_q7_W0.805_r12,c60b73396e48493b094ba4ddb340962d52c792b2581f2f21821bc3a8007b2f87,0.805,128,7,393216,14510932720716503721,3241278375788733931,4,345618,0.8789520263671875,0.5964301627808737,0.0001041612416019,0.0045541609522652,0.5918760018286084,130.96378653113086,True,c1b6f011306811c00fc0e24edfdd9d501d4049676258faeb35287b6b531505c7
gaussian_iid_L128_q7_W0.815_r37,c70d04a629415817a05b5148a743b39b19587c97675186fc16ec178cbb12a1d5,0.815,128,7,393216,8873381410207805588,5831080340900233482,4,345493,0.8786341349283854,0.9438830888035358,6.946595155328762e-05,0.0060753763462646,0.9378077124572712,155.36207717960934,True,ccd6f58680f5d5ca656c5d044f9f6a2c4f0b797bbf48f42395fc42f03112e2cb
gaussian_iid_L128_q7_W0.9_r1,c76114432689e4749d5ad9551356b16c75a33ba44ea0f3275788f91d0a7aad58,0.9,128,7,393216,7138177107724583812,18115717769615187850,4,345720,0.87921142578125,0.9696141386092793,0.0004020594700914,0.9435091981950712,0.0261049404142079,1.027667923602808,True,1dd9c4c643f991a37fef60ab463cfa72dfedec5b3960d688331c5b2efdb76b9b
gaussian_iid_L128_q7_W0.805_r24,c88fe4f38f3f1ec1cc61b29f0525bdcbce49ba418d426c34a64067afa64b6a08,0.805,128,7,393216,7180254538204332243,13100190680820062748,4,345852,0.879547119140625,0.7991077108127176,6.07196141702231e-05,0.001729063298752,0.7973786475139655,462.16220735785953,True,2797684097d3065b3348b94f366992ce44d6bef190bad2e3374675bbda977657
gaussian_iid_L128_q7_W0.805_r47,c8b6c003f0bbe5fe01f9a65c966f712362b4b3e87f028f4b0ee098c5ac929f64,0.805,128,7,393216,11531183213366256487,2945063987670548715,4,345383,0.8783543904622396,0.9433266837105474,0.0001824061983363,0.0045659456313715,0.9387607380791758,206.6005072923272,True,8db9f4254ac2a5058ab1cb457f1923c4be867a3c13618d65088f14791f3e0933
gaussian_iid_L128_q7_W0.815_r47,c9a98582ac0915c260ffc92873b6ccf21936242b95254ce89d02b1289dee1648,0.815,128,7,393216,11531183213366256487,2945063987670548715,4,345383,0.8783543904622396,0.9481155702509968,0.0002692662927822,0.005214501003234,0.9429010692477626,181.82287617990005,True,1af5433ecd4de847f3ab3cbf63b0ab3f18c4a97f53c2f4066f82d466218fd446
gaussian_iid_L128_q7_W0.805_r18,ca42c7c08a02c5b458f50335ff9c48149de4bec1418c470531534fde5df4c44d,0.805,128,7,393216,16334574573290883234,6665082092450601631,4,345930,0.8797454833984375,0.3053161044141878,0.000153210187032,0.0027404388171017,0.3025756655970861,111.4113924050633,True,708c97ceff966d9c613a59b28df5ac6f2ef547efc1021d49591a44cfddfd7056
gaussian_iid_L128_q7_W0.805_r82,caf7ba185288b93bbcd337f29f2ce1dce2fd293b8a85a045a77d9f7ced0f82da,0.805,128,7,393216,7531554732278581226,17715125045326936898,4,345459,0.8785476684570312,0.2765509076330331,0.0002026289661001,0.0209894661884623,0.2555614414445708,13.175699903461592,True,7e018bf7a23e34164680d5cedb3942ebf5e358f4333923550fd2fa0099ffeb4b
gaussian_iid_L128_q7_W0.805_r35,cf1860e7732f301da1ae7b886090bc9777058e63449a9594c1a151709aaa14ff,0.805,128,7,393216,7517738910021554732,17161181786200910642,4,345626,0.8789723714192709,0.637559095669886,6.654591957780954e-05,0.0033967351993194,0.6341623604705665,187.6976149914821,True,609fad8d2cfff74046e94c0a092b02a7db7c95a21bc9c6b13ce0e3fc157d78bc
gaussian_iid_L128_q7_W0.805_r85,d376633753be4da8f714b6a05d7bac9ea86f33821f75d74f6b153b3701a85fbb,0.805,128,7,393216,4057278776203121953,14526116657015932430,4,345623,0.8789647420247396,0.4975739461783504,0.0001591329280748,0.0061251710678976,0.4914487751104527,81.23429381199811,True,aea8efc7785b35526cd6faa73dee2de463ec4cef2da8b5c9f725c46f2f5c01eb
gaussian_iid_L128_q7_W0.805_r66,d62e2144811f6ae1ddd7d60aff675a123a195fd09959a1ab92f7d3c06c1e0ca8,0.805,128,7,393216,16090226738909887450,4971226799114426650,4,345629,0.8789800008138021,0.2620237306476019,8.390499639787171e-05,0.0029279950467119,0.25909573560089,89.48913043478261,True,2b76fdf6d2cf811005bdc0c766cb092ebd25af43aba15dbc94a6c9041a2fa987
gaussian_iid_L128_q7_W0.805_r70,d9f40994977fec044398ac443b6e4bd9431f65319dc4a7670b1cb49e3768c208,0.805,128,7,393216,2112816737810682771,16946272037681512460,4,345683,0.8791173299153646,0.4352398006265856,0.0001243914221989,0.0014174836483136,0.433822316978272,307.05102040816325,True,0e92787943550c0e2d38276785ebbf314be9daa75f9a94e7665870158db17797
gaussian_iid_L128_q7_W0.805_r48,dc77b1031361a6af70207a1a4129a19bf3cbee5115806774b441889a3077424c,0.805,128,7,393216,17137183984221111715,5642721056067801990,4,345607,0.8789240519205729,0.7652333430746484,0.00012441877624,0.0025607120226152,0.7626726310520331,298.8361581920904,True,3085de098328b5ac5aa673bfed72e72b444a6010d36cec3e071911c4c53d8bc5
gaussian_iid_L128_q7_W0.805_r4,deaf3ad0bf4eee9e7c717a9a2e4603cfa66da8516cd30f427d2ca2630a9580a1,0.805,128,7,393216,17089777873478898221,16951094302730524563,4,345667,0.8790766398111979,0.5556735239406713,9.25746455403611e-05,0.0031533238637185,0.5525202000769527,176.21834862385325,True,25719ad1ae7f65f7a06f664d4e69de202225574fcf06e0fc82c775ef0c0be8bc
new_q7_sigma24_L128_W0.86_r005,e170b7e3aa4ee9090dafef280df31813f0bd763e442c42ae7e42e8ec56c4bda8,0.86,128,7,393216,7532555194502207944,16896718366110911194,4,345576,0.87884521484375,0.9655386948167696,0.0002951593860684,0.1163014792693937,0.849237215547376,8.302032793411461,True,b2c6b16c5c3e3d577a5f2cd5d26719119a0daf065e1ed9c5ebf42100d44e77d7
gaussian_iid_L128_q7_W0.9_r3,e2b348c07c48e027a40da8503acd68bf4a75ebf438a393c4c5786fe3b6c39153,0.9,128,7,393216,10833399783473843663,9514140423465135883,4,345555,0.8787918090820312,0.9710726223032512,0.0002459811028635,0.900238746364544,0.0708338759387072,1.078683433949891,True,0c0a7148182f45621016e42b42abf3a6aae9a714cd2fed3647f29b6e58741184
gaussian_iid_L128_q7_W0.86_r11,e364d0f4c1095730ad695551cdefa9f59f15c8e26bf680a8a18fad2d1d93a691,0.86,128,7,393216,1962789095212423922,8331814245213072405,4,345511,0.8786799112955729,0.9649620417294964,0.0001244533459137,0.1631236053266032,0.8018384364028931,5.915526693990525,True,fa5948383cf7bf8b523f6d21bd65746e1970892c9872ebebec3d157168c5465a
gaussian_iid_L128_q7_W0.805_r39,e434258601609bb67b1990efa4291f1ca8a52ff459d62c222fe75cd59ba464d8,0.805,128,7,393216,410035023482227096,16347334909696189589,4,345447,0.8785171508789062,0.3333130697328389,8.394920204836052e-05,0.0022145220540343,0.3310985476788046,150.5124183006536,True,fadde4c08e90ca28d3ffdcfda1933e9cacf8cfb686c06afdc462cdc9afd6eaf8
gaussian_iid_L128_q7_W0.815_r29,e46d30ca9963ce8802eddc9b81b84ea3a69b6cb161d3ac053fb12df8f2650d74,0.815,128,7,393216,16070455811797641775,9514684151986914716,4,346111,0.8802057902018229,0.9213604883982306,7.800965586184779e-05,0.0022911724851276,0.919069315913103,402.13493064312735,True,8232877058279964c1afee78809deba29f28a6012d3ca6a9f3839925c223ca82
gaussian_iid_L128_q7_W0.815_r33,e4b9c6854581569044022c27be3fdd00fd29b26b3ef273cb29cccbbdf43df490,0.815,128,7,393216,103267794691267563,9558657099449396158,4,345688,0.8791300455729166,0.958673717340492,0.0001070329314294,0.0055570340885422,0.9531166832519498,172.5153565851119,True,468c2c61b1c19269420ba7819bd50633193c5cf9f8a3ec950cb74b2dfc334993
gaussian_iid_L128_q7_W0.815_r32,ec695363b293552934c9a052643bad6c3225c73161ad92fcf29fa8e5e2c6bffd,0.815,128,7,393216,3881556251207810168,1679162274481348417,4,345553,0.8787867228190104,0.9563655937005322,0.0001186503951636,0.0031717276365709,0.9531938660639612,301.52828467153284,True,5cfd958d6504dae93d84c23da09426e6ef20e7a2428ed1dd5f75910be0fe04db
gaussian_iid_L128_q7_W0.805_r74,ecafc2e8fd825f76d608393797b837bfb64cce3711490dd7a6f0649ed8749c0f,0.805,128,7,393216,11330232844488622701,2855574201888228058,4,345683,0.8791173299153646,0.7033148867604134,6.942777052964711e-05,0.0046863745107511,0.6986285122496623,150.07654320987655,True,bbefca4b54ef656df0632fe0a164de11bc4da04b7e390d02b647cfec93d67008
gaussian_iid_L128_q7_W0.815_r30,eef6a3a515d4536ef1d9a6c7cd5cd2eebda3bcceef370a7624f2637f78cbeca8,0.815,128,7,393216,13456750629205603787,14275671953348227380,4,345695,0.8791478474934896,0.9309622644238418,0.000101245317404,0.0049002733623569,0.9260619910614848,189.9817001180637,True,0c6d138e2292a734f0dadef29cc4146f054d4babf40a38f7b956fbfaa95940a3
gaussian_iid_L128_q7_W0.86_r4,ef1f4cecbd133c3af082163344a3adf704f241923c8db1588bf662f5b7112906,0.86,128,7,393216,17089777873478898221,16951094302730524563,4,345667,0.8790766398111979,0.9661813248010368,0.0001996140794464,0.1624800747540262,0.8037012500470105,5.946460366070793,True,c23ec3e79c3007efe70442e1f736d82559f58d52e66ecad30e632377b1a56f01
gaussian_iid_L128_q7_W0.815_r43,f2483df612eb7a59304a40bfd1baffc3409dabbe618dc88a0b0230defa90b7eb,0.815,128,7,393216,3712375588049045875,18396567138146761278,4,345454,0.8785349527994791,0.5774401222738773,0.0002518425029092,0.004947113074389,0.5724930091994882,116.72264482153308,True,476cb46aa55ecd491b65c33017f15e764fea0ebac9844c7d599035b9d6b3d98c
gaussian_iid_L128_q7_W0.805_r56,f4ad9b12ddc3f998f474365522a54693a914107fb2fff4ac166f0401e333754b,0.805,128,7,393216,16189860492088606334,8402174582709130023,4,345504,0.878662109375,0.9046986431416134,0.0001157728998795,0.0053660739094192,0.8993325692321942,168.59600862998923,True,dc07c6a4b184ed314cc3598c592626cbd4de729e16ce20a5d48723d6e01fc3f2
new_q7_sigma24_L128_W0.9_r015,f5afd2fd4d3fa0eee9e7e48cde720ee5e7b592d023c71d27f0269f5cd3451e31,0.9,128,7,393216,1728608337154320661,13322563696958679764,4,345645,0.8790206909179688,0.9697811338222744,0.0006075597795425,0.9348666984912264,0.0349144353310477,1.0373469665647477,True,5a8f570ace3b7893c53b9c02646847d0904604ab25abaf80dac05027f6e03869
gaussian_iid_L128_q7_W0.805_r71,f748abe5fcffe3a6ab545b6a2680cec95540625f654c3f429149ad185c632f17,0.805,128,7,393216,1490670699555687723,6258409453666446693,4,345621,0.8789596557617188,0.4542721651751485,0.0001244137364338,0.0055870447686917,0.4486851204064568,81.3081305023304,True,e47d4bf869049c4248bf1dc485b7a901ddc2a3873eaa4648832ace53e02d5b37
gaussian_iid_L128_q7_W0.805_r8,f871bcafae1169df9259e38bb2b56a87c75aebcccf085962baff63f7c7d93518,0.805,128,7,393216,4045559426312456630,9351229326151978282,4,345695,0.8791478474934896,0.8457628834666396,0.0004194448863882,0.0100406427631293,0.8357222407035103,84.23393834629789,True,46d1269b69729f0e95afccde24670a4a585ffc8abec8e6246c9103dc01ced912
gaussian_iid_L128_q7_W0.805_r54,fa996835b7c637ffeeca41b8857a7ebf2c81ac17d0e4016dedf1179f9e2e7f1d,0.805,128,7,393216,9713226811676057460,17114826827691908119,4,345453,0.8785324096679688,0.3516165730215109,0.0001215794912766,0.0077521399437839,0.3438644330777269,45.35735623599702,True,7d04686841b6c027ee2ca8754e5ce4b5f87e44a4039bee5c715e1787710d967c
gaussian_iid_L128_q7_W0.805_r63,fbf886097129b6e5df1df8e6bcba44235250ea2911976f5c0d8e8309121631da,0.805,128,7,393216,7836941097405005891,14265760326355153064,4,345497,0.8786443074544271,0.4691357667360353,0.000138930294619,0.0040550279741936,0.4650807387618416,115.6923625981442,True,27041c540936e60728db903e343c201d261f2d55da06d502c401c005f6f40f46
gaussian_iid_L128_q7_W0.815_r21,fc7f5ecd40a6decd441b45272577b325eea62d6ade7ba37df69172943d59be64,0.815,128,7,393216,11284598016601390760,11048363596849849106,4,345533,0.8787358601888021,0.9334651104236064,8.971646702341021e-05,0.0085983104363403,0.924866799987266,108.56378323796702,True,b0fd4b0fc603a13bfe05b2baf199368a30777dffbd86d20437a1d35ae39b41fd
gaussian_iid_L128_q7_W0.9_r6,fecf8ef2050ea55d22a670d419af53326d8caf57e294af430d5e9d3d6d0a96f8,0.9,128,7,393216,18392522625926627476,17181666016768037737,4,345758,0.8793080647786459,0.9684316776473718,0.0004974577594733,0.9354693166897078,0.032962360957664,1.035236175435776,True,651adbe446cac49700f82c07525ebfbb3b3a76d4f6041d047e9c37a10825a749
