state,r_min_R,r_max_R,anchor_n,ordered_pair_n,polarization_squared,exact_permutation_baseline,raw_cos_mean,C_theta_conn,C_theta_perm_excess,graph_id,W,realization
original,0,1,512,38537,0.5352503814720587,0.5352491995496536,0.5363105774399741,0.0010601959679154005,0.0010613778903205695,S1C_W0.790_r00,0.79,0
original,1,2,512,114450,0.5352503814720587,0.5352491995496536,0.5366178158391687,0.0013674343671099543,0.0013686162895151233,S1C_W0.790_r00,0.79,0
original,2,4,512,450529,0.5352503814720587,0.5352491995496536,0.5364384279086428,0.0011880464365841004,0.0011892283589892694,S1C_W0.790_r00,0.79,0
original,4,8,512,1741169,0.5352503814720587,0.5352491995496536,0.5354595547405807,0.00020917326852198936,0.00021035519092715838,S1C_W0.790_r00,0.79,0
reassigned,0,1,512,38537,0.5352503814720587,0.5352491995496536,0.990933136117624,0.4556827546455653,0.45568393656797046,S1C_W0.790_r00,0.79,0
reassigned,1,2,512,114450,0.5352503814720587,0.5352491995496536,0.9573180254917389,0.4220676440196802,0.4220688259420854,S1C_W0.790_r00,0.79,0
reassigned,2,4,512,450529,0.5352503814720587,0.5352491995496536,0.8551808590750155,0.3199304776029568,0.31993165952536196,S1C_W0.790_r00,0.79,0
reassigned,4,8,512,1741169,0.5352503814720587,0.5352491995496536,0.6588019427799909,0.12355156130793221,0.12355274323033738,S1C_W0.790_r00,0.79,0
original,0,1,512,38550,0.535614585607817,0.5356134046116333,0.5383010950300413,0.002686509422224259,0.0026876904184079953,S1C_W0.790_r01,0.79,1
original,1,2,512,113939,0.535614585607817,0.5356134046116333,0.5394442138613449,0.003829628253527839,0.0038308092497115753,S1C_W0.790_r01,0.79,1
original,2,4,512,451165,0.535614585607817,0.5356134046116333,0.5400025826141365,0.004387997006319422,0.004389178002503158,S1C_W0.790_r01,0.79,1
original,4,8,512,1749001,0.535614585607817,0.5356134046116333,0.5392629676038576,0.0036483819960405617,0.003649562992224298,S1C_W0.790_r01,0.79,1
reassigned,0,1,512,38550,0.535614585607817,0.5356134046116333,0.9896415697790021,0.45402698417118503,0.45402816516736877,S1C_W0.790_r01,0.79,1
reassigned,1,2,512,113939,0.535614585607817,0.5356134046116333,0.9509733038584054,0.41535871825058834,0.4153598992467721,S1C_W0.790_r01,0.79,1
reassigned,2,4,512,451165,0.535614585607817,0.5356134046116333,0.8397787808264114,0.3041641952185944,0.3041653762147781,S1C_W0.790_r01,0.79,1
reassigned,4,8,512,1749001,0.535614585607817,0.5356134046116333,0.6424134577996516,0.10679887219183459,0.10680005318801833,S1C_W0.790_r01,0.79,1
original,0,1,512,38373,0.5355225634369521,0.5355213822067434,0.5425679037032641,0.0070453402663119835,0.007046521496520741,S1C_W0.790_r02,0.79,2
original,1,2,512,114316,0.5355225634369521,0.5355213822067434,0.5455621407535126,0.010039577316560466,0.010040758546769224,S1C_W0.790_r02,0.79,2
original,2,4,512,447076,0.5355225634369521,0.5355213822067434,0.5436356589892608,0.008113095552308658,0.008114276782517416,S1C_W0.790_r02,0.79,2
original,4,8,512,1728560,0.5355225634369521,0.5355213822067434,0.5420549247452848,0.006532361308332679,0.006533542538541437,S1C_W0.790_r02,0.79,2
reassigned,0,1,512,38373,0.5355225634369518,0.535521382206743,0.9904751703727406,0.45495260693578876,0.45495378816599763,S1C_W0.790_r02,0.79,2
reassigned,1,2,512,114316,0.5355225634369518,0.535521382206743,0.955310100497018,0.4197875370600662,0.4197887182902751,S1C_W0.790_r02,0.79,2
reassigned,2,4,512,447076,0.5355225634369518,0.535521382206743,0.8506226504135873,0.3151000869766355,0.31510126820684436,S1C_W0.790_r02,0.79,2
reassigned,4,8,512,1728560,0.5355225634369518,0.535521382206743,0.6437221151907874,0.10819955175383555,0.10820073298404442,S1C_W0.790_r02,0.79,2
original,0,1,512,38306,0.536619188507912,0.5366180100665721,0.5279371156063105,-0.0086820729016015,-0.008680894460261546,S1C_W0.790_r03,0.79,3
original,1,2,512,114266,0.536619188507912,0.5366180100665721,0.5294583472792204,-0.00716084122869165,-0.007159662787351695,S1C_W0.790_r03,0.79,3
original,2,4,512,450645,0.536619188507912,0.5366180100665721,0.5294960109922467,-0.007123177515665269,-0.007121999074325314,S1C_W0.790_r03,0.79,3
original,4,8,512,1741367,0.536619188507912,0.5366180100665721,0.5309377512029598,-0.005681437304952186,-0.005680258863612231,S1C_W0.790_r03,0.79,3
reassigned,0,1,512,38306,0.5366191885079125,0.5366180100665725,0.9910613306850624,0.45444214217714995,0.4544433206184899,S1C_W0.790_r03,0.79,3
reassigned,1,2,512,114266,0.5366191885079125,0.5366180100665725,0.9578363513481825,0.42121716284027,0.42121834128160995,S1C_W0.790_r03,0.79,3
reassigned,2,4,512,450645,0.5366191885079125,0.5366180100665725,0.8586781827309502,0.32205899422303774,0.3220601726643777,S1C_W0.790_r03,0.79,3
reassigned,4,8,512,1741367,0.5366191885079125,0.5366180100665725,0.6656190649239444,0.12899987641603194,0.1290010548573719,S1C_W0.790_r03,0.79,3
original,0,1,512,38657,0.5342283069783947,0.5342271224567131,0.5361911908343628,0.0019628838559681006,0.0019640683776497303,S1C_W0.790_r04,0.79,4
original,1,2,512,113453,0.5342283069783947,0.5342271224567131,0.5341913637839538,-3.6943194440919314e-05,-3.575867275928957e-05,S1C_W0.790_r04,0.79,4
original,2,4,512,448048,0.5342283069783947,0.5342271224567131,0.5354988990232578,0.001270592044863017,0.0012717765665446468,S1C_W0.790_r04,0.79,4
original,4,8,512,1729242,0.5342283069783947,0.5342271224567131,0.5355266402467855,0.0012983332683907944,0.0012995177900724242,S1C_W0.790_r04,0.79,4
reassigned,0,1,512,38657,0.5342283069783951,0.5342271224567134,0.9921012707034675,0.45787296372507247,0.4578741482467541,S1C_W0.790_r04,0.79,4
reassigned,1,2,512,113453,0.5342283069783951,0.5342271224567134,0.9613342327341088,0.4271059257557137,0.42710711027739534,S1C_W0.790_r04,0.79,4
reassigned,2,4,512,448048,0.5342283069783951,0.5342271224567134,0.8655867793694844,0.3313584723910893,0.3313596569127709,S1C_W0.790_r04,0.79,4
reassigned,4,8,512,1729242,0.5342283069783951,0.5342271224567134,0.6680939997522783,0.13386569277388327,0.1338668772955649,S1C_W0.790_r04,0.79,4
original,0,1,512,38229,0.536266462741975,0.5362652834036048,0.5217276069105701,-0.014538855831404907,-0.014537676493034724,S1C_W0.790_r05,0.79,5
original,1,2,512,114100,0.536266462741975,0.5362652834036048,0.521482390452607,-0.014784072289367955,-0.014782892950997772,S1C_W0.790_r05,0.79,5
original,2,4,512,448684,0.536266462741975,0.5362652834036048,0.5237173687261614,-0.012549094015813611,-0.012547914677443428,S1C_W0.790_r05,0.79,5
original,4,8,512,1731880,0.536266462741975,0.5362652834036048,0.524833312341614,-0.01143315040036097,-0.011431971061990787,S1C_W0.790_r05,0.79,5
reassigned,0,1,512,38229,0.5362664627419746,0.5362652834036044,0.9908414222264076,0.45457495948443294,0.45457613882280323,S1C_W0.790_r05,0.79,5
reassigned,1,2,512,114100,0.5362664627419746,0.5362652834036044,0.956812191499145,0.42054572875717033,0.42054690809554063,S1C_W0.790_r05,0.79,5
reassigned,2,4,512,448684,0.5362664627419746,0.5362652834036044,0.8558716816117524,0.3196052188697778,0.31960639820814807,S1C_W0.790_r05,0.79,5
reassigned,4,8,512,1731880,0.5362664627419746,0.5362652834036044,0.6632441727192883,0.1269777099773136,0.1269788893156839,S1C_W0.790_r05,0.79,5
original,0,1,512,38742,0.5351037214400975,0.5351025391447157,0.5323739050195198,-0.002729816420577791,-0.0027286341251959723,S1C_W0.790_r06,0.79,6
original,1,2,512,114530,0.5351037214400975,0.5351025391447157,0.5297529365701613,-0.0053507848699362315,-0.005349602574554413,S1C_W0.790_r06,0.79,6
original,2,4,512,450736,0.5351037214400975,0.5351025391447157,0.532196297070418,-0.002907424369679501,-0.0029062420742976824,S1C_W0.790_r06,0.79,6
original,4,8,512,1745707,0.5351037214400975,0.5351025391447157,0.5332890807651456,-0.0018146406749519617,-0.0018134583795701431,S1C_W0.790_r06,0.79,6
reassigned,0,1,512,38742,0.5351037214400975,0.5351025391447157,0.9915295197711881,0.45642579833109054,0.45642698062647236,S1C_W0.790_r06,0.79,6
reassigned,1,2,512,114530,0.5351037214400975,0.5351025391447157,0.9586686078851993,0.4235648864451017,0.4235660687404835,S1C_W0.790_r06,0.79,6
reassigned,2,4,512,450736,0.5351037214400975,0.5351025391447157,0.8586319613262838,0.3235282398861863,0.3235294221815681,S1C_W0.790_r06,0.79,6
reassigned,4,8,512,1745707,0.5351037214400975,0.5351025391447157,0.6532849391384999,0.1181812176984024,0.11818239999378422,S1C_W0.790_r06,0.79,6
original,0,1,512,38091,0.5355430381537809,0.5355418569756422,0.5348171769244289,-0.0007258612293520317,-0.0007246800512132889,S1C_W0.790_r07,0.79,7
original,1,2,512,113373,0.5355430381537809,0.5355418569756422,0.5396034768069563,0.004060438653175402,0.004061619831314145,S1C_W0.790_r07,0.79,7
original,2,4,512,446811,0.5355430381537809,0.5355418569756422,0.5372650800407668,0.0017220418869858811,0.0017232230651246239,S1C_W0.790_r07,0.79,7
original,4,8,512,1729375,0.5355430381537809,0.5355418569756422,0.5376163304121947,0.0020732922584137947,0.0020744734365525375,S1C_W0.790_r07,0.79,7
reassigned,0,1,512,38091,0.5355430381537809,0.5355418569756422,0.9914983836674541,0.4559553455136732,0.45595652669181197,S1C_W0.790_r07,0.79,7
reassigned,1,2,512,113373,0.5355430381537809,0.5355418569756422,0.9596709052172004,0.42412786706341954,0.4241290482415583,S1C_W0.790_r07,0.79,7
reassigned,2,4,512,446811,0.5355430381537809,0.5355418569756422,0.8606854202000525,0.32514238204627155,0.3251435632244103,S1C_W0.790_r07,0.79,7
reassigned,4,8,512,1729375,0.5355430381537809,0.5355418569756422,0.6506020866877581,0.11505904853397719,0.11506022971211594,S1C_W0.790_r07,0.79,7
original,0,1,512,38298,0.5356984378844569,0.535697257101521,0.5470751584328853,0.01137672054842842,0.011377901331364293,S1C_W0.790_r08,0.79,8
original,1,2,512,113588,0.5356984378844569,0.535697257101521,0.5440563109697605,0.008357873085303558,0.00835905386823943,S1C_W0.790_r08,0.79,8
original,2,4,512,448337,0.5356984378844569,0.535697257101521,0.5415914795048078,0.0058930416203508695,0.005894222403286742,S1C_W0.790_r08,0.79,8
original,4,8,512,1742943,0.5356984378844569,0.535697257101521,0.5426735563344444,0.006975118449987439,0.006976299232923311,S1C_W0.790_r08,0.79,8
reassigned,0,1,512,38298,0.5356984378844569,0.535697257101521,0.9896901243897207,0.4539916865052638,0.45399286728819965,S1C_W0.790_r08,0.79,8
reassigned,1,2,512,113588,0.5356984378844569,0.535697257101521,0.9517529570914659,0.416054519207009,0.41605569998994485,S1C_W0.790_r08,0.79,8
reassigned,2,4,512,448337,0.5356984378844569,0.535697257101521,0.8465111778990394,0.3108127400145825,0.31081392079751835,S1C_W0.790_r08,0.79,8
reassigned,4,8,512,1742943,0.5356984378844569,0.535697257101521,0.662201703943176,0.1265032660587191,0.12650444684165496,S1C_W0.790_r08,0.79,8
original,0,1,512,38644,0.5359911803178324,0.535990000279381,0.5304658474480671,-0.005525332869765309,-0.005524152831313911,S1C_W0.790_r09,0.79,9
original,1,2,512,113438,0.5359911803178324,0.535990000279381,0.5279214901906256,-0.008069690127206819,-0.00806851008875542,S1C_W0.790_r09,0.79,9
original,2,4,512,448324,0.5359911803178324,0.535990000279381,0.5277468714406652,-0.008244308877167206,-0.008243128838715807,S1C_W0.790_r09,0.79,9
original,4,8,512,1734597,0.5359911803178324,0.535990000279381,0.5299502040630937,-0.006040976254738761,-0.006039796216287363,S1C_W0.790_r09,0.79,9
reassigned,0,1,512,38644,0.5359911803178324,0.535990000279381,0.9908724771894387,0.4548812968716063,0.4548824769100577,S1C_W0.790_r09,0.79,9
reassigned,1,2,512,113438,0.5359911803178324,0.535990000279381,0.9562801971677963,0.4202890168499639,0.4202901968884153,S1C_W0.790_r09,0.79,9
reassigned,2,4,512,448324,0.5359911803178324,0.535990000279381,0.8539595730583052,0.3179683927404727,0.3179695727789241,S1C_W0.790_r09,0.79,9
reassigned,4,8,512,1734597,0.5359911803178324,0.535990000279381,0.6760727944440698,0.14008161412623732,0.14008279416468872,S1C_W0.790_r09,0.79,9
original,0,1,512,38579,0.5364674389859467,0.5364662601586868,0.5290449396397312,-0.0074224993462155275,-0.00742132051895561,S1C_W0.790_r10,0.79,10
original,1,2,512,114164,0.5364674389859467,0.5364662601586868,0.5285240896260459,-0.00794334935990082,-0.007942170532640902,S1C_W0.790_r10,0.79,10
original,2,4,512,447164,0.5364674389859467,0.5364662601586868,0.5293624304288083,-0.00710500855713847,-0.0071038297298785524,S1C_W0.790_r10,0.79,10
original,4,8,512,1743592,0.5364674389859467,0.5364662601586868,0.5270685248338691,-0.009398914152077609,-0.009397735324817691,S1C_W0.790_r10,0.79,10
reassigned,0,1,512,38579,0.5364674389859464,0.5364662601586865,0.989069057875591,0.45260161888964456,0.4526027977169045,S1C_W0.790_r10,0.79,10
reassigned,1,2,512,114164,0.5364674389859464,0.5364662601586865,0.9493906936112433,0.4129232546252969,0.4129244334525568,S1C_W0.790_r10,0.79,10
reassigned,2,4,512,447164,0.5364674389859464,0.5364662601586865,0.8368799580992797,0.30041251911333333,0.30041369794059325,S1C_W0.790_r10,0.79,10
reassigned,4,8,512,1743592,0.5364674389859464,0.5364662601586865,0.6356229252715975,0.09915548628565107,0.09915666511291099,S1C_W0.790_r10,0.79,10
original,0,1,512,38766,0.5357121957704166,0.535711015022469,0.5528913359008792,0.017179140130462622,0.01718032087841026,S1C_W0.790_r11,0.79,11
original,1,2,512,114019,0.5357121957704166,0.535711015022469,0.5523845086314698,0.016672312861053196,0.016673493609000833,S1C_W0.790_r11,0.79,11
original,2,4,512,450871,0.5357121957704166,0.535711015022469,0.5529101641958789,0.017197968425462284,0.017199149173409922,S1C_W0.790_r11,0.79,11
original,4,8,512,1751903,0.5357121957704166,0.535711015022469,0.5524334303807631,0.01672123461034647,0.016722415358294107,S1C_W0.790_r11,0.79,11
reassigned,0,1,512,38766,0.5357121957704165,0.5357110150224689,0.9900477730980972,0.4543355773276807,0.45433675807562834,S1C_W0.790_r11,0.79,11
reassigned,1,2,512,114019,0.5357121957704165,0.5357110150224689,0.9533346597555139,0.4176224639850974,0.41762364473304503,S1C_W0.790_r11,0.79,11
reassigned,2,4,512,450871,0.5357121957704165,0.5357110150224689,0.8455671452295772,0.3098549494591607,0.30985613020710834,S1C_W0.790_r11,0.79,11
reassigned,4,8,512,1751903,0.5357121957704165,0.5357110150224689,0.6476956379095584,0.11198344213914191,0.11198462288708955,S1C_W0.790_r11,0.79,11
original,0,1,512,38175,0.5350435935841674,0.5350424111358721,0.5352436802238131,0.00020008663964565798,0.00020126908794093623,S1C_W0.790_r12,0.79,12
original,1,2,512,113701,0.5350435935841674,0.5350424111358721,0.5379626336439292,0.002919040059761735,0.0029202225080570132,S1C_W0.790_r12,0.79,12
original,2,4,512,448464,0.5350435935841674,0.5350424111358721,0.5360907352898512,0.0010471417056837629,0.001048324153979041,S1C_W0.790_r12,0.79,12
original,4,8,512,1740303,0.5350435935841674,0.5350424111358721,0.5371275253395785,0.002083931755411106,0.002085114203706384,S1C_W0.790_r12,0.79,12
reassigned,0,1,512,38175,0.5350435935841675,0.5350424111358723,0.9899014977600155,0.4548579041758479,0.4548590866241432,S1C_W0.790_r12,0.79,12
reassigned,1,2,512,113701,0.5350435935841675,0.5350424111358723,0.9521703769082899,0.41712678332412234,0.4171279657724176,S1C_W0.790_r12,0.79,12
reassigned,2,4,512,448464,0.5350435935841675,0.5350424111358723,0.8426800112750544,0.3076364176908869,0.3076376001391822,S1C_W0.790_r12,0.79,12
reassigned,4,8,512,1740303,0.5350435935841675,0.5350424111358723,0.6458837192951925,0.11084012571102497,0.11084130815932025,S1C_W0.790_r12,0.79,12
original,0,1,512,38413,0.5352440247199207,0.5352428427813495,0.5346589558370833,-0.0005850688828373807,-0.0005838869442661432,S1C_W0.790_r13,0.79,13
original,1,2,512,113330,0.5352440247199207,0.5352428427813495,0.5371480848722026,0.001904060152281839,0.0019052420908530765,S1C_W0.790_r13,0.79,13
original,2,4,512,446883,0.5352440247199207,0.5352428427813495,0.5363243564728651,0.001080331752944419,0.0010815136915156565,S1C_W0.790_r13,0.79,13
original,4,8,512,1727789,0.5352440247199207,0.5352428427813495,0.5363693183140206,0.001125293594099852,0.0011264755326710896,S1C_W0.790_r13,0.79,13
reassigned,0,1,512,38413,0.5352440247199207,0.5352428427813495,0.9903915358106701,0.45514751109074936,0.4551486930293206,S1C_W0.790_r13,0.79,13
reassigned,1,2,512,113330,0.5352440247199207,0.5352428427813495,0.9548932611363502,0.4196492364164295,0.4196504183550007,S1C_W0.790_r13,0.79,13
reassigned,2,4,512,446883,0.5352440247199207,0.5352428427813495,0.8467329730168975,0.3114889482969768,0.31149013023554806,S1C_W0.790_r13,0.79,13
reassigned,4,8,512,1727789,0.5352440247199207,0.5352428427813495,0.6326706170112447,0.097426592291324,0.09742777422989524,S1C_W0.790_r13,0.79,13
original,0,1,512,38556,0.5367261946358435,0.5367250164666348,0.5504434286300434,0.013717233994199884,0.013718412163408522,S1C_W0.790_r14,0.79,14
original,1,2,512,113833,0.5367261946358435,0.5367250164666348,0.5510298097387554,0.014303615102911893,0.01430479327212053,S1C_W0.790_r14,0.79,14
original,2,4,512,447590,0.5367261946358435,0.5367250164666348,0.5513901800089254,0.01466398537308189,0.014665163542290527,S1C_W0.790_r14,0.79,14
original,4,8,512,1738429,0.5367261946358435,0.5367250164666348,0.5509882151607118,0.014262020524868357,0.014263198694076995,S1C_W0.790_r14,0.79,14
reassigned,0,1,512,38556,0.5367261946358435,0.5367250164666348,0.9894788419627848,0.4527526473269413,0.45275382549614995,S1C_W0.790_r14,0.79,14
reassigned,1,2,512,113833,0.5367261946358435,0.5367250164666348,0.951001036535661,0.41427484189981756,0.4142760200690262,S1C_W0.790_r14,0.79,14
reassigned,2,4,512,447590,0.5367261946358435,0.5367250164666348,0.8392232686351091,0.3024970739992656,0.30249825216847426,S1C_W0.790_r14,0.79,14
reassigned,4,8,512,1738429,0.5367261946358435,0.5367250164666348,0.6371747368322923,0.10044854219644883,0.10044972036565747,S1C_W0.790_r14,0.79,14
original,0,1,512,38701,0.5366728615586752,0.5366716832538332,0.5456255587367982,0.00895269717812297,0.008953875482965001,S1C_W0.790_r15,0.79,15
original,1,2,512,114917,0.5366728615586752,0.5366716832538332,0.5433957599340553,0.006722898375380093,0.006724076680222124,S1C_W0.790_r15,0.79,15
original,2,4,512,449504,0.5366728615586752,0.5366716832538332,0.5426618938406319,0.0059890322819566855,0.0059902105867987165,S1C_W0.790_r15,0.79,15
original,4,8,512,1744849,0.5366728615586752,0.5366716832538332,0.5435895528750677,0.006916691316392498,0.006917869621234529,S1C_W0.790_r15,0.79,15
reassigned,0,1,512,38701,0.5366728615586751,0.5366716832538331,0.9912124750263701,0.454539613467695,0.45454079177253703,S1C_W0.790_r15,0.79,15
reassigned,1,2,512,114917,0.5366728615586751,0.5366716832538331,0.9584809228912579,0.42180806133258275,0.4218092396374248,S1C_W0.790_r15,0.79,15
reassigned,2,4,512,449504,0.5366728615586751,0.5366716832538331,0.8572406183050988,0.3205677567464237,0.3205689350512657,S1C_W0.790_r15,0.79,15
reassigned,4,8,512,1744849,0.5366728615586751,0.5366716832538331,0.65386509452558,0.11719223296690484,0.11719341127174687,S1C_W0.790_r15,0.79,15
original,0,1,512,38537,0.5267869348831342,0.5267857314370167,0.5278612119803064,0.001074277097172227,0.001075480543289764,S1C_W0.800_r00,0.8,0
original,1,2,512,114450,0.5267869348831342,0.5267857314370167,0.5281699554473519,0.0013830205642176852,0.0013842240103352221,S1C_W0.800_r00,0.8,0
original,2,4,512,450529,0.5267869348831342,0.5267857314370167,0.5280057702907167,0.001218835407582497,0.001220038853700034,S1C_W0.800_r00,0.8,0
original,4,8,512,1741169,0.5267869348831342,0.5267857314370167,0.5270099964184628,0.00022306153532858364,0.00022426498144612061,S1C_W0.800_r00,0.8,0
reassigned,0,1,512,38537,0.5267869348831344,0.5267857314370169,0.9907062763217261,0.4639193414385917,0.46392054488470924,S1C_W0.800_r00,0.8,0
reassigned,1,2,512,114450,0.5267869348831344,0.5267857314370169,0.9562601740830521,0.42947323919991764,0.4294744426460352,S1C_W0.800_r00,0.8,0
reassigned,2,4,512,450529,0.5267869348831344,0.5267857314370169,0.8517883947695319,0.3250014598863975,0.32500266333251504,S1C_W0.800_r00,0.8,0
reassigned,4,8,512,1741169,0.5267869348831344,0.5267857314370169,0.6518643753570611,0.12507744047392666,0.1250786439200442,S1C_W0.800_r00,0.8,0
original,0,1,512,38550,0.5271613100197445,0.5271601075257146,0.5297608452045162,0.0025995351847716286,0.0026007376788015346,S1C_W0.800_r01,0.8,1
original,1,2,512,113939,0.5271613100197445,0.5271601075257146,0.5309613566443915,0.0038000466246469466,0.0038012491186768527,S1C_W0.800_r01,0.8,1
original,2,4,512,451165,0.5271613100197445,0.5271601075257146,0.5315046233290395,0.004343313309294938,0.004344515803324844,S1C_W0.800_r01,0.8,1
original,4,8,512,1749001,0.5271613100197445,0.5271601075257146,0.5307574241085978,0.003596114088853297,0.0035973165828832032,S1C_W0.800_r01,0.8,1
reassigned,0,1,512,38550,0.5271613100197445,0.5271601075257146,0.9893806874830747,0.4622193774633302,0.4622205799573601,S1C_W0.800_r01,0.8,1
reassigned,1,2,512,113939,0.5271613100197445,0.5271601075257146,0.9497612248141519,0.4225999147944074,0.4226011172884373,S1C_W0.800_r01,0.8,1
reassigned,2,4,512,451165,0.5271613100197445,0.5271601075257146,0.8360730578747485,0.30891174785500397,0.3089129503490339,S1C_W0.800_r01,0.8,1
reassigned,4,8,512,1749001,0.5271613100197445,0.5271601075257146,0.6353338693498686,0.10817255933012404,0.10817376182415395,S1C_W0.800_r01,0.8,1
original,0,1,512,38373,0.527069589530892,0.5270683868036041,0.5341954636661452,0.0071258741352532295,0.007127076862541104,S1C_W0.800_r02,0.8,2
original,1,2,512,114316,0.527069589530892,0.5270683868036041,0.5372042287601289,0.010134639229236853,0.010135841956524727,S1C_W0.800_r02,0.8,2
original,2,4,512,447076,0.527069589530892,0.5270683868036041,0.5352656999344615,0.00819611040356949,0.008197313130857364,S1C_W0.800_r02,0.8,2
original,4,8,512,1728560,0.527069589530892,0.5270683868036041,0.5336614954512668,0.006591905920374841,0.006593108647662715,S1C_W0.800_r02,0.8,2
reassigned,0,1,512,38373,0.5270695895308919,0.5270683868036041,0.9902401620916106,0.4631705725607187,0.46317177528800646,S1C_W0.800_r02,0.8,2
reassigned,1,2,512,114316,0.5270695895308919,0.5270683868036041,0.9542207474243414,0.4271511578934495,0.42715236062073725,S1C_W0.800_r02,0.8,2
reassigned,2,4,512,447076,0.5270695895308919,0.5270683868036041,0.8471853473582908,0.3201157578273989,0.32011696055468664,S1C_W0.800_r02,0.8,2
reassigned,4,8,512,1728560,0.5270695895308919,0.5270683868036041,0.6365518725851204,0.10948228305422847,0.10948348578151623,S1C_W0.800_r02,0.8,2
original,0,1,512,38306,0.5281764184122598,0.5281752184997907,0.5193730994275141,-0.008803318984745734,-0.00880211907227657,S1C_W0.800_r03,0.8,3
original,1,2,512,114266,0.5281764184122598,0.5281752184997907,0.5208997801441881,-0.007276638268071678,-0.007275438355602515,S1C_W0.800_r03,0.8,3
original,2,4,512,450645,0.5281764184122598,0.5281752184997907,0.5209383131865793,-0.007238105225680469,-0.007236905313211306,S1C_W0.800_r03,0.8,3
original,4,8,512,1741367,0.5281764184122598,0.5281752184997907,0.5223918158166647,-0.005784602595595101,-0.005783402683125938,S1C_W0.800_r03,0.8,3
reassigned,0,1,512,38306,0.5281764184122599,0.5281752184997907,0.9908353134839276,0.4626588950716677,0.46266009498413696,S1C_W0.800_r03,0.8,3
reassigned,1,2,512,114266,0.5281764184122599,0.5281752184997907,0.9567903022587165,0.4286138838464566,0.4286150837589259,S1C_W0.800_r03,0.8,3
reassigned,2,4,512,450645,0.5281764184122599,0.5281752184997907,0.8553809396944457,0.3272045212821858,0.3272057211946551,S1C_W0.800_r03,0.8,3
reassigned,4,8,512,1741367,0.5281764184122599,0.5281752184997907,0.6588091804007329,0.13063276198847296,0.13063396190094223,S1C_W0.800_r03,0.8,3
original,0,1,512,38657,0.5257587309741338,0.5257575249131519,0.5277454346355289,0.001986703661395084,0.001987909722377057,S1C_W0.800_r04,0.8,4
original,1,2,512,113453,0.5257587309741338,0.5257575249131519,0.5257530312202652,-5.69975386865984e-06,-4.493692886686773e-06,S1C_W0.800_r04,0.8,4
original,2,4,512,448048,0.5257587309741338,0.5257575249131519,0.5270714472102083,0.0013127162360744293,0.0013139222970564024,S1C_W0.800_r04,0.8,4
original,4,8,512,1729242,0.5257587309741338,0.5257575249131519,0.5270991253403029,0.001340394366169062,0.0013416004271510351,S1C_W0.800_r04,0.8,4
reassigned,0,1,512,38657,0.5257587309741338,0.5257575249131519,0.9919009417575145,0.4661422107833807,0.46614341684436267,S1C_W0.800_r04,0.8,4
reassigned,1,2,512,113453,0.5257587309741338,0.5257575249131519,0.9603693590064508,0.434610628032317,0.43461183409329895,S1C_W0.800_r04,0.8,4
reassigned,2,4,512,448048,0.5257587309741338,0.5257575249131519,0.8624205439123488,0.33666181293821495,0.33666301899919693,S1C_W0.800_r04,0.8,4
reassigned,4,8,512,1729242,0.5257587309741338,0.5257575249131519,0.6613213204471257,0.13556258947299182,0.1355637955339738,S1C_W0.800_r04,0.8,4
original,0,1,512,38229,0.5278201390592934,0.5278189382407565,0.5131078971284485,-0.01471224193084486,-0.014711041112308032,S1C_W0.800_r05,0.8,5
original,1,2,512,114100,0.5278201390592934,0.5278189382407565,0.512858279224904,-0.014961859834389357,-0.014960659015852529,S1C_W0.800_r05,0.8,5
original,2,4,512,448684,0.5278201390592934,0.5278189382407565,0.5151022165733616,-0.012717922485931732,-0.012716721667394904,S1C_W0.800_r05,0.8,5
original,4,8,512,1731880,0.5278201390592934,0.5278189382407565,0.5162366819097435,-0.011583457149549892,-0.011582256331013063,S1C_W0.800_r05,0.8,5
reassigned,0,1,512,38229,0.5278201390592929,0.5278189382407561,0.9906134595347611,0.4627933204754682,0.462794521294005,S1C_W0.800_r05,0.8,5
reassigned,1,2,512,114100,0.5278201390592929,0.5278189382407561,0.9557397299324849,0.427919590873192,0.4279207916917288,S1C_W0.800_r05,0.8,5
reassigned,2,4,512,448684,0.5278201390592929,0.5278189382407561,0.8524935897145653,0.3246734506552724,0.32467465147380925,S1C_W0.800_r05,0.8,5
reassigned,4,8,512,1731880,0.5278201390592929,0.5278189382407561,0.6563010832550312,0.1284809441957383,0.12848214501427513,S1C_W0.800_r05,0.8,5
original,0,1,512,38742,0.5266440032638653,0.5266427994542529,0.523866735524416,-0.0027772677394493073,-0.0027760639298368694,S1C_W0.800_r06,0.8,6
original,1,2,512,114530,0.5266440032638653,0.5266427994542529,0.5211752059319356,-0.005468797331929731,-0.005467593522317293,S1C_W0.800_r06,0.8,6
original,2,4,512,450736,0.5266440032638653,0.5266427994542529,0.5236787411513695,-0.0029652621124958145,-0.0029640583028833767,S1C_W0.800_r06,0.8,6
original,4,8,512,1745707,0.5266440032638653,0.5266427994542529,0.5247777179259685,-0.0018662853378967892,-0.0018650815282843514,S1C_W0.800_r06,0.8,6
reassigned,0,1,512,38742,0.5266440032638646,0.5266427994542522,0.991318444645842,0.46467444138197733,0.46467564519158977,S1C_W0.800_r06,0.8,6
reassigned,1,2,512,114530,0.5266440032638646,0.5266427994542522,0.9576475346952626,0.431003531431398,0.43100473524101046,S1C_W0.800_r06,0.8,6
reassigned,2,4,512,450736,0.5266440032638646,0.5266427994542522,0.8553435869147338,0.32869958365086915,0.3287007874604816,S1C_W0.800_r06,0.8,6
reassigned,4,8,512,1745707,0.5266440032638646,0.5266427994542522,0.6464151213374617,0.11977111807359708,0.11977232188320952,S1C_W0.800_r06,0.8,6
original,0,1,512,38091,0.5270930338411348,0.5270918311734691,0.5263310882088893,-0.0007619456322455198,-0.0007607429645798414,S1C_W0.800_r07,0.8,7
original,1,2,512,113373,0.5270930338411348,0.5270918311734691,0.5311649021043101,0.004071868263175293,0.004073070930840972,S1C_W0.800_r07,0.8,7
original,2,4,512,446811,0.5270930338411348,0.5270918311734691,0.5287757138862821,0.0016826800451472668,0.0016838827128129452,S1C_W0.800_r07,0.8,7
original,4,8,512,1729375,0.5270930338411348,0.5270918311734691,0.5291505642064661,0.002057530365331295,0.0020587330329969733,S1C_W0.800_r07,0.8,7
reassigned,0,1,512,38091,0.5270930338411345,0.5270918311734688,0.9912901776416676,0.4641971438005331,0.4641983464681988,S1C_W0.800_r07,0.8,7
reassigned,1,2,512,113373,0.5270930338411345,0.5270918311734688,0.958676941317754,0.43158390747661957,0.43158511014428524,S1C_W0.800_r07,0.8,7
reassigned,2,4,512,446811,0.5270930338411345,0.5270918311734688,0.8574393145596988,0.3303462807185643,0.33034748338623,S1C_W0.800_r07,0.8,7
reassigned,4,8,512,1729375,0.5270930338411345,0.5270918311734688,0.6435561177499073,0.1164630839087728,0.11646428657643848,S1C_W0.800_r07,0.8,7
original,0,1,512,38298,0.5272447774326239,0.5272435751508631,0.5387400990139288,0.011495321581304951,0.011496523863065766,S1C_W0.800_r08,0.8,8
original,1,2,512,113588,0.5272447774326239,0.5272435751508631,0.5356911325485665,0.008446355115942605,0.00844755739770342,S1C_W0.800_r08,0.8,8
original,2,4,512,448337,0.5272447774326239,0.5272435751508631,0.5332048293791153,0.005960051946491407,0.005961254228252222,S1C_W0.800_r08,0.8,8
original,4,8,512,1742943,0.5272447774326239,0.5272435751508631,0.5343005731234721,0.007055795690848243,0.007056997972609058,S1C_W0.800_r08,0.8,8
reassigned,0,1,512,38298,0.5272447774326239,0.5272435751508631,0.9894289545294684,0.46218417709684456,0.4621853793786054,S1C_W0.800_r08,0.8,8
reassigned,1,2,512,113588,0.5272447774326239,0.5272435751508631,0.9505604999619645,0.4233157225293406,0.4233169248111014,S1C_W0.800_r08,0.8,8
reassigned,2,4,512,448337,0.5272447774326239,0.5272435751508631,0.8429713216110051,0.3157265441783812,0.315727746460142,S1C_W0.800_r08,0.8,8
reassigned,4,8,512,1742943,0.5272447774326239,0.5272435751508631,0.6554911092335556,0.1282463318009317,0.12824753408269252,S1C_W0.800_r08,0.8,8
original,0,1,512,38644,0.5275369705191845,0.527535768980511,0.5219699789531923,-0.005566991565992163,-0.005565790027318718,S1C_W0.800_r09,0.8,9
original,1,2,512,113438,0.5275369705191845,0.527535768980511,0.5193807215686178,-0.008156248950566658,-0.008155047411893213,S1C_W0.800_r09,0.8,9
original,2,4,512,448324,0.5275369705191845,0.527535768980511,0.5191876817416359,-0.008349288777548591,-0.008348087238875146,S1C_W0.800_r09,0.8,9
original,4,8,512,1734597,0.5275369705191845,0.527535768980511,0.521416132602835,-0.006120837916349431,-0.0061196363776759855,S1C_W0.800_r09,0.8,9
reassigned,0,1,512,38644,0.5275369705191847,0.5275357689805112,0.9906489337842427,0.463111963265058,0.46311316480373144,S1C_W0.800_r09,0.8,9
reassigned,1,2,512,113438,0.5275369705191847,0.5275357689805112,0.9552060365337273,0.4276690660145426,0.427670267553216,S1C_W0.800_r09,0.8,9
reassigned,2,4,512,448324,0.5275369705191847,0.5275357689805112,0.8505962925267408,0.32305932200755616,0.3230605235462296,S1C_W0.800_r09,0.8,9
reassigned,4,8,512,1734597,0.5275369705191847,0.5275357689805112,0.6695390155105653,0.14200204499138058,0.14200324653005403,S1C_W0.800_r09,0.8,9
original,0,1,512,38579,0.5280249809360044,0.5280237806384088,0.5205176021144468,-0.007507378821557609,-0.00750617852396207,S1C_W0.800_r10,0.8,10
original,1,2,512,114164,0.5280249809360044,0.5280237806384088,0.5199820985616754,-0.00804288237432893,-0.008041682076733392,S1C_W0.800_r10,0.8,10
original,2,4,512,447164,0.5280249809360044,0.5280237806384088,0.520833810706417,-0.007191170229587374,-0.007189969931991835,S1C_W0.800_r10,0.8,10
original,4,8,512,1743592,0.5280249809360044,0.5280237806384088,0.5185046002032159,-0.009520380732788492,-0.009519180435192953,S1C_W0.800_r10,0.8,10
reassigned,0,1,512,38579,0.528024980936004,0.5280237806384084,0.9887925024973937,0.46076752156138967,0.4607687218589853,S1C_W0.800_r10,0.8,10
reassigned,1,2,512,114164,0.528024980936004,0.5280237806384084,0.9481371522362384,0.42011217130023437,0.42011337159783,S1C_W0.800_r10,0.8,10
reassigned,2,4,512,447164,0.528024980936004,0.5280237806384084,0.8331091770564999,0.30508419612049587,0.3050853964180915,S1C_W0.800_r10,0.8,10
reassigned,4,8,512,1743592,0.528024980936004,0.5280237806384084,0.6283149797621053,0.10028999882610123,0.10029119912369688,S1C_W0.800_r10,0.8,10
original,0,1,512,38766,0.5272590471292153,0.5272578448837444,0.544515614593722,0.017256567464506656,0.01725776970997761,S1C_W0.800_r11,0.8,11
original,1,2,512,114019,0.5272590471292153,0.5272578448837444,0.5440063234379261,0.016747276308710757,0.01674847855418171,S1C_W0.800_r11,0.8,11
original,2,4,512,450871,0.5272590471292153,0.5272578448837444,0.5445590488381311,0.01730000170891577,0.017301203954386724,S1C_W0.800_r11,0.8,11
original,4,8,512,1751903,0.5272590471292153,0.5272578448837444,0.5440736469087621,0.0168145997795468,0.016815802025017756,S1C_W0.800_r11,0.8,11
reassigned,0,1,512,38766,0.5272590471292153,0.5272578448837444,0.9897951431240762,0.4625360959948609,0.46253729824033185,S1C_W0.800_r11,0.8,11
reassigned,1,2,512,114019,0.5272590471292153,0.5272578448837444,0.9521752893957902,0.4249162422665749,0.4249174445120458,S1C_W0.800_r11,0.8,11
reassigned,2,4,512,450871,0.5272590471292153,0.5272578448837444,0.8419800842394932,0.3147210371102779,0.31472223935574883,S1C_W0.800_r11,0.8,11
reassigned,4,8,512,1751903,0.5272590471292153,0.5272578448837444,0.6406150501130934,0.11335600298387805,0.113357205229349,S1C_W0.800_r11,0.8,11
original,0,1,512,38175,0.5265900537629401,0.5265888498161267,0.5267499193582,0.0001598655952599337,0.00016106954207328883,S1C_W0.800_r12,0.8,12
original,1,2,512,113701,0.5265900537629401,0.5265888498161267,0.5295088186774336,0.002918764914493499,0.002919968861306854,S1C_W0.800_r12,0.8,12
original,2,4,512,448464,0.5265900537629401,0.5265888498161267,0.5276162522132862,0.0010261984503461274,0.0010274023971594826,S1C_W0.800_r12,0.8,12
original,4,8,512,1740303,0.5265900537629401,0.5265888498161267,0.528672809292907,0.002082755529966951,0.002083959476780306,S1C_W0.800_r12,0.8,12
reassigned,0,1,512,38175,0.5265900537629402,0.5265888498161267,0.9896505511542311,0.46306049739129085,0.4630617013381043,S1C_W0.800_r12,0.8,12
reassigned,1,2,512,113701,0.5265900537629402,0.5265888498161267,0.9509919522169235,0.42440189845398324,0.4244031024007967,S1C_W0.800_r12,0.8,12
reassigned,2,4,512,448464,0.5265900537629402,0.5265888498161267,0.8390410388965537,0.31245098513361347,0.31245218908042693,S1C_W0.800_r12,0.8,12
reassigned,4,8,512,1740303,0.5265900537629402,0.5265888498161267,0.6386982807245317,0.1121082269615915,0.11210943090840497,S1C_W0.800_r12,0.8,12
original,0,1,512,38413,0.526790568143797,0.5267893647069193,0.5262018602393097,-0.0005887079044872845,-0.0005875044676095786,S1C_W0.800_r13,0.8,13
original,1,2,512,113330,0.526790568143797,0.5267893647069193,0.5286741555191656,0.001883587375368645,0.0018847908122463508,S1C_W0.800_r13,0.8,13
original,2,4,512,446883,0.526790568143797,0.5267893647069193,0.5278336477670174,0.0010430796232203665,0.0010442830600980724,S1C_W0.800_r13,0.8,13
original,4,8,512,1727789,0.526790568143797,0.5267893647069193,0.5278846767254074,0.001094108581610409,0.0010953120184881149,S1C_W0.800_r13,0.8,13
reassigned,0,1,512,38413,0.526790568143797,0.5267893647069193,0.990147688628748,0.46335712048495103,0.46335832392182874,S1C_W0.800_r13,0.8,13
reassigned,1,2,512,113330,0.526790568143797,0.5267893647069193,0.9537810220892216,0.42699045394542456,0.42699165738230227,S1C_W0.800_r13,0.8,13
reassigned,2,4,512,446883,0.526790568143797,0.5267893647069193,0.843202725125494,0.316412156981697,0.3164133604185747,S1C_W0.800_r13,0.8,13
reassigned,4,8,512,1727789,0.526790568143797,0.5267893647069193,0.625443247882039,0.09865267973824199,0.0986538831751197,S1C_W0.800_r13,0.8,13
original,0,1,512,38556,0.5282859681130186,0.5282847684791494,0.5421422871052121,0.013856318992193417,0.01385751862606266,S1C_W0.800_r14,0.8,14
original,1,2,512,113833,0.5282859681130186,0.5282847684791494,0.5427037233524128,0.014417755239394148,0.01441895487326339,S1C_W0.800_r14,0.8,14
original,2,4,512,447590,0.5282859681130186,0.5282847684791494,0.5430895319512822,0.014803563838263534,0.014804763472132776,S1C_W0.800_r14,0.8,14
original,4,8,512,1738429,0.5282859681130186,0.5282847684791494,0.5426787355671194,0.014392767454100786,0.014393967087970028,S1C_W0.800_r14,0.8,14
reassigned,0,1,512,38556,0.5282859681130185,0.5282847684791493,0.9892189859952188,0.4609330178822003,0.46093421751606956,S1C_W0.800_r14,0.8,14
reassigned,1,2,512,113833,0.5282859681130185,0.5282847684791493,0.9497895168027963,0.4215035486897778,0.42150474832364704,S1C_W0.800_r14,0.8,14
reassigned,2,4,512,447590,0.5282859681130185,0.5282847684791493,0.835514643188755,0.3072286750757365,0.3072298747096057,S1C_W0.800_r14,0.8,14
reassigned,4,8,512,1738429,0.5282859681130185,0.5282847684791493,0.6300044736084348,0.10171850549541628,0.10171970512928552,S1C_W0.800_r14,0.8,14
original,0,1,512,38701,0.5282322308537479,0.5282310310832175,0.5372883558188529,0.009056124965104995,0.009057324735635475,S1C_W0.800_r15,0.8,15
original,1,2,512,114917,0.5282322308537479,0.5282310310832175,0.5350050365818552,0.006772805728107234,0.006774005498637714,S1C_W0.800_r15,0.8,15
original,2,4,512,449504,0.5282322308537479,0.5282310310832175,0.5342885001164678,0.006056269262719849,0.006057469033250329,S1C_W0.800_r15,0.8,15
original,4,8,512,1744849,0.5282322308537479,0.5282310310832175,0.5352128714598663,0.00698064060611836,0.00698184037664884,S1C_W0.800_r15,0.8,15
reassigned,0,1,512,38701,0.5282322308537479,0.5282310310832175,0.9909918833218524,0.46275965246810447,0.46276085223863495,S1C_W0.800_r15,0.8,15
reassigned,1,2,512,114917,0.5282322308537479,0.5282310310832175,0.9574582761198778,0.42922604526612984,0.4292272450366603,S1C_W0.800_r15,0.8,15
reassigned,2,4,512,449504,0.5282322308537479,0.5282310310832175,0.8539252056587658,0.3256929748050179,0.3256941745755484,S1C_W0.800_r15,0.8,15
reassigned,4,8,512,1744849,0.5282322308537479,0.5282310310832175,0.6470373897544767,0.11880515890072874,0.11880635867125922,S1C_W0.800_r15,0.8,15
original,0,1,512,38537,0.5183529739642513,0.5183517490694074,0.5194413638809453,0.0010883899166940214,0.001089614811537909,S1C_W0.810_r00,0.81,0
original,1,2,512,114450,0.5183529739642513,0.5183517490694074,0.5197514457898881,0.0013984718256367934,0.001399696720480681,S1C_W0.810_r00,0.81,0
original,2,4,512,450529,0.5183529739642513,0.5183517490694074,0.5196030973277148,0.001250123363463529,0.0012513482583074165,S1C_W0.810_r00,0.81,0
original,4,8,512,1741169,0.5183529739642513,0.5183517490694074,0.5185907064125959,0.0002377324483445742,0.00023895734318846173,S1C_W0.810_r00,0.81,0
reassigned,0,1,512,38537,0.5183529739642507,0.5183517490694068,0.9904776071604433,0.4721246331961926,0.47212585809103647,S1C_W0.810_r00,0.81,0
reassigned,1,2,512,114450,0.5183529739642507,0.5183517490694068,0.9551915760683377,0.436838602104087,0.43683982699893087,S1C_W0.810_r00,0.81,0
reassigned,2,4,512,450529,0.5183529739642507,0.5183517490694068,0.8483709446639,0.3300179706996492,0.3300191955944931,S1C_W0.810_r00,0.81,0
reassigned,4,8,512,1741169,0.5183529739642507,0.5183517490694068,0.6449139572282666,0.12656098326401588,0.12656220815885977,S1C_W0.810_r00,0.81,0
original,0,1,512,38550,0.5187375876124682,0.5187363636957499,0.5212451174214395,0.002507529808971287,0.002508753725689594,S1C_W0.810_r01,0.81,1
original,1,2,512,113939,0.5187375876124682,0.5187363636957499,0.5225044046588845,0.0037668170464162376,0.0037680409631345446,S1C_W0.810_r01,0.81,1
original,2,4,512,451165,0.5187375876124682,0.5187363636957499,0.5230315237619694,0.004293936149501132,0.004295160066219439,S1C_W0.810_r01,0.81,1
original,4,8,512,1749001,0.5187375876124682,0.5187363636957499,0.5222769875833005,0.003539399970832302,0.003540623887550609,S1C_W0.810_r01,0.81,1
reassigned,0,1,512,38550,0.5187375876124679,0.5187363636957496,0.9891187194239095,0.4703811318114416,0.4703823557281599,S1C_W0.810_r01,0.81,1
reassigned,1,2,512,113939,0.5187375876124679,0.5187363636957496,0.94853706393696,0.4297994763244921,0.4298007002412104,S1C_W0.810_r01,0.81,1
reassigned,2,4,512,451165,0.5187375876124679,0.5187363636957496,0.8323403427372172,0.31360275512474933,0.31360397904146764,S1C_W0.810_r01,0.81,1
reassigned,4,8,512,1749001,0.5187375876124679,0.5187363636957496,0.628250716638583,0.1095131290261151,0.1095143529428334,S1C_W0.810_r01,0.81,1
original,0,1,512,38373,0.518646236192053,0.5186450120430154,0.5258507564017921,0.0072045202097391625,0.0072057443587767445,S1C_W0.810_r02,0.81,2
original,1,2,512,114316,0.518646236192053,0.5186450120430154,0.5288719884222297,0.010225752230176743,0.010226976379214325,S1C_W0.810_r02,0.81,2
original,2,4,512,447076,0.518646236192053,0.5186450120430154,0.5269223655635485,0.008276129371495577,0.00827735352053316,S1C_W0.810_r02,0.81,2
original,4,8,512,1728560,0.518646236192053,0.5186450120430154,0.5252950887965837,0.006648852604530742,0.006650076753568324,S1C_W0.810_r02,0.81,2
reassigned,0,1,512,38373,0.5186462361920524,0.5186450120430148,0.9899993167798108,0.4713530805877584,0.47135430473679596,S1C_W0.810_r02,0.81,2
reassigned,1,2,512,114316,0.5186462361920524,0.5186450120430148,0.953108933539096,0.43446269734704357,0.43446392149608115,S1C_W0.810_r02,0.81,2
reassigned,2,4,512,447076,0.5186462361920524,0.5186450120430148,0.8437019871991231,0.32505575100707074,0.3250569751561083,S1C_W0.810_r02,0.81,2
reassigned,4,8,512,1728560,0.5186462361920524,0.5186450120430148,0.6293556572807136,0.11070942108866122,0.1107106452376988,S1C_W0.810_r02,0.81,2
original,0,1,512,38306,0.519762808751712,0.5197615874422725,0.5108409060903245,-0.008921902661387482,-0.008920681351948012,S1C_W0.810_r03,0.81,3
original,1,2,512,114266,0.519762808751712,0.5197615874422725,0.512372172336994,-0.007390636414718044,-0.007389415105278574,S1C_W0.810_r03,0.81,3
original,2,4,512,450645,0.519762808751712,0.5197615874422725,0.512411579369114,-0.0073512293825980235,-0.007350008073158554,S1C_W0.810_r03,0.81,3
original,4,8,512,1741367,0.519762808751712,0.5197615874422725,0.5138760636571063,-0.005886745094605739,-0.005885523785166269,S1C_W0.810_r03,0.81,3
reassigned,0,1,512,38306,0.5197628087517123,0.5197615874422729,0.9906057175709739,0.4708429088192616,0.4708441301287011,S1C_W0.810_r03,0.81,3
reassigned,1,2,512,114266,0.5197628087517123,0.5197615874422729,0.9557281604380367,0.43596535168632433,0.4359665729957638,S1C_W0.810_r03,0.81,3
reassigned,2,4,512,450645,0.5197628087517123,0.5197615874422729,0.8520444861486391,0.3322816773969268,0.3322828987063663,S1C_W0.810_r03,0.81,3
reassigned,4,8,512,1741367,0.5197628087517123,0.5197615874422729,0.6519837836621855,0.13222097491047313,0.1322221962199126,S1C_W0.810_r03,0.81,3
original,0,1,512,38657,0.5173191918024767,0.5173179642785821,0.5193290096730631,0.0020098178705864056,0.002011045394480937,S1C_W0.810_r04,0.81,4
original,1,2,512,113453,0.5173191918024767,0.5173179642785821,0.5173454169762409,2.622517376427158e-05,2.7452697658802983e-05,S1C_W0.810_r04,0.81,4
original,2,4,512,448048,0.5173191918024767,0.5173179642785821,0.5186739532452592,0.0013547614427825705,0.001355988966677102,S1C_W0.810_r04,0.81,4
original,4,8,512,1729242,0.5173191918024767,0.5173179642785821,0.5187016377165645,0.0013824459140878709,0.0013836734379824023,S1C_W0.810_r04,0.81,4
reassigned,0,1,512,38657,0.5173191918024767,0.5173179642785821,0.9916984552407114,0.4743792634382348,0.4743804909621293,S1C_W0.810_r04,0.81,4
reassigned,1,2,512,113453,0.5173191918024767,0.5173179642785821,0.9593949051584821,0.4420757133560055,0.4420769408799,S1C_W0.810_r04,0.81,4
reassigned,2,4,512,448048,0.5173191918024767,0.5173179642785821,0.8592342772818814,0.34191508547940475,0.3419163130032993,S1C_W0.810_r04,0.81,4
reassigned,4,8,512,1729242,0.5173191918024767,0.5173179642785821,0.6545444674081472,0.13722527560567055,0.13722650312956508,S1C_W0.810_r04,0.81,4
original,0,1,512,38229,0.5194031013662662,0.5194018791420413,0.5045221330481393,-0.014880968318126908,-0.014879746093901969,S1C_W0.810_r05,0.81,5
original,1,2,512,114100,0.5194031013662662,0.5194018791420413,0.5042683766746695,-0.015134724691596713,-0.015133502467371773,S1C_W0.810_r05,0.81,5
original,2,4,512,448684,0.5194031013662662,0.5194018791420413,0.5065198426672394,-0.012883258699026845,-0.012882036474801906,S1C_W0.810_r05,0.81,5
original,4,8,512,1731880,0.5194031013662662,0.5194018791420413,0.5076726735283871,-0.011730427837879143,-0.011729205613654203,S1C_W0.810_r05,0.81,5
reassigned,0,1,512,38229,0.5194031013662663,0.5194018791420413,0.9903811835751862,0.4709780822089199,0.47097930443314495,S1C_W0.810_r05,0.81,5
reassigned,1,2,512,114100,0.5194031013662663,0.5194018791420413,0.9546554554380631,0.43525235407179674,0.4352535762960218,S1C_W0.810_r05,0.81,5
reassigned,2,4,512,448684,0.5194031013662663,0.5194018791420413,0.8490876095266702,0.32968450816040384,0.3296857303846289,S1C_W0.810_r05,0.81,5
reassigned,4,8,512,1731880,0.5194031013662663,0.5194018791420413,0.6493429295073416,0.1299398281410753,0.12994105036530035,S1C_W0.810_r05,0.81,5
original,0,1,512,38742,0.5182140194374434,0.518212794189219,0.5153897471154097,-0.0028242723220336385,-0.002823047073809204,S1C_W0.810_r06,0.81,6
original,1,2,512,114530,0.5182140194374434,0.518212794189219,0.5126272511687573,-0.005586768268686093,-0.0055855430204616585,S1C_W0.810_r06,0.81,6
original,2,4,512,450736,0.5182140194374434,0.518212794189219,0.5151909273567461,-0.003023092080697287,-0.0030218668324728526,S1C_W0.810_r06,0.81,6
original,4,8,512,1745707,0.5182140194374434,0.518212794189219,0.5162953834190619,-0.0019186360183814921,-0.0019174107701570575,S1C_W0.810_r06,0.81,6
reassigned,0,1,512,38742,0.5182140194374425,0.5182127941892181,0.9911040259697455,0.47289000653230295,0.4728912317805274,S1C_W0.810_r06,0.81,6
reassigned,1,2,512,114530,0.5182140194374425,0.5182127941892181,0.9566115779886233,0.4383975585511808,0.4383987837994052,S1C_W0.810_r06,0.81,6
reassigned,2,4,512,450736,0.5182140194374425,0.5182127941892181,0.8520205989873676,0.3338065795499251,0.33380780479814953,S1C_W0.810_r06,0.81,6
reassigned,4,8,512,1745707,0.5182140194374425,0.5182127941892181,0.639534485456334,0.12132046601889146,0.1213216912671159,S1C_W0.810_r06,0.81,6
original,0,1,512,38091,0.5186726961069813,0.5186714720252349,0.5178743846670114,-0.0007983114399698898,-0.0007970873582234805,S1C_W0.810_r07,0.81,7
original,1,2,512,113373,0.5186726961069813,0.5186714720252349,0.5227534477043838,0.00408075159740251,0.004081975679148919,S1C_W0.810_r07,0.81,7
original,2,4,512,446811,0.5186726961069813,0.5186714720252349,0.5203135982981486,0.0016409021911673038,0.0016421262729137132,S1C_W0.810_r07,0.81,7
original,4,8,512,1729375,0.5186726961069813,0.5186714720252349,0.520712553394825,0.002039857287843727,0.0020410813695901364,S1C_W0.810_r07,0.81,7
reassigned,0,1,512,38091,0.5186726961069816,0.5186714720252352,0.991080931531039,0.4724082354240574,0.4724094595058038,S1C_W0.810_r07,0.81,7
reassigned,1,2,512,113373,0.5186726961069816,0.5186714720252352,0.9576770095889111,0.4390043134819295,0.4390055375636759,S1C_W0.810_r07,0.81,7
reassigned,2,4,512,446811,0.5186726961069816,0.5186714720252352,0.8541776832049487,0.33550498709796706,0.33550621117971346,S1C_W0.810_r07,0.81,7
reassigned,4,8,512,1729375,0.5186726961069816,0.5186714720252352,0.6365085816159248,0.1178358855089432,0.1178371095906896,S1C_W0.810_r07,0.81,7
original,0,1,512,38298,0.5188205507523634,0.5188193270466318,0.5304302380401902,0.011609687287826742,0.011610910993558377,S1C_W0.810_r08,0.81,8
original,1,2,512,113588,0.5188205507523634,0.5188193270466318,0.527352360229476,0.008531809477112517,0.008533033182844152,S1C_W0.810_r08,0.81,8
original,2,4,512,448337,0.5188205507523634,0.5188193270466318,0.5248457574344169,0.006025206682053419,0.006026430387785053,S1C_W0.810_r08,0.81,8
original,4,8,512,1742943,0.5188205507523634,0.5188193270466318,0.5259547643830701,0.007134213630706654,0.007135437336438288,S1C_W0.810_r08,0.81,8
reassigned,0,1,512,38298,0.5188205507523637,0.5188193270466321,0.9891651741277453,0.47034462337538163,0.47034584708111316,S1C_W0.810_r08,0.81,8
reassigned,1,2,512,113588,0.5188205507523637,0.5188193270466321,0.9493566074834632,0.4305360567310995,0.43053728043683104,S1C_W0.810_r08,0.81,8
reassigned,2,4,512,448337,0.5188205507523637,0.5188193270466321,0.8394078844861881,0.3205873337338244,0.32058855743955594,S1C_W0.810_r08,0.81,8
reassigned,4,8,512,1742943,0.5188205507523637,0.5188193270466321,0.6487814212408746,0.1299608704885109,0.12996209419424243,S1C_W0.810_r08,0.81,8
original,0,1,512,38644,0.5191120066695607,0.5191107837050417,0.5135058466186778,-0.00560616005088288,-0.0056049370863638925,S1C_W0.810_r09,0.81,9
original,1,2,512,113438,0.5191120066695607,0.5191107837050417,0.5108726361848733,-0.00823937048468737,-0.008238147520168382,S1C_W0.810_r09,0.81,9
original,2,4,512,448324,0.5191120066695607,0.5191107837050417,0.5106606713965969,-0.008451335272963822,-0.008450112308444835,S1C_W0.810_r09,0.81,9
original,4,8,512,1734597,0.5191120066695607,0.5191107837050417,0.5129133877441222,-0.006198618925438493,-0.006197395960919505,S1C_W0.810_r09,0.81,9
reassigned,0,1,512,38644,0.5191120066695603,0.5191107837050413,0.990422704257331,0.4713106975877708,0.47131192055228976,S1C_W0.810_r09,0.81,9
reassigned,1,2,512,113438,0.5191120066695603,0.5191107837050413,0.9541256763306776,0.4350136696611173,0.4350148926256363,S1C_W0.810_r09,0.81,9
reassigned,2,4,512,448324,0.5191120066695603,0.5191107837050413,0.8472223930242141,0.32811038635465384,0.3281116093191728,S1C_W0.810_r09,0.81,9
reassigned,4,8,512,1734597,0.5191120066695603,0.5191107837050413,0.6630032878724158,0.14389128120285555,0.14389250416737454,S1C_W0.810_r09,0.81,9
original,0,1,512,38579,0.5196117991869258,0.5196105774934482,0.5120224164619674,-0.007589382724958349,-0.007588161031480745,S1C_W0.810_r10,0.81,10
original,1,2,512,114164,0.5196117991869258,0.5196105774934482,0.5114720321288311,-0.008139767058094716,-0.008138545364617111,S1C_W0.810_r10,0.81,10
original,2,4,512,447164,0.5196117991869258,0.5196105774934482,0.512337033645392,-0.007274765541533834,-0.00727354384805623,S1C_W0.810_r10,0.81,10
original,4,8,512,1743592,0.5196117991869258,0.5196105774934482,0.5099731144952881,-0.009638684691637645,-0.00963746299816004,S1C_W0.810_r10,0.81,10
reassigned,0,1,512,38579,0.5196117991869259,0.5196105774934483,0.9885123247852313,0.4689005255983054,0.468901747291783,S1C_W0.810_r10,0.81,10
reassigned,1,2,512,114164,0.5196117991869259,0.5196105774934483,0.9468693754102436,0.4272575762233177,0.42725879791679533,S1C_W0.810_r10,0.81,10
reassigned,2,4,512,447164,0.5196117991869259,0.5196105774934483,0.8293094051085992,0.3096976059216733,0.3096988276151509,S1C_W0.810_r10,0.81,10
reassigned,4,8,512,1743592,0.5196117991869259,0.5196105774934483,0.6210011609255547,0.10138936173862878,0.10139058343210638,S1C_W0.810_r10,0.81,10
original,0,1,512,38766,0.5188353941681971,0.5188341705002144,0.5361588903641392,0.01732349619594209,0.01732471986392481,S1C_W0.810_r11,0.81,11
original,1,2,512,114019,0.5188353941681971,0.5188341705002144,0.5356473636132967,0.01681196944509955,0.01681319311308227,S1C_W0.810_r11,0.81,11
original,2,4,512,450871,0.5188353941681971,0.5188341705002144,0.5362278639048751,0.017392469736677962,0.01739369340466068,S1C_W0.810_r11,0.81,11
original,4,8,512,1751903,0.5188353941681971,0.5188341705002144,0.5357339050271369,0.016898510858939786,0.016899734526922505,S1C_W0.810_r11,0.81,11
reassigned,0,1,512,38766,0.5188353941681971,0.5188341705002144,0.9895398554566246,0.47070446128842747,0.4707056849564102,S1C_W0.810_r11,0.81,11
reassigned,1,2,512,114019,0.5188353941681971,0.5188341705002144,0.95100651100782,0.43217111683962284,0.43217234050760556,S1C_W0.810_r11,0.81,11
reassigned,2,4,512,450871,0.5188353941681971,0.5188341705002144,0.8383731519843901,0.319537757816193,0.3195389814841757,S1C_W0.810_r11,0.81,11
reassigned,4,8,512,1751903,0.5188353941681971,0.5188341705002144,0.6335331032592287,0.11469770909103161,0.11469893275901433,S1C_W0.810_r11,0.81,11
original,0,1,512,38175,0.518166413742346,0.5181651883730537,0.5182851332920256,0.00011871954967968001,0.00011994491897193704,S1C_W0.810_r12,0.81,12
original,1,2,512,113701,0.518166413742346,0.5181651883730537,0.52108311721871,0.00291670347636408,0.002917928845656337,S1C_W0.810_r12,0.81,12
original,2,4,512,448464,0.518166413742346,0.5181651883730537,0.5191706015661921,0.0010041878238461477,0.0010054131931384047,S1C_W0.810_r12,0.81,12
original,4,8,512,1740303,0.518166413742346,0.5181651883730537,0.5202469043140754,0.002080490571729432,0.002081715941021689,S1C_W0.810_r12,0.81,12
reassigned,0,1,512,38175,0.518166413742346,0.5181651883730537,0.989395858332571,0.4712294445902251,0.47123066995951735,S1C_W0.810_r12,0.81,12
reassigned,1,2,512,113701,0.518166413742346,0.5181651883730537,0.9497991073503277,0.43163269360798173,0.431633918977274,S1C_W0.810_r12,0.81,12
reassigned,2,4,512,448464,0.518166413742346,0.5181651883730537,0.8353724122695155,0.3172059985271696,0.31720722389646183,S1C_W0.810_r12,0.81,12
reassigned,4,8,512,1740303,0.518166413742346,0.5181651883730537,0.6315009372630467,0.11333452352070073,0.11333574888999298,S1C_W0.810_r12,0.81,12
original,0,1,512,38413,0.5183669436323244,0.5183657187730073,0.5177755430729171,-0.000591400559407318,-0.0005901757000902341,S1C_W0.810_r13,0.81,13
original,1,2,512,113330,0.5183669436323244,0.5183657187730073,0.5202279810424046,0.0018610374100802574,0.0018622622693973412,S1C_W0.810_r13,0.81,13
original,2,4,512,446883,0.5183669436323244,0.5183657187730073,0.5193709085201529,0.0010039648878285012,0.001005189747145585,S1C_W0.810_r13,0.81,13
original,4,8,512,1727789,0.5183669436323244,0.5183657187730073,0.5194282270389953,0.0010612834066708876,0.0010625082659879714,S1C_W0.810_r13,0.81,13
reassigned,0,1,512,38413,0.5183669436323244,0.5183657187730073,0.9899005805892779,0.4715336369569535,0.4715348618162706,S1C_W0.810_r13,0.81,13
reassigned,1,2,512,113330,0.5183669436323244,0.5183657187730073,0.9526579299331263,0.4342909863008019,0.43429221116011896,S1C_W0.810_r13,0.81,13
reassigned,2,4,512,446883,0.5183669436323244,0.5183657187730073,0.8396501922117279,0.3212832485794035,0.3212844734387206,S1C_W0.810_r13,0.81,13
reassigned,4,8,512,1727789,0.5183669436323244,0.5183657187730073,0.6182183928713917,0.0998514492390673,0.09985267409838439,S1C_W0.810_r13,0.81,13
original,0,1,512,38556,0.5198749000984672,0.5198736790740914,0.5338644886076467,0.013989588509179529,0.013990809533555248,S1C_W0.810_r14,0.81,14
original,1,2,512,113833,0.5198749000984672,0.5198736790740914,0.5343999824633223,0.014525082364855169,0.014526303389230888,S1C_W0.810_r14,0.81,14
original,2,4,512,447590,0.5198749000984672,0.5198736790740914,0.534811505205937,0.014936605107469858,0.014937826131845577,S1C_W0.810_r14,0.81,14
original,4,8,512,1738429,0.5198749000984672,0.5198736790740914,0.5343919702608967,0.014517070162429535,0.014518291186805254,S1C_W0.810_r14,0.81,14
reassigned,0,1,512,38556,0.5198749000984675,0.5198736790740918,0.988961254586764,0.4690863544882965,0.4690875755126722,S1C_W0.810_r14,0.81,14
reassigned,1,2,512,113833,0.5198749000984675,0.5198736790740918,0.9485832983785055,0.42870839828003804,0.42870961930441376,S1C_W0.810_r14,0.81,14
reassigned,2,4,512,447590,0.5198749000984675,0.5198736790740918,0.8318144287185145,0.31193952862004704,0.31194074964442275,S1C_W0.810_r14,0.81,14
reassigned,4,8,512,1738429,0.5198749000984675,0.5198736790740918,0.6228551231759167,0.10298022307744925,0.10298144410182497,S1C_W0.810_r14,0.81,14
original,0,1,512,38701,0.5198207785629152,0.5198195574009009,0.5289769478371712,0.009156169274255999,0.009157390436270285,S1C_W0.810_r15,0.81,15
original,1,2,512,114917,0.5198207785629152,0.5198195574009009,0.5266402418368135,0.006819463273898263,0.00682068443591255,S1C_W0.810_r15,0.81,15
original,2,4,512,449504,0.5198207785629152,0.5198195574009009,0.5259422638968175,0.006121485333902332,0.006122706495916619,S1C_W0.810_r15,0.81,15
original,4,8,512,1744849,0.5198207785629152,0.5198195574009009,0.5268625018294985,0.007041723266583255,0.007042944428597542,S1C_W0.810_r15,0.81,15
reassigned,0,1,512,38701,0.5198207785629152,0.5198195574009009,0.9907685874729663,0.47094780891005106,0.47094903007206534,S1C_W0.810_r15,0.81,15
reassigned,1,2,512,114917,0.5198207785629152,0.5198195574009009,0.956424628114978,0.4366038495520628,0.43660507071407706,S1C_W0.810_r15,0.81,15
reassigned,2,4,512,449504,0.5198207785629152,0.5198195574009009,0.8505865619469682,0.33076578338405305,0.33076700454606733,S1C_W0.810_r15,0.81,15
reassigned,4,8,512,1744849,0.5198207785629152,0.5198195574009009,0.6402094971882855,0.12038871862537026,0.12038993978738455,S1C_W0.810_r15,0.81,15
