graph_pair_id,graph_id,L,W,orientation_transform,downstream_side,axis_policy,DLOC_G1,DLOC_G2,G1_downstream_2R_fraction,G1_upstream_2R_fraction,G2_downstream_2R_fraction,G2_upstream_2R_fraction
pair_q7_sigma24_L128_W0.8050_r001,gaussian_iid_L128_q7_W0.805_r0,128,0.805,ORIGINAL,bottom,COVARIANT_AXIS,0.9961323592608508,0.7807699258991505,0.9961323592608508,0.0,0.7807699258991505,0.0
pair_q7_sigma24_L128_W0.8050_r001,gaussian_iid_L128_q7_W0.805_r0,128,0.805,REVERSED,top,COVARIANT_AXIS,0.9893742621015348,0.9672507900028728,0.9893742621015348,0.0,0.9672507900028728,0.0
pair_q7_sigma24_L128_W0.8050_r001,gaussian_iid_L128_q7_W0.805_r0,128,0.805,ROTATED_90,right,COVARIANT_AXIS,0.988997555012225,0.9090692124105012,0.988997555012225,0.0,0.9090692124105012,0.0
pair_q7_sigma24_L128_W0.8050_r002,gaussian_iid_L128_q7_W0.805_r1,128,0.805,ORIGINAL,bottom,COVARIANT_AXIS,0.992769034453424,0.8805817810665986,0.992769034453424,0.0,0.8805817810665986,0.0
pair_q7_sigma24_L128_W0.8050_r002,gaussian_iid_L128_q7_W0.805_r1,128,0.805,REVERSED,top,COVARIANT_AXIS,0.9883495145631068,0.9416932907348244,0.9883495145631068,0.0,0.9416932907348244,0.0
pair_q7_sigma24_L128_W0.8050_r002,gaussian_iid_L128_q7_W0.805_r1,128,0.805,ROTATED_90,right,COVARIANT_AXIS,0.9976,0.8564487632508834,0.9976,0.0,0.8564487632508834,0.0
pair_q7_sigma24_L128_W0.8050_r003,gaussian_iid_L128_q7_W0.805_r2,128,0.805,ORIGINAL,bottom,COVARIANT_AXIS,0.9954394693200664,0.8958536585365854,0.9954394693200664,0.0,0.8958536585365854,0.0
pair_q7_sigma24_L128_W0.8050_r003,gaussian_iid_L128_q7_W0.805_r2,128,0.805,REVERSED,top,COVARIANT_AXIS,0.9901768172888016,0.7988165680473372,0.9901768172888016,0.0,0.7988165680473372,0.0
pair_q7_sigma24_L128_W0.8050_r003,gaussian_iid_L128_q7_W0.805_r2,128,0.805,ROTATED_90,right,COVARIANT_AXIS,0.9916701374427322,0.7363036303630363,0.9916701374427322,0.0,0.7363036303630363,0.0
pair_q7_sigma24_L128_W0.8050_r004,gaussian_iid_L128_q7_W0.805_r3,128,0.805,ORIGINAL,bottom,COVARIANT_AXIS,0.9894613583138172,0.6104322690842202,0.9894613583138172,0.0,0.6104322690842202,0.0
pair_q7_sigma24_L128_W0.8050_r004,gaussian_iid_L128_q7_W0.805_r3,128,0.805,REVERSED,top,COVARIANT_AXIS,0.9928360724820902,0.8734766230888544,0.9928360724820902,0.0,0.8734766230888544,0.0
pair_q7_sigma24_L128_W0.8050_r004,gaussian_iid_L128_q7_W0.805_r3,128,0.805,ROTATED_90,right,COVARIANT_AXIS,0.9941077441077442,0.9103313840155944,0.9941077441077442,0.0,0.9103313840155944,0.0
pair_q7_sigma24_L128_W0.8050_r005,gaussian_iid_L128_q7_W0.805_r4,128,0.805,ORIGINAL,bottom,COVARIANT_AXIS,0.99510603588907,0.9134615384615384,0.99510603588907,0.0,0.9134615384615384,0.0
pair_q7_sigma24_L128_W0.8050_r005,gaussian_iid_L128_q7_W0.805_r4,128,0.805,REVERSED,top,COVARIANT_AXIS,0.9932659932659932,0.8923253150057274,0.9932659932659932,0.0,0.8923253150057274,0.0
pair_q7_sigma24_L128_W0.8050_r005,gaussian_iid_L128_q7_W0.805_r4,128,0.805,ROTATED_90,right,COVARIANT_AXIS,0.997558991049634,0.9547767100056528,0.997558991049634,0.0,0.9547767100056528,0.0
pair_q7_sigma24_L128_W0.8050_r006,gaussian_iid_L128_q7_W0.805_r5,128,0.805,ORIGINAL,bottom,COVARIANT_AXIS,0.9894957983193278,0.8057197330791229,0.9894957983193278,0.0,0.8057197330791229,0.0
pair_q7_sigma24_L128_W0.8050_r006,gaussian_iid_L128_q7_W0.805_r5,128,0.805,REVERSED,top,COVARIANT_AXIS,0.9799107142857144,0.9183294663573086,0.9799107142857144,0.0,0.9183294663573086,0.0
pair_q7_sigma24_L128_W0.8050_r006,gaussian_iid_L128_q7_W0.805_r5,128,0.805,ROTATED_90,right,COVARIANT_AXIS,0.9938515590689504,0.7769743101807802,0.9938515590689504,0.0,0.7769743101807802,0.0
pair_q7_sigma24_L128_W0.8050_r007,gaussian_iid_L128_q7_W0.805_r6,128,0.805,ORIGINAL,bottom,COVARIANT_AXIS,0.9860411012020164,0.9484095161721464,0.9860411012020164,0.0,0.9484095161721464,0.0
pair_q7_sigma24_L128_W0.8050_r007,gaussian_iid_L128_q7_W0.805_r6,128,0.805,REVERSED,top,COVARIANT_AXIS,0.990360435875943,0.9214322514167954,0.990360435875943,0.0,0.9214322514167954,0.0
pair_q7_sigma24_L128_W0.8050_r007,gaussian_iid_L128_q7_W0.805_r6,128,0.805,ROTATED_90,right,COVARIANT_AXIS,0.9915151515151516,0.9152261425526876,0.9915151515151516,0.0,0.9152261425526876,0.0
pair_q7_sigma24_L128_W0.8050_r008,gaussian_iid_L128_q7_W0.805_r7,128,0.805,ORIGINAL,bottom,COVARIANT_AXIS,0.9860902255639098,0.8707129494907504,0.9860902255639098,0.0,0.8707129494907504,0.0
pair_q7_sigma24_L128_W0.8050_r008,gaussian_iid_L128_q7_W0.805_r7,128,0.805,REVERSED,top,COVARIANT_AXIS,0.9938220757825372,0.9263157894736842,0.9938220757825372,0.0,0.9263157894736842,0.0
pair_q7_sigma24_L128_W0.8050_r008,gaussian_iid_L128_q7_W0.805_r7,128,0.805,ROTATED_90,right,COVARIANT_AXIS,0.9905767056162834,0.9132286995515696,0.9905767056162834,0.0,0.9132286995515696,0.0
pair_q7_sigma24_L128_W0.8050_r009,gaussian_iid_L128_q7_W0.805_r8,128,0.805,ORIGINAL,bottom,COVARIANT_AXIS,0.9868624420401856,0.8644341335485173,0.9868624420401856,0.0,0.8644341335485173,0.0
pair_q7_sigma24_L128_W0.8050_r009,gaussian_iid_L128_q7_W0.805_r8,128,0.805,REVERSED,top,COVARIANT_AXIS,0.9874137231019082,0.9247144340602284,0.9874137231019082,0.0,0.9247144340602284,0.0
pair_q7_sigma24_L128_W0.8050_r009,gaussian_iid_L128_q7_W0.805_r8,128,0.805,ROTATED_90,right,COVARIANT_AXIS,0.9903549382716048,0.7995404939689833,0.9903549382716048,0.0,0.7995404939689833,0.0
pair_q7_sigma24_L128_W0.8050_r010,gaussian_iid_L128_q7_W0.805_r9,128,0.805,ORIGINAL,bottom,COVARIANT_AXIS,0.993517017828201,0.8681541582150102,0.993517017828201,0.0,0.8681541582150102,0.0
pair_q7_sigma24_L128_W0.8050_r010,gaussian_iid_L128_q7_W0.805_r9,128,0.805,REVERSED,top,COVARIANT_AXIS,0.9873271889400922,0.91231884057971,0.9873271889400922,0.0,0.91231884057971,0.0
pair_q7_sigma24_L128_W0.8050_r010,gaussian_iid_L128_q7_W0.805_r9,128,0.805,ROTATED_90,right,COVARIANT_AXIS,0.9921129099211292,0.810890052356021,0.9921129099211292,0.0,0.810890052356021,0.0
pair_q7_sigma24_L128_W0.8050_r011,gaussian_iid_L128_q7_W0.805_r10,128,0.805,ORIGINAL,bottom,COVARIANT_AXIS,0.9929577464788732,0.7335807648862352,0.9929577464788732,0.0,0.7335807648862352,0.0
pair_q7_sigma24_L128_W0.8050_r011,gaussian_iid_L128_q7_W0.805_r10,128,0.805,REVERSED,top,COVARIANT_AXIS,0.9970784641068448,0.9192069392812888,0.9970784641068448,0.0,0.9192069392812888,0.0
pair_q7_sigma24_L128_W0.8050_r011,gaussian_iid_L128_q7_W0.805_r10,128,0.805,ROTATED_90,right,COVARIANT_AXIS,0.9874715261958996,0.9112192860454336,0.9874715261958996,0.0,0.9112192860454336,0.0
pair_q7_sigma24_L128_W0.8050_r012,gaussian_iid_L128_q7_W0.805_r11,128,0.805,ORIGINAL,bottom,COVARIANT_AXIS,0.990447242726878,0.8925581395348837,0.990447242726878,0.0,0.8925581395348837,0.0
pair_q7_sigma24_L128_W0.8050_r012,gaussian_iid_L128_q7_W0.805_r11,128,0.805,REVERSED,top,COVARIANT_AXIS,0.9890555330360762,0.6483936766955635,0.9890555330360762,0.0,0.6483936766955635,0.0
pair_q7_sigma24_L128_W0.8050_r012,gaussian_iid_L128_q7_W0.805_r11,128,0.805,ROTATED_90,right,COVARIANT_AXIS,0.993127147766323,0.907235621521336,0.993127147766323,0.0,0.907235621521336,0.0
pair_q7_sigma24_L128_W0.8050_r013,gaussian_iid_L128_q7_W0.805_r12,128,0.805,ORIGINAL,bottom,COVARIANT_AXIS,0.983982526392428,0.7834084084084084,0.983982526392428,0.0,0.7834084084084084,0.0
pair_q7_sigma24_L128_W0.8050_r013,gaussian_iid_L128_q7_W0.805_r12,128,0.805,REVERSED,top,COVARIANT_AXIS,0.993574297188755,0.8141012068600466,0.993574297188755,0.0,0.8141012068600466,0.0
pair_q7_sigma24_L128_W0.8050_r013,gaussian_iid_L128_q7_W0.805_r12,128,0.805,ROTATED_90,right,COVARIANT_AXIS,0.995508370763577,0.6557703240477544,0.995508370763577,0.0,0.6557703240477544,0.0
pair_q7_sigma24_L128_W0.8050_r014,gaussian_iid_L128_q7_W0.805_r13,128,0.805,ORIGINAL,bottom,COVARIANT_AXIS,0.9885556432517758,0.5910619894281596,0.9885556432517758,0.0,0.5910619894281596,0.0
pair_q7_sigma24_L128_W0.8050_r014,gaussian_iid_L128_q7_W0.805_r13,128,0.805,REVERSED,top,COVARIANT_AXIS,0.9913755929279862,0.8519337016574585,0.9913755929279862,0.0,0.8519337016574585,0.0
pair_q7_sigma24_L128_W0.8050_r014,gaussian_iid_L128_q7_W0.805_r13,128,0.805,ROTATED_90,right,COVARIANT_AXIS,0.9940928270042194,0.948510269019381,0.9940928270042194,0.0,0.948510269019381,0.0
pair_q7_sigma24_L128_W0.8050_r015,gaussian_iid_L128_q7_W0.805_r14,128,0.805,ORIGINAL,bottom,COVARIANT_AXIS,0.9846588615260397,0.8931736526946108,0.9846588615260397,0.0,0.8931736526946108,0.0
pair_q7_sigma24_L128_W0.8050_r015,gaussian_iid_L128_q7_W0.805_r14,128,0.805,REVERSED,top,COVARIANT_AXIS,0.9918976545842216,0.0,0.9918976545842216,0.0,0.0,0.0
pair_q7_sigma24_L128_W0.8050_r015,gaussian_iid_L128_q7_W0.805_r14,128,0.805,ROTATED_90,right,COVARIANT_AXIS,0.9893979553199546,0.6413117430942985,0.9893979553199546,0.0,0.6413117430942985,0.0
pair_q7_sigma24_L128_W0.8050_r016,gaussian_iid_L128_q7_W0.805_r15,128,0.805,ORIGINAL,bottom,COVARIANT_AXIS,0.989426596177308,0.9398847104035136,0.989426596177308,0.0,0.9398847104035136,0.0
pair_q7_sigma24_L128_W0.8050_r016,gaussian_iid_L128_q7_W0.805_r15,128,0.805,REVERSED,top,COVARIANT_AXIS,0.985995457986374,0.8601977002219084,0.985995457986374,0.0,0.8601977002219084,0.0
pair_q7_sigma24_L128_W0.8050_r016,gaussian_iid_L128_q7_W0.805_r15,128,0.805,ROTATED_90,right,COVARIANT_AXIS,0.9925108395743004,0.8803016022620169,0.9925108395743004,0.0,0.8803016022620169,0.0
pair_q7_sigma24_L128_W0.8050_r017,gaussian_iid_L128_q7_W0.805_r16,128,0.805,ORIGINAL,bottom,COVARIANT_AXIS,0.9916,0.8943199818963566,0.9916,0.0,0.8943199818963566,0.0
pair_q7_sigma24_L128_W0.8050_r017,gaussian_iid_L128_q7_W0.805_r16,128,0.805,REVERSED,top,COVARIANT_AXIS,0.9919540229885058,0.0,0.9919540229885058,0.0,0.0,0.0
pair_q7_sigma24_L128_W0.8050_r017,gaussian_iid_L128_q7_W0.805_r16,128,0.805,ROTATED_90,right,COVARIANT_AXIS,0.9932512901945216,0.6706896551724137,0.9932512901945216,0.0,0.6706896551724137,0.0
pair_q7_sigma24_L128_W0.8050_r018,gaussian_iid_L128_q7_W0.805_r17,128,0.805,ORIGINAL,bottom,COVARIANT_AXIS,0.9952006980802792,0.90973630831643,0.9952006980802792,0.0,0.90973630831643,0.0
pair_q7_sigma24_L128_W0.8050_r018,gaussian_iid_L128_q7_W0.805_r17,128,0.805,REVERSED,top,COVARIANT_AXIS,0.9948497854077252,0.934349030470914,0.9948497854077252,0.0,0.934349030470914,0.0
pair_q7_sigma24_L128_W0.8050_r018,gaussian_iid_L128_q7_W0.805_r17,128,0.805,ROTATED_90,right,COVARIANT_AXIS,0.992440151196976,0.7671370967741935,0.992440151196976,0.0,0.7671370967741935,0.0
pair_q7_sigma24_L128_W0.8050_r019,gaussian_iid_L128_q7_W0.805_r18,128,0.805,ORIGINAL,bottom,COVARIANT_AXIS,0.9939564867042708,0.8549369290996085,0.9939564867042708,0.0,0.8549369290996085,0.0
pair_q7_sigma24_L128_W0.8050_r019,gaussian_iid_L128_q7_W0.805_r18,128,0.805,REVERSED,top,COVARIANT_AXIS,0.9869255150554676,0.944994499449945,0.9869255150554676,0.0,0.944994499449945,0.0
pair_q7_sigma24_L128_W0.8050_r019,gaussian_iid_L128_q7_W0.805_r18,128,0.805,ROTATED_90,right,COVARIANT_AXIS,0.9901518260155928,0.7549713515335356,0.9901518260155928,0.0,0.7549713515335356,0.0
pair_q7_sigma24_L128_W0.8050_r020,gaussian_iid_L128_q7_W0.805_r19,128,0.805,ORIGINAL,bottom,COVARIANT_AXIS,0.9845261121856866,0.7837455830388692,0.9845261121856866,0.0,0.7837455830388692,0.0
pair_q7_sigma24_L128_W0.8050_r020,gaussian_iid_L128_q7_W0.805_r19,128,0.805,REVERSED,top,COVARIANT_AXIS,0.9761055634807418,0.8571143882024711,0.9761055634807418,0.0,0.8571143882024711,0.0
pair_q7_sigma24_L128_W0.8050_r020,gaussian_iid_L128_q7_W0.805_r19,128,0.805,ROTATED_90,right,COVARIANT_AXIS,0.9898580121703854,0.7805114296784192,0.9898580121703854,0.0,0.7805114296784192,0.0
pair_q7_sigma24_L128_W0.8050_r021,gaussian_iid_L128_q7_W0.805_r20,128,0.805,ORIGINAL,bottom,COVARIANT_AXIS,0.99338569656883,0.7047729580734078,0.99338569656883,0.0,0.7047729580734078,0.0
pair_q7_sigma24_L128_W0.8050_r021,gaussian_iid_L128_q7_W0.805_r20,128,0.805,REVERSED,top,COVARIANT_AXIS,0.9964253798033958,0.8950966525223951,0.9964253798033958,0.0,0.8950966525223951,0.0
pair_q7_sigma24_L128_W0.8050_r021,gaussian_iid_L128_q7_W0.805_r20,128,0.805,ROTATED_90,right,COVARIANT_AXIS,0.9941836310760284,0.8788627935723115,0.9941836310760284,0.0,0.8788627935723115,0.0
pair_q7_sigma24_L128_W0.8050_r022,gaussian_iid_L128_q7_W0.805_r21,128,0.805,ORIGINAL,bottom,COVARIANT_AXIS,0.9897597479322569,0.8803495406677123,0.9897597479322569,0.0,0.8803495406677123,0.0
pair_q7_sigma24_L128_W0.8050_r022,gaussian_iid_L128_q7_W0.805_r21,128,0.805,REVERSED,top,COVARIANT_AXIS,0.994904458598726,0.8957725947521866,0.994904458598726,0.0,0.8957725947521866,0.0
pair_q7_sigma24_L128_W0.8050_r022,gaussian_iid_L128_q7_W0.805_r21,128,0.805,ROTATED_90,right,COVARIANT_AXIS,0.9911858974358976,0.9144752428334518,0.9911858974358976,0.0,0.9144752428334518,0.0
pair_q7_sigma24_L128_W0.8050_r023,gaussian_iid_L128_q7_W0.805_r22,128,0.805,ORIGINAL,bottom,COVARIANT_AXIS,0.9979355904211396,0.8888611388611388,0.9979355904211396,0.0,0.8888611388611388,0.0
pair_q7_sigma24_L128_W0.8050_r023,gaussian_iid_L128_q7_W0.805_r22,128,0.805,REVERSED,top,COVARIANT_AXIS,0.9661668589004228,0.8537005163511188,0.9661668589004228,0.0,0.8537005163511188,0.0
pair_q7_sigma24_L128_W0.8050_r023,gaussian_iid_L128_q7_W0.805_r22,128,0.805,ROTATED_90,right,COVARIANT_AXIS,0.9874460572773636,0.828589367936375,0.9874460572773636,0.0,0.828589367936375,0.0
pair_q7_sigma24_L128_W0.8050_r024,gaussian_iid_L128_q7_W0.805_r23,128,0.805,ORIGINAL,bottom,COVARIANT_AXIS,0.9905175819834058,0.8576905728461885,0.9905175819834058,0.0,0.8576905728461885,0.0
pair_q7_sigma24_L128_W0.8050_r024,gaussian_iid_L128_q7_W0.805_r23,128,0.805,REVERSED,top,COVARIANT_AXIS,0.9891129032258064,0.910140562248996,0.9891129032258064,0.0,0.910140562248996,0.0
pair_q7_sigma24_L128_W0.8050_r024,gaussian_iid_L128_q7_W0.805_r23,128,0.805,ROTATED_90,right,COVARIANT_AXIS,0.9819967266775778,0.6548286604361371,0.9819967266775778,0.0,0.6548286604361371,0.0
