W,n,S_median,S_Q1,S_Q3,S1_median,S1_Q1,S1_Q3,S2_median,S2_Q1,S2_Q3
0.0,24,0.0003801981608072,0.0002651214599609,0.0005683898925781,0.0003751118977864,0.0002574920654296,0.0005537668863932,0.0003801981608072,0.0002651214599609,0.0005664825439453
0.75,24,0.0158538818359375,0.0129375457763671,0.0211861928304036,0.005615234375,0.0054874420166015,0.0057252248128255,0.0078010559082031,0.0074170430501302,0.0083484649658203
0.76,16,0.0258153279622395,0.020111083984375,0.0300064086914062,0.0057233174641927,0.0056095123291015,0.0058536529541015,0.008130391438802,0.007537841796875,0.0087273915608723
0.78,16,0.0920066833496093,0.067575454711914,0.1332283020019531,0.0058670043945312,0.0057601928710937,0.0061022440592447,0.0089073181152343,0.0084883371988932,0.0099029541015625
0.7825,96,0.1038792928059895,0.0814145406087239,0.1508458455403646,0.0060195922851562,0.0058695475260416,0.0062166849772135,0.0094490051269531,0.0088100433349609,0.0102704366048177
0.7875,96,0.1563491821289062,0.1154295603434244,0.2113011678059896,0.0061060587565104,0.0059445699055989,0.006262461344401,0.009918212890625,0.0091851552327473,0.0107975006103515
0.79,48,0.1878890991210937,0.1448866526285807,0.258466084798177,0.006085713704427,0.0059293111165364,0.0062440236409505,0.0099538167317708,0.009402592976888,0.010477066040039
0.7925,96,0.2341448465983073,0.1869621276855468,0.3115895589192708,0.0061785380045572,0.005994160970052,0.0063393910725911,0.0105145772298177,0.0095755259195963,0.0112546284993489
0.795,96,0.2885996500651041,0.2196572621663411,0.3921794891357422,0.0062052408854166,0.0060075124104817,0.0063718159993489,0.0105908711751302,0.0097637176513671,0.0114752451578776
0.7975,96,0.352979024251302,0.2772331237792969,0.4408041636149088,0.0062281290690104,0.0060475667317708,0.0064258575439453,0.0107599894205729,0.0099875132242838,0.0117295583089192
0.8,96,0.4302965799967447,0.3263365427652995,0.5832099914550781,0.0062459309895833,0.0060704549153645,0.0064646402994791,0.011077880859375,0.0102272033691406,0.0120957692464192
0.8025,96,0.5034128824869792,0.3671124776204427,0.6308046976725261,0.0063107808430989,0.0061079661051432,0.0064938863118489,0.0111732482910156,0.0103753407796223,0.0123761494954427
0.805,96,0.5867563883463542,0.4398237864176432,0.8003896077473958,0.0063285827636718,0.0061486562093098,0.0065396626790364,0.0115648905436197,0.0107638041178385,0.0133635203043619
0.8075,96,0.678076426188151,0.4979610443115234,0.8752600351969402,0.006360371907552,0.0061791737874348,0.0065930684407552,0.011823018391927,0.0108992258707682,0.0139993031819661
0.81,96,0.8761711120605469,0.5829416910807292,0.9845294952392578,0.0064023335774739,0.0062001546223958,0.006622314453125,0.012402852376302,0.0111916859944661,0.0149574279785156
0.8125,96,0.9757677714029948,0.7771523793538411,0.9860757191975912,0.0064239501953125,0.006238301595052,0.0066483815511067,0.0127054850260416,0.0114116668701171,0.0154959360758463
0.815,48,0.985137939453125,0.9776700337727864,0.9884688059488932,0.0064175923665364,0.0062122344970703,0.0066916147867838,0.0131505330403645,0.0116634368896484,0.0151850382486979
0.8175,96,0.9866676330566406,0.9838981628417968,0.98876953125,0.0065091451009114,0.006323496500651,0.006787618001302,0.0141207377115885,0.0120665232340494,0.016949971516927
0.82,48,0.9873733520507812,0.98553466796875,0.9890085856119792,0.0064913431803385,0.0063006083170572,0.0067882537841796,0.0137011210123697,0.0121599833170572,0.0167477925618489
0.8225,96,0.9881006876627604,0.9864749908447266,0.9894237518310548,0.0065854390462239,0.0063718159993489,0.0068658192952473,0.0150438944498697,0.0128396352132161,0.0184930165608723
0.83,16,0.9887987772623698,0.9879512786865234,0.9902667999267578,0.0067138671875,0.0063953399658203,0.0070470174153645,0.0167808532714843,0.0145155588785807,0.0200640360514322
0.84,16,0.9906171162923176,0.9896717071533204,0.9910875956217448,0.0067799886067708,0.006591796875,0.0071392059326171,0.0287577311197916,0.0164883931477864,0.0356642405192057
0.85,24,0.9912465413411458,0.9906177520751952,0.9918607076009116,0.0069656372070312,0.0066858927408854,0.0071862538655598,0.0461057027180989,0.041272481282552,0.0628782908121744
0.86,16,0.9920972188313802,0.9914404551188152,0.9923693339029948,0.0072987874348958,0.0069637298583984,0.0075632731119791,0.1304130554199218,0.0937639872233073,0.1535205841064453
0.9,8,0.9939181009928384,0.9937483469645184,0.994288126627604,0.0080273946126302,0.007520039876302,0.0083268483479817,0.9763895670572916,0.9757773081461588,0.9784857432047528
