L,W,n,median__L_times_S1,Q1__L_times_S1,Q3__L_times_S1,median__L_times_S2,Q1__L_times_S2,Q3__L_times_S2
64,0.7975,24,0.8089192708333333,0.7776692708333334,0.8385416666666666,1.4446614583333337,1.13671875,1.6806640625
64,0.805,24,0.8098958333333333,0.7962239583333334,0.8362630208333333,1.6429036458333333,1.51123046875,1.908203125
64,0.815,24,0.8388671875,0.8152669270833334,0.8611653645833334,1.76171875,1.5654296875,2.056966145833333
64,0.84,24,0.8844401041666667,0.8260091145833334,0.91796875,3.306966145833333,2.5621744791666665,5.079752604166667
64,0.86,24,0.9375,0.9052734375,0.98681640625,10.323567708333334,6.308430989583333,15.680501302083334
64,0.88,24,1.0201822916666663,0.9513346354166666,1.08984375,27.116861979166664,17.14697265625,32.60042317708333
64,0.9,24,1.0511067708333337,0.9767252604166666,1.1111653645833333,61.294921875,55.266438802083336,61.65869140625
128,0.7975,96,0.7972005208333334,0.7740885416666666,0.822509765625,1.3772786458333337,1.2784016927083337,1.5013834635416667
128,0.805,96,0.81005859375,0.7870279947916667,0.8370768229166666,1.4803059895833337,1.3777669270833333,1.7105305989583333
128,0.815,48,0.8214518229166667,0.795166015625,0.8565266927083334,1.6832682291666663,1.492919921875,1.9436848958333333
128,0.84,24,0.8805338541666666,0.848388671875,0.9102376302083331,3.680989583333333,2.290283203125,4.565022786458333
128,0.86,24,0.9376627604166669,0.8944498697916667,0.974853515625,16.768229166666664,13.638834635416668,20.310791015625
128,0.88,24,0.9903971354166669,0.963134765625,1.03076171875,52.67594401041666,48.899169921875,67.97428385416666
128,0.9,24,1.0301106770833333,0.971435546875,1.0839029947916663,124.96402994791666,124.355224609375,125.17049153645834
256,0.7975,24,0.7853190104166667,0.7708333333333333,0.8026936848958333,1.4571940104166667,1.3374430338541667,1.5270589192708337
256,0.805,24,0.8098958333333333,0.779296875,0.8228352864583334,1.4927571614583337,1.3708089192708333,1.7047119140625
256,0.815,24,0.8223470052083333,0.8095703125,0.8483072916666666,1.6585286458333337,1.5416259765625,1.83154296875
256,0.84,24,0.8819173177083333,0.8589680989583334,0.8939208984375,3.6201985677083335,3.0815836588541665,4.1455078125
256,0.86,24,0.9266764322916669,0.8966878255208334,0.965087890625,17.003580729166664,13.390869140625,25.1221923828125
256,0.88,24,0.9903157552083334,0.9655354817708334,1.0128173828125,185.9295247395833,158.9688720703125,225.80094401041663
256,0.9,24,1.0419108072916663,1.0155436197916667,1.0598958333333333,251.80013020833331,251.50602213541663,251.9250895182292
512,0.7975,16,0.7958984375,0.7844034830729166,0.8052978515625,1.3976643880208333,1.3067626953125,1.4553426106770833
512,0.805,16,0.8057861328125,0.7995808919270834,0.8132527669270833,1.5540771484375,1.40545654296875,1.7401326497395837
512,0.815,16,0.8137613932291666,0.806396484375,0.8240966796875,1.7304280598958337,1.5020751953125,1.8697102864583333
512,0.84,16,0.8931884765625,0.8719278971354167,0.9130655924479169,2.902547200520833,2.5731404622395835,3.7769775390625
512,0.86,16,0.9335530598958334,0.9176839192708334,0.9537556966145831,27.427001953125,18.922098795572914,44.52396647135417
512,0.88,16,0.978271484375,0.96575927734375,0.9970906575520831,501.8796793619792,388.188456217448,503.9146321614583
512,0.9,16,1.0706380208333337,1.017822265625,1.09344482421875,505.46484375,505.1928914388021,505.5914306640625
