pair_id,W,state,mean,std,q10,q25,q50,q75,q90,q95
S1C_W0.79_r00,0.79,original,1.8966899166764248,0.08819717921349887,1.7952946737145101,1.85255831513354,1.9122493450942768,1.9591914962491226,1.9842256001668739,1.9921964215186068
S1C_W0.79_r00,0.79,rearranged,1.89464512760116,0.09758313587259566,1.7939580665303245,1.8519171785146158,1.9118525357179832,1.958999120917253,1.9841291975190263,1.992143502695829
S1C_W0.79_r01,0.79,original,1.8966786929920274,0.08854897946302927,1.7954259908482788,1.8526571889096397,1.9122504155945586,1.9591389636513614,1.984158237418798,1.9921693337939361
S1C_W0.79_r01,0.79,rearranged,1.8968730571459589,0.08754829918791006,1.795620734772824,1.8525383636210169,1.912184601785758,1.959157827964889,1.9841757970788447,1.992176538091072
S1C_W0.79_r02,0.79,original,1.896624542323138,0.08877049517028908,1.7955237288992916,1.8526203567821105,1.9122379045744613,1.959228440606676,1.9842363294540104,1.9922067689381395
S1C_W0.79_r02,0.79,rearranged,1.897649283059296,0.08282502871619915,1.7958232563838947,1.8528380686772676,1.912300561913978,1.9592129539047316,1.9842398273510593,1.992211036784767
S1C_W0.79_r03,0.79,original,1.8965158515230394,0.08888819206027039,1.7953929421021373,1.8524822115056847,1.912183924736459,1.9590800065859797,1.984149106481459,1.9921572164889005
S1C_W0.79_r03,0.79,rearranged,1.8961151786595547,0.09008104622137582,1.7947313355457835,1.8522071698879323,1.9121085060083387,1.9590915388031243,1.984183477774195,1.9921777117210595
S1C_W0.79_r04,0.79,original,1.8967428272272937,0.08786074351247367,1.7955623807656087,1.8526605101557438,1.9122424709960308,1.959170644116438,1.9842282671229117,1.9921839872506844
S1C_W0.79_r04,0.79,rearranged,1.8950934915581912,0.09491569097862788,1.7941334595524154,1.8518648564461588,1.9118619885040646,1.9589881767576602,1.9841643394169748,1.9921636226664532
S1C_W0.79_r05,0.79,original,1.896578695029262,0.08919308590077117,1.7954742052259323,1.8525496351473825,1.9122312629725289,1.9591332956339995,1.9842130405456078,1.9921629924533748
S1C_W0.79_r05,0.79,rearranged,1.897140329861898,0.08756295244770221,1.7961640929423746,1.8529739936785763,1.9124791220098958,1.9592069840631556,1.9842379721912948,1.992204589060577
S1C_W0.79_r06,0.79,original,1.8966301149532445,0.08876159170138821,1.795386889407136,1.8525736926487923,1.9123012140424356,1.9591404561159376,1.984241539256223,1.992215832891196
S1C_W0.79_r06,0.79,rearranged,1.8965239554574687,0.08972963256308061,1.7957025177191988,1.8527335067949264,1.9122987757911956,1.9591199513702016,1.984193101163752,1.992176582822742
S1C_W0.79_r07,0.79,original,1.896735762592758,0.08810868298552851,1.7954298068901684,1.8527254591353366,1.9123252148616152,1.9591467638273774,1.984202541782955,1.9921825075859279
S1C_W0.79_r07,0.79,rearranged,1.8964591818343044,0.08912386079751977,1.7951855388002005,1.8523669173575137,1.9121336396073196,1.9591044455199447,1.9841914601241473,1.9921962907418782
S1C_W0.79_r08,0.79,original,1.896691061870505,0.08859963778350295,1.7955704211356773,1.8527261843362135,1.9123391298742778,1.9591661102202724,1.984175553092379,1.992165651529767
S1C_W0.79_r08,0.79,rearranged,1.896460621588232,0.09029020491639406,1.7954450181682293,1.8526142806814385,1.9122691302246366,1.9591474202423615,1.984188534028013,1.9921725994271278
S1C_W0.79_r09,0.79,original,1.8966150927277272,0.08857433235612046,1.7953786177453122,1.8525647921570607,1.9122105392741497,1.9591149931867635,1.9841815945275536,1.9921637111539416
S1C_W0.79_r09,0.79,rearranged,1.8969425818845154,0.08641140587136359,1.7952998318759377,1.8526209912279197,1.9122656493113501,1.9591815310978375,1.9841859196651384,1.992189128730053
S1C_W0.79_r10,0.79,original,1.89671808547587,0.08787410807718057,1.7954409431753529,1.8525678749129086,1.9122168727990188,1.9591442748806234,1.9842019326980482,1.9921931302572615
S1C_W0.79_r10,0.79,rearranged,1.8970234623334843,0.08728290244082973,1.7957966954971523,1.8528200050070516,1.912340714620146,1.9592384827874212,1.9842582957518877,1.9921894394555661
S1C_W0.79_r11,0.79,original,1.896658710871658,0.08794748479251775,1.7952199169717087,1.8525453645051149,1.9122378787969159,1.959140566247759,1.984203024981143,1.9921729086048245
S1C_W0.79_r11,0.79,rearranged,1.895420152116714,0.09341540393846025,1.7941954948655654,1.8520521084569406,1.9119911644940695,1.9590040723009594,1.9841506781314426,1.9921421179713277
S1C_W0.79_r12,0.79,original,1.8967900368061907,0.08779292921048248,1.7954999264840965,1.8526307394779546,1.9122936893522349,1.9591403658435422,1.9841654316651787,1.9921904503213488
S1C_W0.79_r12,0.79,rearranged,1.8973663973357,0.08603927549521864,1.7961496215801596,1.8529060803156243,1.9123652251800762,1.9592654047287685,1.9842589673393387,1.9922423599961145
S1C_W0.79_r13,0.79,original,1.896600530878714,0.08843232165190808,1.795327976066469,1.852543533469442,1.912181726718091,1.9590925217658677,1.9842211942190815,1.9921762734243404
S1C_W0.79_r13,0.79,rearranged,1.896584789967682,0.08756273131954671,1.7951681332295828,1.8523750009645705,1.9120597659119847,1.9590128785998278,1.9841484168883623,1.9921734557294883
S1C_W0.79_r14,0.79,original,1.8966564238424413,0.08829736956057976,1.7955054567337962,1.8525450986925174,1.912245612139403,1.9590827648478064,1.9842184081247733,1.9921756640831134
S1C_W0.79_r14,0.79,rearranged,1.8969178028611435,0.08718431986394524,1.7957405523829637,1.852643581764918,1.9122100900116195,1.9591001913570771,1.9842156228302268,1.9921875978189665
S1C_W0.79_r15,0.79,original,1.8965620695017011,0.08851138571787584,1.7953086026556444,1.8524181393380144,1.9121131174409078,1.959043891580553,1.9841975740574174,1.9921673923369174
S1C_W0.79_r15,0.79,rearranged,1.8970303817003458,0.0859896306758812,1.7955588480985019,1.8525902391397444,1.912261759726332,1.9591199021354089,1.9841861353003303,1.9921598548290247
S1C_W0.80_r00,0.8,original,1.896698094414423,0.08817682576274842,1.7953001977507477,1.8525710234606403,1.9122538405680545,1.9591952667894816,1.9842261078333858,1.9922008770474873
S1C_W0.80_r00,0.8,rearranged,1.894613979695661,0.09778470110679519,1.7939571960340919,1.8519232740222664,1.9118654893952447,1.9590071738205093,1.984137159331952,1.9921480192745435
S1C_W0.80_r01,0.8,original,1.8966965185855158,0.08848000038783022,1.7954575853707826,1.8526844703182217,1.9122574471169473,1.9591383426178468,1.9841579978002093,1.99216695363997
S1C_W0.80_r01,0.8,rearranged,1.8968962571791088,0.08751935766622347,1.7956506347345,1.8525733028763427,1.9121967807158295,1.9591705022800678,1.984188085377298,1.9921800095149096
S1C_W0.80_r02,0.8,original,1.8966176633439662,0.08875851957531194,1.7955124780724183,1.8526110654590675,1.9122263926160987,1.9592250450021684,1.9842358313727062,1.9922067031095771
S1C_W0.80_r02,0.8,rearranged,1.8976415651484673,0.08283687413118002,1.7958383846456638,1.8528274427599611,1.9122976801810272,1.9592054392422817,1.9842352214045074,1.992208967494347
S1C_W0.80_r03,0.8,original,1.896512434183901,0.08885559822894563,1.795391575483997,1.8524863390220736,1.9121764647923802,1.9590692238830802,1.9841409206011034,1.9921515925696276
S1C_W0.80_r03,0.8,rearranged,1.896142240428251,0.08995001084819526,1.7947376553980339,1.8521963165567545,1.9121217625150837,1.9590876962568973,1.9841822027517468,1.9921764623945541
S1C_W0.80_r04,0.8,original,1.8967377436758266,0.08789183168282337,1.795558180970934,1.8526540599308066,1.9122461433951472,1.9591741070511441,1.984235282311007,1.9921876650500778
S1C_W0.80_r04,0.8,rearranged,1.8951135391757756,0.0949082871707207,1.7941885457614124,1.8518913943238784,1.9118855296546036,1.9589933758358629,1.9841634650005733,1.992161491563628
S1C_W0.80_r05,0.8,original,1.8965838802935868,0.08918561769776237,1.7954691080944996,1.8525604732865577,1.9122421200448403,1.9591293457314147,1.9842102306933924,1.9921644967094467
S1C_W0.80_r05,0.8,rearranged,1.8971476378483072,0.08749802640449603,1.7961912427464783,1.8529838538222558,1.912481497693575,1.9591986026935118,1.9842310752189671,1.9922006400418297
S1C_W0.80_r06,0.8,original,1.896633017643153,0.08870728347676529,1.7953632284144587,1.8525648751475752,1.9122973629256714,1.9591404179546288,1.984241211445254,1.9922156595075031
S1C_W0.80_r06,0.8,rearranged,1.896516641956433,0.0897419547857545,1.7957038562573333,1.8527126787992927,1.912293955492716,1.9591182031843264,1.9841979623160404,1.992178545878799
S1C_W0.80_r07,0.8,original,1.8967197048075481,0.08807533521296333,1.7953942699549295,1.852680593053398,1.912303112781021,1.9591353318837257,1.9841973767580199,1.9921820366646041
S1C_W0.80_r07,0.8,rearranged,1.8964683813775807,0.0891603020927726,1.7952549062254084,1.8523866100332333,1.9121379722112646,1.9591093344194965,1.9841977563094195,1.9921994601982733
S1C_W0.80_r08,0.8,original,1.8966979134484707,0.08855476818868835,1.7955704211356773,1.8527366603694877,1.9123400697291204,1.9591692825249023,1.9841824702082635,1.992168204812177
S1C_W0.80_r08,0.8,rearranged,1.8964984770446145,0.09008517488056217,1.7954838436942653,1.8526189913406126,1.912266826965344,1.959149381964378,1.9841924384439014,1.9921763818158973
S1C_W0.80_r09,0.8,original,1.8966313541430175,0.088513466626574,1.7954075664052047,1.8525944975700783,1.9122132737351052,1.9591124612216413,1.9841855236248873,1.9921687247018756
S1C_W0.80_r09,0.8,rearranged,1.8969148838953362,0.08651078919030634,1.7952570653146622,1.8525923140071523,1.912251806650119,1.9591750848163398,1.9841841314502386,1.9921880783348669
S1C_W0.80_r10,0.8,original,1.8967199571747038,0.08788519780320088,1.7954295718325524,1.8525743205858853,1.9122277591636772,1.959149728274333,1.9842020294741958,1.9921950704436577
S1C_W0.80_r10,0.8,rearranged,1.8970162371163475,0.08728136057801188,1.7957742096039409,1.85281591740244,1.9123265333973674,1.9592350660419258,1.984254713355707,1.9921869870529063
S1C_W0.80_r11,0.8,original,1.8966467332402477,0.08799237999331222,1.7952048118379906,1.8525454461173387,1.912232506485452,1.9591345580507717,1.9842015582199022,1.9921740994711556
S1C_W0.80_r11,0.8,rearranged,1.8954446497735344,0.09329006536435268,1.7942444072434336,1.8520737722161302,1.912001915856199,1.9590048626892709,1.9841511938057026,1.9921423558315217
S1C_W0.80_r12,0.8,original,1.8968025380554348,0.08775609232053586,1.795569413812398,1.8526128297117999,1.9122973392868152,1.9591440341325204,1.9841658311040913,1.9921897216531528
S1C_W0.80_r12,0.8,rearranged,1.8973769088058132,0.08604942652669015,1.7961535775314703,1.8529184216323475,1.9123805684385113,1.9592701053851966,1.984261509411372,1.9922445024841804
S1C_W0.80_r13,0.8,original,1.896607090493813,0.08844771496583136,1.7953500476421451,1.852560372967467,1.9121866678619024,1.9590933108961401,1.9842213641785842,1.992177986929032
S1C_W0.80_r13,0.8,rearranged,1.8965875047371548,0.08743258265748452,1.7951820209392193,1.8523456191100498,1.9120354893838836,1.9590066561337027,1.9841469140719703,1.9921691498298701
S1C_W0.80_r14,0.8,original,1.8966557494937522,0.08830114385871278,1.7954805392725939,1.852545140507043,1.912252243978954,1.9590829992677643,1.9842129009181289,1.9921750434913055
S1C_W0.80_r14,0.8,rearranged,1.8969369377633636,0.08705711061615393,1.7957541363578988,1.8526547467534895,1.912199862494632,1.959096069865075,1.9842128863782635,1.9921840210280863
S1C_W0.80_r15,0.8,original,1.896555323316004,0.08850867061923433,1.795270858548293,1.8524194618508452,1.9121057391291676,1.9590410905333917,1.984198589143805,1.9921715085535336
S1C_W0.80_r15,0.8,rearranged,1.8970195298996058,0.08598834021334913,1.7955409673571876,1.8525750003798014,1.9122413416522623,1.959104724192526,1.9841805941783097,1.9921567847745127
S1C_W0.81_r00,0.81,original,1.8967026134869054,0.08812386509343145,1.7953238729197871,1.8525757611405178,1.9122470988264837,1.9591923401785158,1.984227040441635,1.9921999942627207
S1C_W0.81_r00,0.81,rearranged,1.8945968741475336,0.09778867395598731,1.7939477845986236,1.8519070832890447,1.9118524282772245,1.9590032661516343,1.9841318361497777,1.9921444668585113
S1C_W0.81_r01,0.81,original,1.896692179639387,0.08846822408611899,1.795419730901947,1.8526815632565252,1.9122469376094353,1.9591394890314893,1.984160464490831,1.9921665390715837
S1C_W0.81_r01,0.81,rearranged,1.8969070752961583,0.0874791092186044,1.7956413116872394,1.8525655291953742,1.9122088572923,1.9591782437800127,1.9841922301225936,1.992182083252967
S1C_W0.81_r02,0.81,original,1.8966214351130448,0.08878601801897192,1.7955276972461074,1.8526254775792759,1.9122305138283489,1.9592335424014136,1.9842357581692098,1.9922060384185631
S1C_W0.81_r02,0.81,rearranged,1.8976463703477648,0.08288855481383171,1.7958635247461165,1.8528294333799264,1.9123123281946746,1.959215958183282,1.9842382501206954,1.992207006974999
S1C_W0.81_r03,0.81,original,1.89653066392891,0.08880943997364354,1.795445346831232,1.8524960075084809,1.91218537338702,1.9590759357686254,1.9841388349345515,1.9921524891783853
S1C_W0.81_r03,0.81,rearranged,1.896151812274019,0.08991395091049693,1.794735343378373,1.8521929012866853,1.9121204266709264,1.9590915049764839,1.9841897863630826,1.9921813090479494
S1C_W0.81_r04,0.81,original,1.8967366662645244,0.08791620389143599,1.7955256798029509,1.8526445582996667,1.9122638831200045,1.9591802465865107,1.9842427141935624,1.9921882269211875
S1C_W0.81_r04,0.81,rearranged,1.8951365892018903,0.09478340389472506,1.7942101328827607,1.8519174815444868,1.9118849757940686,1.9589900043740571,1.9841647763163603,1.992164946941399
S1C_W0.81_r05,0.81,original,1.8965915263603172,0.08916034840322759,1.7954707604580806,1.852578288337322,1.9122431092561958,1.9591271745353924,1.9842131314136884,1.9921655975904957
S1C_W0.81_r05,0.81,rearranged,1.897151793336598,0.08750311705480225,1.7961945575057152,1.8529826015485658,1.9124923282223922,1.9592092928865186,1.98423431062341,1.9921995451459464
S1C_W0.81_r06,0.81,original,1.896628846048785,0.0887033855933454,1.7953631487923813,1.852558787384361,1.9122873658207433,1.9591360248404353,1.9842386609428049,1.9922183375827598
S1C_W0.81_r06,0.81,rearranged,1.8965205030209447,0.08972721685512575,1.7957167709997275,1.8527141714789832,1.9122980941368275,1.9591198759421324,1.9841998336267532,1.9921783631815775
S1C_W0.81_r07,0.81,original,1.896715261579871,0.088064871470099,1.7953935332226303,1.8526755906384054,1.9122996324137258,1.9591303706491652,1.9841938206074894,1.9921805735386284
S1C_W0.81_r07,0.81,rearranged,1.8964768150804965,0.08909572547674292,1.795248400990589,1.8523789760623575,1.91214411940882,1.9591111515847794,1.984194734569054,1.992199051916938
S1C_W0.81_r08,0.81,original,1.8967192080227817,0.08854796017204115,1.795601508040651,1.852766590626189,1.9123640725360649,1.959175374643651,1.9841874976278266,1.992172686805589
S1C_W0.81_r08,0.81,rearranged,1.8965374133407975,0.08981045119792358,1.7955139972823526,1.852630956938695,1.9122699558977105,1.9591600916613257,1.984192358386811,1.9921760196811042
S1C_W0.81_r09,0.81,original,1.896625494873316,0.08847387201732293,1.795380504991328,1.8525753793744464,1.912204835377606,1.9591146399650887,1.9841869264104395,1.992167803569221
S1C_W0.81_r09,0.81,rearranged,1.8968895850905876,0.0865358552313818,1.7951974481301847,1.852560450087025,1.912241180767516,1.9591723936934675,1.9841750521432384,1.9921857521240944
S1C_W0.81_r10,0.81,original,1.896744283289388,0.0877939276050295,1.795453183073044,1.8526264131789631,1.9122380751740466,1.9591411093840998,1.9841997504734967,1.9921945997234711
S1C_W0.81_r10,0.81,rearranged,1.8970147045032664,0.08729825975781064,1.7957694406816143,1.8528243629071965,1.9123346589383647,1.9592366999733948,1.984248541878154,1.9921850503415326
S1C_W0.81_r11,0.81,original,1.8966493158997617,0.08802343094798375,1.7951916649098,1.8525462969308109,1.9122373667180796,1.9591460221788906,1.9842112770579707,1.9921809091854576
S1C_W0.81_r11,0.81,rearranged,1.895460229267591,0.09316506759248291,1.7942399113284728,1.8520795634625398,1.912006875740413,1.9590038536051433,1.9841532823073789,1.9921442635492683
S1C_W0.81_r12,0.81,original,1.8968093250273088,0.08768512085399441,1.7955453730204154,1.8526096973917678,1.912304085502115,1.959146145566321,1.9841685616872222,1.9921906716423874
S1C_W0.81_r12,0.81,rearranged,1.8973655388737842,0.0860284396609145,1.796134926517625,1.8528984989713753,1.9123690188214353,1.9592616392736033,1.984255312057881,1.9922419347102815
S1C_W0.81_r13,0.81,original,1.8965946632321626,0.08849450965400821,1.7953413282250874,1.8525661484434175,1.9121749574949507,1.959088630228772,1.9842231019070529,1.9921801966076977
S1C_W0.81_r13,0.81,rearranged,1.8965856450675478,0.0873599615708256,1.7951237725746725,1.8523328337778584,1.9120252088081446,1.958999156374767,1.9841485164432078,1.9921717680061488
S1C_W0.81_r14,0.81,original,1.8966624604587143,0.08826088047278635,1.7954832783491859,1.8525371878136467,1.9122550664152835,1.9590895545654547,1.984214199184462,1.9921764511033648
S1C_W0.81_r14,0.81,rearranged,1.8969633320543422,0.08699494457396,1.7957749660824653,1.8526787964767768,1.9122213499009333,1.959103105479806,1.9842185717683005,1.9921806876105124
S1C_W0.81_r15,0.81,original,1.8965635633864688,0.08848387771850277,1.7952908205201916,1.8524288635607888,1.9121060260114517,1.9590401207372572,1.9841986178558184,1.9921708685613828
S1C_W0.81_r15,0.81,rearranged,1.8970228852636142,0.0860732603979345,1.7955376910206018,1.8525985076507439,1.91225377908629,1.9591100097729914,1.9841824911353563,1.9921582671059288
