pair_id,W,realization,geometry_seed,disorder_seed,original_edge_sha256,reassigned_edge_sha256,original_S,reassigned_S,original_A_local,reassigned_A_local,original_D_global,reassigned_D_global,original_upstream_fraction,reassigned_upstream_fraction,changed_edge_fraction
S1C_W0.79_r00,0.79,0,7655837767034734158,934042189007205845,5282c6aaa8a8799845813d740745deb1b8e99576b33e5dbfd798be8b075c6a5e,1d6a152f37b4f2e4691d4f5f045e20e7d516bbf54fec7b71120eb928bd2d9441,0.2595876057942708,0.00010172526041666667,0.9695351290330918,0.968193272903784,0.7090709941129016,0.7107289418254704,0.05729711623418899,0.05671582903180804,0.7440214611235119
S1C_W0.79_r01,0.79,1,7138177107724583812,18115717769615187850,7464d40813945a2df154084f204d214e7fa7355d45d16bb849225d61a80a6f05,5cea68f8e5b39abbeb3d0f1abd0d64d3477d98ab146003ee091958b21d082e31,0.1592737833658854,0.0001068115234375,0.9694856447684892,0.9700414849600368,0.7094210864540781,0.7097842606327194,0.057367960611979164,0.05774107433500744,0.7431731451125372
S1C_W0.79_r02,0.79,2,7301254539265411036,1717762875529522896,3a9ac2647ea98a81b0aa17b58f0be2258081025bdb93e2e65afdfbf2ef9df77a,62066ad791bfc8ffc549d9f1d0b8a461a17812692452a7d2bab735592a14bebb,0.1921844482421875,0.00010935465494791667,0.9695228307207828,0.9703575223507324,0.709202176257986,0.7100295431092342,0.05748094831194196,0.05792054675874256,0.743025643484933
S1C_W0.79_r03,0.79,3,10833399783473843663,9514140423465135883,e86e669451c0dd58efc4b7868173a34c963151de9d3c3bba9bd45747b93b6fa8,5572a0c039a257b987fa4af4d0ac39a21cb3a36c9a9187574522562e219bee67,0.09990692138671875,0.0001068115234375,0.969515275598965,0.9690089130961204,0.7099755122997112,0.7092440663730865,0.057506016322544644,0.057742527553013394,0.744098118373326
S1C_W0.79_r04,0.79,4,17089777873478898221,16951094302730524563,cc67adb09c8c2262f64a90b5ce11c7af9be73120ef816660859ae50437f18059,03527267f2db4ce3ccf5de7a299c39a8bdcad0f16ea16715840a995cbcb4c4a5,0.18119303385416666,8.646647135416667e-05,0.9694537744705282,0.9681958745474232,0.7083611666614162,0.7083975185920897,0.05805169968377976,0.05792272658575149,0.7451190040225074
S1C_W0.79_r05,0.79,5,10737365616079812786,17714141268111472187,5f567d3452a5f5907b533d717fb68d8a48654603ecb1cdc8929a4f4796fd497f,a1ce71d81cdd6eca644d22a8604196b9db7146de64147bf25e50b36992b7d23f,0.10328928629557292,0.00010172526041666667,0.969538646632332,0.9700544045534376,0.7098435060436475,0.7102029552590249,0.057383946010044644,0.05760992140997024,0.7446027483258928
S1C_W0.79_r06,0.79,6,18392522625926627476,17181666016768037737,a8c3a0d454aba858f64f629adb7a243247d0ac7caf743299a93c6eef1f3bafc8,da456df44aa88c060fb418016bf0c62dd598b8c563b0a3e458d8c52ca0693bed,0.18924458821614584,0.00010426839192708333,0.9695539526599292,0.9694324396083184,0.7089325967433254,0.7086519410922049,0.057865687779017856,0.057712373279389884,0.7437874930245536
S1C_W0.79_r07,0.79,7,10075112737880425626,882632597237696698,1f6c6e81bf97e9a06372da328961a524dc6bdb93f9f10e35576ca4894a7fe933,d675e95a5b2b428ca41a78b4bd9f623478b59f7ef80709be42525b87b37abc62,0.15924835205078125,9.409586588541667e-05,0.969531520039456,0.969477774404206,0.7093292045992862,0.7093395584254726,0.057788303920200894,0.05795142764136905,0.7445260910760789
S1C_W0.79_r08,0.79,8,4045559426312456630,9351229326151978282,89e89a971d9be003487d8a1c3ec05eeb8eba90173b9c2e1dce7ce69d51a02789,ffdc791a14eb59a85612abc55a894e40fdc92dac3e949eb7e264acda81d08b2a,0.19484965006510416,9.663899739583333e-05,0.9695871759586858,0.9694206561214944,0.7093582058741812,0.7085362204077592,0.05734289260137649,0.05785188220796131,0.7443647838774181
S1C_W0.79_r09,0.79,9,11877919894818629711,2014691400867905938,4b6e8890e5aed1442a53a6e9fb0947cb3f59a59756c1870ab4dd7cf552352a08,4b4c888839414c8f8147bcc8db9448135116c950cf2140428f82d36bcbb21b53,0.1401392618815104,0.00012461344401041666,0.969529716713702,0.9695075520601844,0.7095645248384829,0.7106596910529622,0.0574707757859003,0.05760919480096726,0.7434837704613095
S1C_W0.79_r10,0.79,10,12590900716292596139,2117280375500507789,a289eec9796abce64bf442422081fb8337784597b162220d1d8a83a6a3282661,f522c676d8d9ea48ff3aa4ddf93857f726db07924943de06c0e14c7872e0bd04,0.188140869140625,9.918212890625e-05,0.9696586764051064,0.9699551547128752,0.7100255845855703,0.710094115576587,0.057437351771763394,0.0574249994187128,0.7435131981259301
S1C_W0.79_r11,0.79,11,1962789095212423922,8331814245213072405,ee4508a963f4655416b558f0442081e02a849d7021bb6ff668eec9e61a412cab,8b1dec5c47d3a2aaf7b8b81c9c1503e14b29dfe5707df34bfa239431d6663637,0.1876373291015625,0.00010172526041666667,0.9695189973496168,0.9685790958461052,0.7095174143130969,0.7091690618941353,0.05724407377697173,0.057522001720610116,0.7428970336914062
S1C_W0.79_r12,0.79,12,14510932720716503721,3241278375788733931,b96ed0437984aa833255048e146393c5da35285c4a8467549b61d9810e759cec,aaeb79020b29f20aeb4be82d8d3ebdee37b12ec58491cef68c01f3e5874dff00,0.3728179931640625,0.00011698404947916667,0.9695656054494964,0.9700237387859733,0.7089733656944298,0.7093801857475129,0.057514735630580356,0.057645161946614586,0.7433304559616816
S1C_W0.79_r13,0.79,13,6160150824468491629,3559034236000207361,13f2ebfd2686e87ddccb154edfe45e110ed5970d04363e7b46c404cec7d71966,f709685dd63773b46268308530ab388ba07ffd6c40df720712e5e351313da503,0.2171961466471354,0.00010426839192708333,0.9695353691304566,0.9696645870199694,0.7091403211635012,0.7082341141964579,0.05804443359375,0.058147975376674106,0.7436610630580357
S1C_W0.79_r14,0.79,14,10714398994419119567,2123816966686241028,e8c569af23e050d8a30d08b79ae77a59a4897ab7b85c80ebfc5c7a8f4460905c,e25fac86c66b314f60bad876de960ad4280c92f9ade1012cb5a5ae1300dc0ab1,0.108612060546875,9.663899739583333e-05,0.9695245357461344,0.9698143178856098,0.7101379711957735,0.7094099156418303,0.057285853794642856,0.05722808837890625,0.7437933058965773
S1C_W0.79_r15,0.79,15,3525784381421185546,9728774493767030428,9defb3ea47f84ab5b371ab957ebe07731e6c99cb7b213e2d892ac90946856599,619e5ee5ac817ec11984ac47ec3b9d9940e8b6295064d4ce3c647b190adf70e2,0.23024749755859375,8.900960286458333e-05,0.9695121949523252,0.9695983342753858,0.7100069625944082,0.7093964604571128,0.057277497791108634,0.05750165666852679,0.7437555222284227
S1C_W0.80_r00,0.8,0,7655837767034734158,934042189007205845,719b675b7b2b31f2c58d9ebe796d55d1b5f44e56bf57d962275c5e7399613e0a,cf2d6905b94b1265f3b2eef93442ec373a0349d762be7b86a5be2a9011044919,0.5355148315429688,0.00010172526041666667,0.969533073841963,0.9681738428219308,0.7034542368911224,0.7048968606252262,0.06022462390718006,0.05974033900669643,0.7468886602492559
S1C_W0.80_r01,0.8,1,7138177107724583812,18115717769615187850,4d3bda900026b2467a23a751d8f5ef90f49935e0e66e4f14b1e3722c20691db7,a2bacecd2623c3e78f46ede3ede6a2e0d9faace280512093e8a015568ad354b1,0.2586415608723958,0.00011444091796875,0.9694764513520716,0.9700383655284176,0.7038520701435198,0.7042257566034505,0.060236976260230654,0.06063988095238095,0.7459876650855655
S1C_W0.80_r02,0.8,2,7301254539265411036,1717762875529522896,61ae7bf1a97614ead2454371fd56b8563dc458a630ea13534ac244e89c592f6e,64fc180edc78ab1612ee9a3c9e007065dd9950fe743874ef228a3b50c58e56c8,0.3059844970703125,0.00010935465494791667,0.9695292166343736,0.9703591703137204,0.7035570575974501,0.7044337307156103,0.06039283389136905,0.06082007998511905,0.7459179106212798
S1C_W0.80_r03,0.8,3,10833399783473843663,9514140423465135883,f42a27e994c7a0a761d35ca1512022340aac932531be385fb4221ef954ccd34d,985e3178722d436c8b6e496bb6cfb7baa73c644e28ced4c8ead3e9e2ebdba740,0.1664861043294271,0.0001068115234375,0.969518377860723,0.9690103783630444,0.7044287579503523,0.7036068363307232,0.060420445033482144,0.06067475818452381,0.7470245361328125
S1C_W0.80_r04,0.8,4,17089777873478898221,16951094302730524563,17aa185709e12c3b0f224037b0a082b9f764ad9675c2115a532cd25ed78b86a1,a8049cd9cc5e090c6604ad9e3c6c8b3b389ce65a8662a1dc32e64d4fec98f286,0.4219258626302083,8.646647135416667e-05,0.9694589612037884,0.968179763100024,0.702739655820659,0.702690685016036,0.06091853550502232,0.06086839948381696,0.7480094546363467
S1C_W0.80_r05,0.8,5,10737365616079812786,17714141268111472187,e3a3663d18b8500f1309e3e5e8894c5dc8fce4261e16416212f374c67ff6c246,13c52c8a8e106b19507939fd01894984107318cd2526936408cbca6c22c691e9,0.4528096516927083,0.00010172526041666667,0.9695360781439136,0.9700589936530576,0.7042847258988163,0.7045858560395977,0.06021009172712054,0.060550144740513394,0.7475506010509673
S1C_W0.80_r06,0.8,6,18392522625926627476,17181666016768037737,b75a4457b2796a47ac87856871becf6302e1b4557303163b3efa243de25680e0,497a0c535f076ef68a9b2d931fcc294850f82dbfd6b819a917b0a3eab12dc2ca,0.3640289306640625,0.0001068115234375,0.9695563997286232,0.9694369494326716,0.7033011597936027,0.7029767857557436,0.06074596586681548,0.06064714704241071,0.7466561453683036
S1C_W0.80_r07,0.8,7,10075112737880425626,882632597237696698,ca2622555d2ac6788f1c9249d64fef19af991da95c250fab25fa940f79a579d8,0317fa58f2b669eee45ca2bc97fb56f976e492d9939766764bfbf88fb34dc90e,0.32666015625,9.663899739583333e-05,0.9695384177178276,0.9694713249155744,0.7037566351717554,0.7036990874278849,0.06068529401506696,0.06081971668061756,0.7474147251674107
S1C_W0.80_r08,0.8,8,4045559426312456630,9351229326151978282,335e4f7b04354b36a04a40c34df5a45b26933532dec6bd213302db654731ca34,7ebc2c0f29546ee6a384974c774a9063b4361cb3ebce9082b8f44384973a2dff,0.6989288330078125,0.00011698404947916667,0.969585189498986,0.969429784168164,0.7037560948092934,0.702797447675089,0.060245695568266366,0.060803004673549106,0.7473424275716145
S1C_W0.80_r09,0.8,9,11877919894818629711,2014691400867905938,8baf8db55f4c3acfecfe05496dddf48dacac196b7bf164974b1d996297cb6c84,4f6aeb2b97bde680cf00a007d24793065d17d7b1904b6c54392e067ec38f0111,0.26197560628255206,0.00012461344401041666,0.9695246742832848,0.96950345765398,0.703947613579335,0.7050727955158939,0.06039574032738095,0.060497465587797616,0.7463644118536086
S1C_W0.80_r10,0.8,10,12590900716292596139,2117280375500507789,aa470db227c164cc2e8419853b05848fd8553918247e237cb1160969656d49c5,2538ea0ac02d517cbc4a52256396e1aede00c19a182553c3dc3be0bc7243d6c8,0.45152028401692706,0.00010172526041666667,0.969659694562558,0.9699584649831372,0.7044055520818497,0.704491314952539,0.060351780482700894,0.060306367420014884,0.7463822137741816
S1C_W0.80_r11,0.8,11,1962789095212423922,8331814245213072405,163088283be86a4b4f1d31791f1ceb647c7b8afdda02ae68360d5d2171ae6d6d,006a729df111b9d6efc3eb8302ebbf3e234e9c6bc5264db3a6678116ce52a7d6,0.9890416463216146,0.00010172526041666667,0.9695251555655952,0.968569737276757,0.7038775719997034,0.7035097464602462,0.060178120930989586,0.060406276157924106,0.7457751319521949
S1C_W0.80_r12,0.8,12,14510932720716503721,3241278375788733931,4e6301523bba10b7d40ce030369cb23565cb6538d429b0c2f0584b4a76c08d81,8a553ec595e82663467929df3bc36ccccb26b33122f0505f1e8b38d886b9b4e9,0.5618871053059896,0.00011952718098958333,0.9695620297880152,0.9700122092580094,0.7033344040673664,0.7037629123089737,0.0604767572312128,0.060581752232142856,0.7462572370256697
S1C_W0.80_r13,0.8,13,6160150824468491629,3559034236000207361,e940cac7afad135f65e236cfc77ae147180e558ab8accbb1b5ef32ac322c317b,27280d775708290f60eaf528c1382dcf7d07ada4887dbeabd0b560d7cb6b9d2e,0.9088236490885416,0.00010426839192708333,0.9695317708868944,0.9696721259638204,0.7035015593053996,0.7026987762287944,0.06092725481305804,0.061002095540364586,0.7465377081008184
S1C_W0.80_r14,0.8,14,10714398994419119567,2123816966686241028,942c58a2986a68f734e2d4730d0375a4dfe12df3496566ecc073fd0fd41cc0a6,29f1a223a9831d5c7dc69e70d6cedc348eae8bd5d4da28b247eb685c117567df,0.4386240641276042,9.663899739583333e-05,0.9695259014063452,0.9698296747796964,0.7045220930340909,0.7037410903165339,0.06020318894159226,0.06019047328404018,0.7467698596772694
S1C_W0.80_r15,0.8,15,3525784381421185546,9728774493767030428,0280a515025bcc95c41ef7aaa5ae0dd1270c0cd0551b0dd2b0c3245c1135f9ec,e6914ea9aed2ef34abf5d1ba1428c5c8d2b9e11107ee5fa9e293ff8db43798cc,0.42115020751953125,8.900960286458333e-05,0.9695165260184482,0.9696131759950274,0.7044325673968266,0.7038252849441664,0.06017121814546131,0.06040118989490327,0.7466517857142857
S1C_W0.81_r00,0.81,0,7655837767034734158,934042189007205845,04d17a8bdaa42b5ab786e94b4a7a1ca63d0102a685ceac53952fe8769c9066be,90b003262d6ffbf0ca28efff5402b609f722c75899901ca75301690e33e64bca,0.9801712036132812,0.00010172526041666667,0.969531665583211,0.9681564203261328,0.6978528415089662,0.6991275841197228,0.06313905261811756,0.06274741036551339,0.7497387840634301
S1C_W0.81_r01,0.81,1,7138177107724583812,18115717769615187850,4bcbbc2ff658c9485283bbbcd1fd00120b13c5fb07fa08812029ef846fd99621,d63b1ef4c6685a523247f5c3caf03bf4531817cd1dd76e3860b1dcf382d45b3c,0.7990849812825521,0.00011952718098958333,0.9694769399817332,0.9700385986780732,0.6981916841766591,0.698624796125304,0.06313469296409971,0.06355031331380208,0.7488345191592262
S1C_W0.81_r02,0.81,2,7301254539265411036,1717762875529522896,de1cc6f702c1294287f51882fafb282311ecce9be66ce86769a743006dacf365,51cfe2ad6a87f2aebd3c14ebb7d8d8ab40569b9ab47d9bd424655a2c559700c0,0.9857457478841146,0.00010935465494791667,0.9695277112584156,0.9703531009825992,0.6979445480265692,0.6988544302949965,0.06333850678943452,0.06375013078962054,0.748841058640253
S1C_W0.81_r03,0.81,3,10833399783473843663,9514140423465135883,e8ffe1cae5cf5103a84c9bf022a0c7ab824c1235c2cb6b542808a77872cbdceb,3cff2d338c76bdc6184f3057b54c8bbccc6bb270eb01c1eade2b325be763aa37,0.8165232340494791,0.0001068115234375,0.969508269292536,0.9690178559652493,0.6987908138126118,0.6980565369887785,0.06343296595982142,0.06358482724144346,0.7498092651367188
S1C_W0.81_r04,0.81,4,17089777873478898221,16951094302730524563,3a2e21b182f92e40d46ced8f61f1060129252019d9a7a08d301fdb01b943a2d0,bca54406c9e76cf95daa1a857372cdea790412d3255eda6bdd4c722c0d7be162,0.9863179524739584,8.646647135416667e-05,0.9694598602421254,0.9681663622659388,0.6971113009365327,0.6969988422276256,0.06386747814360119,0.06381697881789435,0.7508911859421503
S1C_W0.81_r05,0.81,5,10737365616079812786,17714141268111472187,d4e32e1e06ea1e2e070b52ed781a3560010fb4ea3546a152b8e0ff8812f0e6f7,97ebfa306c69d35e36d8f020eb5d4576233d8bd67a6c05818141bb035dc6bd51,0.9802042643229166,0.00010172526041666667,0.9695320278303734,0.9700652684723132,0.6986621759553374,0.6988763048005361,0.06317974272228423,0.06351180303664435,0.7504290626162574
S1C_W0.81_r06,0.81,6,18392522625926627476,17181666016768037737,855e51a2f4308151d41d8c0ecf454ceb8636224724c373869ab239bc83074106,a1c8de60f0cf135a9fcf9049dad5c0803ecb287f9ebe236e5dc853891b336b8d,0.5176773071289062,0.0001068115234375,0.9695598045971964,0.9694390462654529,0.6976703069433966,0.697312314769805,0.06370762416294642,0.06362297421409971,0.7495160784040178
S1C_W0.81_r07,0.81,7,10075112737880425626,882632597237696698,0b732a69cd77e165c2a2937193fa572618581d4625bef42d2149d676ffba2bd2,6ebf4f5cc97b1e4711df45251484a09be8f88f8662f37f3e4d9a676e0650b513,0.4445648193359375,9.409586588541667e-05,0.9695417315549928,0.9694668387967832,0.6981524212110358,0.6980728294839375,0.06364622570219494,0.06378137497674852,0.7502492268880209
S1C_W0.81_r08,0.81,8,4045559426312456630,9351229326151978282,7186734c1255812988126c0a93879f3b5396f0a0c77387268887f2595a6ea141,871f655092be0a972f807c52623581c9681577e4092e2aedc2ebc7e47fa6469e,0.6993560791015625,0.00010935465494791667,0.969575106346462,0.9694407398987552,0.6981205669100063,0.6969836061383996,0.06318700881231398,0.06386747814360119,0.7500995454334077
S1C_W0.81_r09,0.81,9,11877919894818629711,2014691400867905938,ae68a56ad596f403f18d7708229b64ab2b860cdb82fd4f800356d92b2700e6ce,a5fadcfcff8fdd3f545abab651360be37dd926e4409cede588a177c22d61c97d,0.34900156656901044,0.00012461344401041666,0.969529032944796,0.9694982598775722,0.698293577549397,0.6994656993659477,0.0633697509765625,0.06344931466238839,0.7492337908063615
S1C_W0.81_r10,0.81,10,12590900716292596139,2117280375500507789,76f0c452a740687d5a751e6cd611a1194a0599d5320852f13f510b9872926139,f2cf60e98a3bb547998075c478da81c104abadfecfa0410ec6de8622c32744e9,0.8611729939778646,0.00010172526041666667,0.9696493058729307,0.9699596073334394,0.6988109869143015,0.6988035345404834,0.06328074137369792,0.06332070486886161,0.7492050897507441
S1C_W0.81_r11,0.81,11,1962789095212423922,8331814245213072405,a15dc61e072870ed53c08c107765c1ab2816acf72ec4e9f39b44745b7e3360c7,5bd1abffcc2c8c8535d03e022289fcc1387aa1ac3889bd1d72e99e3da359cfca,0.9892934163411459,9.663899739583333e-05,0.9695215274039322,0.9685635898702551,0.6982774217054702,0.6977768793200846,0.06311144147600446,0.06342569986979167,0.7485631306966145
S1C_W0.81_r12,0.81,12,14510932720716503721,3241278375788733931,ec92a192a2c485c9bf62ea7b0128190a4a00d0f2601215a36a66505fcd204d5e,2e71e8835431e38c3237cdf839414b51d3e3508d2a6e2162c7013dbbe3825dba,0.9859848022460938,0.00011952718098958333,0.9695605681199456,0.970015846127856,0.6977726866606547,0.6981113154062218,0.06335376557849702,0.06353505452473958,0.7491226196289062
S1C_W0.81_r13,0.81,13,6160150824468491629,3559034236000207361,26b62ec884ad7ced32fb1cc3efcd18892d9fe73db512cd43d4bc262e78353808,fca87ed7981934b27833811c1899612f0f666226b89b6b151cd1f9d27a502575,0.9571762084960938,0.00010426839192708333,0.969538835409364,0.9696808400500474,0.697828041771177,0.6970788758402048,0.06393759591238839,0.06398446219308036,0.7493522280738467
S1C_W0.81_r14,0.81,14,10714398994419119567,2123816966686241028,67568e847e40756b7c9c1a986057e308d30f1a039bc73f88b783fe78e083477f,2c495d727c17cc233cb9659439e9ba386c5d5e478d426b5d9ea25b5ba6fcd890,0.8970387776692709,9.663899739583333e-05,0.9695221833893548,0.969842376690632,0.6989358377331071,0.6981037705310282,0.06309436616443452,0.06316557384672619,0.7496672130766369
S1C_W0.81_r15,0.81,15,3525784381421185546,9728774493767030428,909c4923d91ec60233627f492571756523ed432b35015264956202a9e57c1526,4ee85af0083cec8170b46ad4db47e4492bb52668d27580534ad43b69a9274575,0.4683278401692708,9.1552734375e-05,0.9695119087745888,0.96961860314512,0.6988151805944822,0.6982203042493589,0.06307329450334821,0.06332651774088542,0.7494793846493676
