case,N,edges,downward,order1,order2,gt2_or_infinite,mismatches,archived_labels_unchanged,negative_translation_unchanged
gaussian_iid_L128_q7_W0.75_r11_induced0,64,0,0,0,0,0,0,True,True
gaussian_iid_L128_q7_W0.75_r11_induced1,64,0,0,0,0,0,0,True,True
gaussian_iid_L128_q7_W0.75_r11_induced2,64,96,95,0,0,1,0,True,True
gaussian_iid_L128_q7_W0.75_r11_induced3,64,111,106,0,0,5,0,True,True
gaussian_iid_L128_q7_W0.75_r11_induced4,64,113,109,0,0,4,0,True,True
gaussian_iid_L128_q7_W0.75_r11_induced5,64,96,95,1,0,0,0,True,True
gaussian_iid_L128_q7_W0.75_r11_induced6,64,94,92,0,0,2,0,True,True
gaussian_iid_L128_q7_W0.75_r11_induced7,64,112,104,0,0,8,0,True,True
gaussian_iid_L128_q7_W0.75_r11_feedbacklocal0,128,436,371,23,3,39,0,True,True
gaussian_iid_L128_q7_W0.75_r11_feedbacklocal1,128,176,174,1,0,1,0,True,True
gaussian_iid_L128_q7_W0.75_r11_feedbacklocal2,128,114,108,0,0,6,0,True,True
gaussian_iid_L128_q7_W0.75_r11_feedbacklocal3,128,140,134,0,0,6,0,True,True
gaussian_iid_L128_q7_W0.75_r11_feedbacklocal4,128,156,151,0,0,5,0,True,True
gaussian_iid_L128_q7_W0.75_r11_feedbacklocal5,128,181,162,0,0,19,0,True,True
gaussian_iid_L128_q7_W0.75_r11_feedbacklocal6,128,133,121,2,0,10,0,True,True
gaussian_iid_L128_q7_W0.75_r11_feedbacklocal7,128,181,174,0,0,7,0,True,True
gaussian_iid_L128_q7_W0.7975_r94_induced0,64,0,0,0,0,0,0,True,True
gaussian_iid_L128_q7_W0.7975_r94_induced1,64,1,1,0,0,0,0,True,True
gaussian_iid_L128_q7_W0.7975_r94_induced2,64,174,160,2,1,11,0,True,True
gaussian_iid_L128_q7_W0.7975_r94_induced3,64,106,96,1,0,9,0,True,True
gaussian_iid_L128_q7_W0.7975_r94_induced4,64,86,82,1,0,3,0,True,True
gaussian_iid_L128_q7_W0.7975_r94_induced5,64,123,116,1,0,6,0,True,True
gaussian_iid_L128_q7_W0.7975_r94_induced6,64,112,104,0,0,8,0,True,True
gaussian_iid_L128_q7_W0.7975_r94_induced7,64,84,78,2,0,4,0,True,True
gaussian_iid_L128_q7_W0.7975_r94_feedbacklocal0,128,150,139,1,0,10,0,True,True
gaussian_iid_L128_q7_W0.7975_r94_feedbacklocal1,128,144,136,1,0,7,0,True,True
gaussian_iid_L128_q7_W0.7975_r94_feedbacklocal2,128,178,173,0,0,5,0,True,True
gaussian_iid_L128_q7_W0.7975_r94_feedbacklocal3,128,173,157,1,2,13,0,True,True
gaussian_iid_L128_q7_W0.7975_r94_feedbacklocal4,128,214,191,1,0,22,0,True,True
gaussian_iid_L128_q7_W0.7975_r94_feedbacklocal5,128,138,127,5,0,6,0,True,True
gaussian_iid_L128_q7_W0.7975_r94_feedbacklocal6,128,112,100,1,0,11,0,True,True
gaussian_iid_L128_q7_W0.7975_r94_feedbacklocal7,128,119,113,1,0,5,0,True,True
gaussian_iid_L128_q7_W0.805_r94_induced0,64,0,0,0,0,0,0,True,True
gaussian_iid_L128_q7_W0.805_r94_induced1,64,0,0,0,0,0,0,True,True
gaussian_iid_L128_q7_W0.805_r94_induced2,64,128,119,1,0,8,0,True,True
gaussian_iid_L128_q7_W0.805_r94_induced3,64,93,82,0,0,11,0,True,True
gaussian_iid_L128_q7_W0.805_r94_induced4,64,97,93,0,0,4,0,True,True
gaussian_iid_L128_q7_W0.805_r94_induced5,64,85,82,0,0,3,0,True,True
gaussian_iid_L128_q7_W0.805_r94_induced6,64,102,99,0,0,3,0,True,True
gaussian_iid_L128_q7_W0.805_r94_induced7,64,109,102,1,0,6,0,True,True
gaussian_iid_L128_q7_W0.805_r94_feedbacklocal0,128,151,139,1,0,11,0,True,True
gaussian_iid_L128_q7_W0.805_r94_feedbacklocal1,128,162,152,2,0,8,0,True,True
gaussian_iid_L128_q7_W0.805_r94_feedbacklocal2,128,176,162,2,0,12,0,True,True
gaussian_iid_L128_q7_W0.805_r94_feedbacklocal3,128,172,157,1,2,12,0,True,True
gaussian_iid_L128_q7_W0.805_r94_feedbacklocal4,128,145,126,2,0,17,0,True,True
gaussian_iid_L128_q7_W0.805_r94_feedbacklocal5,128,81,75,0,0,6,0,True,True
gaussian_iid_L128_q7_W0.805_r94_feedbacklocal6,128,114,107,0,0,7,0,True,True
gaussian_iid_L128_q7_W0.805_r94_feedbacklocal7,128,119,113,1,0,5,0,True,True
gaussian_iid_L128_q7_W0.815_r33_induced0,64,0,0,0,0,0,0,True,True
gaussian_iid_L128_q7_W0.815_r33_induced1,64,0,0,0,0,0,0,True,True
gaussian_iid_L128_q7_W0.815_r33_induced2,64,105,103,0,0,2,0,True,True
gaussian_iid_L128_q7_W0.815_r33_induced3,64,99,94,0,0,5,0,True,True
gaussian_iid_L128_q7_W0.815_r33_induced4,64,94,85,0,0,9,0,True,True
gaussian_iid_L128_q7_W0.815_r33_induced5,64,124,123,0,0,1,0,True,True
gaussian_iid_L128_q7_W0.815_r33_induced6,64,127,112,1,2,12,0,True,True
gaussian_iid_L128_q7_W0.815_r33_induced7,64,118,110,1,0,7,0,True,True
gaussian_iid_L128_q7_W0.815_r33_feedbacklocal0,128,154,136,2,0,16,0,True,True
gaussian_iid_L128_q7_W0.815_r33_feedbacklocal1,128,166,151,4,0,11,0,True,True
gaussian_iid_L128_q7_W0.815_r33_feedbacklocal2,128,183,178,0,0,5,0,True,True
gaussian_iid_L128_q7_W0.815_r33_feedbacklocal3,128,155,135,3,0,17,0,True,True
gaussian_iid_L128_q7_W0.815_r33_feedbacklocal4,128,154,145,1,0,8,0,True,True
gaussian_iid_L128_q7_W0.815_r33_feedbacklocal5,128,116,108,0,0,8,0,True,True
gaussian_iid_L128_q7_W0.815_r33_feedbacklocal6,128,209,197,1,0,11,0,True,True
gaussian_iid_L128_q7_W0.815_r33_feedbacklocal7,128,120,102,4,0,14,0,True,True
gaussian_iid_L128_q7_W0.9_r1_induced0,64,0,0,0,0,0,0,True,True
gaussian_iid_L128_q7_W0.9_r1_induced1,64,0,0,0,0,0,0,True,True
gaussian_iid_L128_q7_W0.9_r1_induced2,64,96,85,2,4,5,0,True,True
gaussian_iid_L128_q7_W0.9_r1_induced3,64,156,132,9,5,10,0,True,True
gaussian_iid_L128_q7_W0.9_r1_induced4,64,103,98,1,0,4,0,True,True
gaussian_iid_L128_q7_W0.9_r1_induced5,64,94,69,3,2,20,0,True,True
gaussian_iid_L128_q7_W0.9_r1_induced6,64,102,86,3,0,13,0,True,True
gaussian_iid_L128_q7_W0.9_r1_induced7,64,91,84,1,0,6,0,True,True
gaussian_iid_L128_q7_W0.9_r1_feedbacklocal0,128,98,90,1,0,7,0,True,True
gaussian_iid_L128_q7_W0.9_r1_feedbacklocal1,128,143,136,0,0,7,0,True,True
gaussian_iid_L128_q7_W0.9_r1_feedbacklocal2,128,181,166,2,0,13,0,True,True
gaussian_iid_L128_q7_W0.9_r1_feedbacklocal3,128,135,99,5,0,31,0,True,True
gaussian_iid_L128_q7_W0.9_r1_feedbacklocal4,128,154,132,2,0,20,0,True,True
gaussian_iid_L128_q7_W0.9_r1_feedbacklocal5,128,145,121,1,0,23,0,True,True
gaussian_iid_L128_q7_W0.9_r1_feedbacklocal6,128,109,82,2,0,25,0,True,True
gaussian_iid_L128_q7_W0.9_r1_feedbacklocal7,128,194,180,2,0,12,0,True,True
