case,family,N,edges,downward,order1,order2,gt2_or_infinite,mismatches,L,W,q,R,geometry_seed,orientation_seed,graph_sha256
L2_W0.0_seed2026101000,complete_model,96,672,644,28,0,0,0,2,0.0,7,1,2026101000,2026101100,a8d9287dcf535807fe87bade8ed8a6eb4df09bd1a637e118d96017b973587986
L2_W0.0_seed2026101001,complete_model,96,672,644,28,0,0,0,2,0.0,7,1,2026101001,2026101101,80d8757f83d8efe78a8a794654ae53a04cafc2d89484455723b90d92d37ec1ea
L2_W0.805_seed2026101000,complete_model,96,672,589,46,12,25,0,2,0.805,7,1,2026101000,2026101100,ea00077f3622147b0b08510073027c2f57f26bd99eb6ed1da40c26eaf8df44fc
L2_W0.805_seed2026101001,complete_model,96,672,570,43,10,49,0,2,0.805,7,1,2026101001,2026101101,75a50c117b4889e7326717fcc8d1892530782fb5f5e09aa74a25f85748d4163b
L2_W0.9_seed2026101000,complete_model,96,672,569,50,31,22,0,2,0.9,7,1,2026101000,2026101100,7fed681ee97ef72bb2301f0cf1382d5c79e67afc133d16032a6a847ded901b16
L2_W0.9_seed2026101001,complete_model,96,672,553,44,12,63,0,2,0.9,7,1,2026101001,2026101101,6df7232abf1cb9c46f4770f116f9853009f1b14819b4854a9fd83799958e9c4c
L2_W1.6_seed2026101000,complete_model,96,672,421,63,101,87,0,2,1.6,7,1,2026101000,2026101100,12c6cb890c7a70a0565598172e706958524ea4e419959219079e677df2be9572
L2_W1.6_seed2026101001,complete_model,96,672,412,66,65,129,0,2,1.6,7,1,2026101001,2026101101,b1d112e93ac7df1506d6599efe869eeff852a1d151be9c4be90acc9f8d150a51
L4_W0.0_seed2026101000,complete_model,384,2688,2650,35,3,0,0,4,0.0,7,1,2026101000,2026101100,a465356660242e4f738cbf600831f88f4ff077183c6089e13138a7dbcbd96876
L4_W0.0_seed2026101001,complete_model,384,2688,2657,30,1,0,0,4,0.0,7,1,2026101001,2026101101,9369ed537bfba3ebf0579d59c06ae6708848991f792650badca1e104aa2c2fcf
L4_W0.805_seed2026101000,complete_model,384,2688,2450,86,59,93,0,4,0.805,7,1,2026101000,2026101100,ef987fcb8e8dfe4887c6423b00272d99054c6736db488b97af83848abbfd761f
L4_W0.805_seed2026101001,complete_model,384,2688,2412,86,65,125,0,4,0.805,7,1,2026101001,2026101101,a3295aeb149dd5edeafd04b5a5db1606a248f509af1152381388d0d2b0a01727
L4_W0.9_seed2026101000,complete_model,384,2688,2380,103,80,125,0,4,0.9,7,1,2026101000,2026101100,98d29d39ececb75161f3abc25119b50339f1016823ee3b53b08078d4d7466c25
L4_W0.9_seed2026101001,complete_model,384,2688,2346,95,80,167,0,4,0.9,7,1,2026101001,2026101101,58b68a5c065e0d97cdd6cd3d6b8f544b596f7de82c8b56b15a03e38eb48819c0
L4_W1.6_seed2026101000,complete_model,384,2688,1815,194,392,287,0,4,1.6,7,1,2026101000,2026101100,83756c9b381215ff926e4fcfb638c8f07bb07cc9b8e6c76788f0303a8d3bb3c0
L4_W1.6_seed2026101001,complete_model,384,2688,1749,191,481,267,0,4,1.6,7,1,2026101001,2026101101,4cc51b7297661e7e07278849b9037e5879237d346eb549f300cf904feabdb332
L6_W0.0_seed2026101000,complete_model,864,6048,5989,51,7,1,0,6,0.0,7,1,2026101000,2026101100,213ba76cc936830485de5678e66e3f8ccc877dbe5555a13d95505ad4aaad67f8
L6_W0.0_seed2026101001,complete_model,864,6048,6003,40,5,0,0,6,0.0,7,1,2026101001,2026101101,c5e6ad8253bac1884e72e4dea930a7b48832e3b45200aa0f5e4ee71a54acee04
L6_W0.805_seed2026101000,complete_model,864,6048,5516,156,93,283,0,6,0.805,7,1,2026101000,2026101100,1d28b1fce11ea27fee8a75d2292c1cdae129dd170c7144cebc35f82748faea08
L6_W0.805_seed2026101001,complete_model,864,6048,5522,137,102,287,0,6,0.805,7,1,2026101001,2026101101,84c157cfc70dcbf23f74e56b6fa1cabe8d81c321ce2d38e8f46e7206e06ffac5
L6_W0.9_seed2026101000,complete_model,864,6048,5344,176,151,377,0,6,0.9,7,1,2026101000,2026101100,4c477e2f866da346f4c666257bef3912209a61d93e3e8fa692dce7aebd6b629f
L6_W0.9_seed2026101001,complete_model,864,6048,5342,169,147,390,0,6,0.9,7,1,2026101001,2026101101,4042512172d00b1b3e12d49eb4685302bc75f0e7048177fc21d481a57daeffd5
L6_W1.6_seed2026101000,complete_model,864,6048,3996,430,1025,597,0,6,1.6,7,1,2026101000,2026101100,c8f0bc6261eccf0ebf39b5daffc75ad302e0d5ac0e04d5f5cc8d73023255d609
L6_W1.6_seed2026101001,complete_model,864,6048,3998,413,1074,563,0,6,1.6,7,1,2026101001,2026101101,0757033e2d6eea9e67e2c695eae5b1052a1ad3bb478810daa23f6281694782d2
L8_W0.805_seed2026101000,complete_model,1536,10752,9853,232,156,511,0,8,0.805,7,1,2026101000,2026101100,169e5057cf1c2670da86f8073a68919b4ff72024d6eaf91e94e8bc24db766b79
L8_W0.9_seed2026101000,complete_model,1536,10752,9542,286,243,681,0,8,0.9,7,1,2026101000,2026101100,6dce9bcefdcfd05ee53551e3774e3b8583066bbe1685caed04b1f2ca181da576
