d_over_R,mean_Z_up_fixedN_x_averaged
0.0,7.0
0.001375,6.869031593308702
0.00275,6.738063248494318
0.004125,6.607095036353296
0.0055,6.476127084582769
0.006874999999999999,6.34515971844027
0.00825,6.214193744716453
0.009625,6.083230909853132
0.011,5.952274537614853
0.012374999999999999,5.8213303277590125
0.013749999999999998,5.690407278245045
0.015125,5.5595186810321655
0.0165,5.428683135423877
0.017875,5.297925522446997
0.01925,5.167277887763183
0.020624999999999998,5.036780187859439
0.022,4.9064808635663235
0.023375,4.776437215269814
0.024749999999999998,4.6467155646616884
0.026125,4.517391197857384
0.027499999999999997,4.388548093728646
0.028874999999999998,4.260278449045781
0.03025,4.13268201833614
0.031625,4.005865291189096
0.033,3.879940533108132
0.034374999999999996,3.7550247180252345
0.03575,3.6312383813920066
0.037125,3.508704422511297
0.0385,3.3875468836500024
0.039875,3.2678897316560493
0.041249999999999995,3.1498556654612564
0.042624999999999996,3.0335649701449134
0.044,2.919134435302452
0.045375,2.806676352432498
0.04675,2.6962976030285564
0.048124999999999994,2.588098846123539
0.049499999999999995,2.482173811253564
0.050875,2.378608700232688
0.05225,2.277481698797804
0.053625,2.178862597120772
0.05499999999999999,2.082812516383849
0.056374999999999995,1.989383737067858
0.057749999999999996,1.89861962347899
0.059125,1.8105546379181983
0.0605,1.7252144372314753
0.061875,1.642616043954312
0.06325,1.5627680839508924
0.064625,1.4856710823169978
0.066,1.411317809340395
0.06737499999999999,1.3396936684708285
0.06874999999999999,1.270777118521646
0.07012499999999999,1.2045401226854262
0.0715,1.1409486173776617
0.072875,1.079962994407492
0.07425,1.021538590496847
0.075625,0.9656261787148942
0.077,0.9121724569509206
0.078375,0.8611205291051284
0.07975,0.8124103752242429
0.08112499999999999,0.7659793073397816
0.08249999999999999,0.7217624082755818
0.08387499999999999,0.6796929511727433
0.08524999999999999,0.6397027979312164
0.086625,0.601722775185428
0.088,0.5656830268149136
0.089375,0.5315133423393748
0.09075,0.4991434608607316
0.092125,0.46850335049319525
0.0935,0.43952346346703564
0.094875,0.4121349673040422
0.09624999999999999,0.3862699526441757
0.09762499999999999,0.36186161845551584
0.09899999999999999,0.3388444354853214
0.10037499999999999,0.3171542889108571
0.10175,0.2967286012268263
0.103125,0.27750643646382084
0.1045,0.259428586871334
0.105875,0.2424376432215768
0.10725,0.2264780498985603
0.108625,0.21149614593253563
0.10999999999999999,0.19744019312467337
0.11137499999999999,0.18426039238241826
0.11274999999999999,0.1719088893538572
0.11412499999999999,0.16033977041100395
0.11549999999999999,0.14950904998846037
0.11687499999999999,0.13937465023657694
0.11825,0.12989637389802458
0.119625,0.12103587126454693
0.121,0.11275660201736121
0.122375,0.10502379270602524
0.12375,0.09780439054436675
0.125125,0.09106701418372715
0.1265,0.08478190205775757
0.127875,0.07892085882726485
0.12925,0.07345720042246162
0.130625,0.06836569812839795
0.132,0.06362252211488062
0.133375,0.05920518477003053
0.13474999999999998,0.055092484156812276
0.136125,0.05126444787450943
0.13749999999999998,0.04770227757217653
0.138875,0.04438829432858825
0.14024999999999999,0.04130588508310017
0.141625,0.03843945027405035
0.143,0.03577435281584556
0.144375,0.03329686852254811
0.14575,0.030994138064581594
0.14712499999999998,0.028854120525953156
0.1485,0.02686554861207888
0.14987499999999998,0.025017885542771557
0.15125,0.0233012836511007
0.15262499999999998,0.021706544696562288
0.154,0.020225081890178985
0.15537499999999999,0.018848883619692322
0.15675,0.017570478854802226
0.158125,0.01638290420535269
0.1595,0.015279672599357332
0.160875,0.01425474354272092
0.16224999999999998,0.013302494918342123
0.163625,0.012417696278906765
0.16499999999999998,0.01159548358501366
0.166375,0.010831335338247126
0.16774999999999998,0.010121050057351004
0.169125,0.009460725044703681
0.17049999999999998,0.008846736389786445
0.171875,0.008275720156217938
0.17325,0.007744554699151491
0.174625,0.0072503440603482305
0.176,0.006790402389008366
0.17737499999999998,0.0063622393374256556
0.17875,0.0059635463816924555
0.18012499999999998,0.005592184018991753
0.1815,0.005246169794442236
0.18287499999999998,0.004923667111985757
0.18425,0.0046229747854010725
0.18562499999999998,0.004342517287175721
0.187,0.004080835654648004
0.188375,0.0038365790145317453
0.18975,0.003608496688655715
0.191125,0.0033954308456330307
0.19249999999999998,0.0031963096637409416
0.193875,0.0030101409741802817
0.19524999999999998,0.0028360063535763282
0.196625,0.0026730556366828225
0.19799999999999998,0.0025205018220231788
0.199375,0.0023776163445798568
0.20074999999999998,0.002243724691090981
0.202125,0.002118202334908062
0.2035,0.002000470968710685
0.204875,0.0018899950146601375
0.20625,0.001786278392805461
0.20762499999999998,0.0016888615297307758
0.209,0.001597318590553421
0.21037499999999998,0.0015112549184481986
0.21175,0.001430304666885346
0.21312499999999998,0.0013541286107296296
0.2145,0.0012824121232564527
0.21587499999999998,0.0012148633069998358
0.21725,0.001151211267157814
0.21862499999999999,0.001091204517045236
0.22,0.0010346095058035825
