W,graph_id,edge_hash,removed_width,cut_kind,N_retained,original_GSCC_retained_vertices,G_largest,G_fraction_remaining,G_fraction_originalN,G_largest_original_parent_rank,G_largest_descendant_of_original_GSCC,G_retention_of_original_GSCC,G1_largest,G1_fraction_remaining,G1_fraction_originalN,G2_largest,G2_fraction_remaining,G2_fraction_originalN
0.805,gaussian_iid_L128_q7_W0.805_r70,d9f40994977fec044398ac443b6e4bd9431f65319dc4a7670b1cb49e3768c208,2.0,bottom,387038,180092,170396,0.44025651228044793,0.4333394368489583,2,165221,0.9174255380583257,43,0.00011110020204734419,0.00010935465494791667,913,0.002358941499284308,0.0023218790690104165
0.805,gaussian_iid_L128_q7_W0.805_r70,d9f40994977fec044398ac443b6e4bd9431f65319dc4a7670b1cb49e3768c208,2.0,all_sides,369046,175078,159881,0.4332278360963132,0.40659840901692706,1,159881,0.9131986885845166,43,0.00011651664020203443,0.00010935465494791667,913,0.002473946337312964,0.0023218790690104165
0.805,gaussian_iid_L128_q7_W0.805_r70,d9f40994977fec044398ac443b6e4bd9431f65319dc4a7670b1cb49e3768c208,4.0,bottom,380886,173948,170396,0.447367453778821,0.4333394368489583,2,161256,0.9270356658311679,43,0.00011289467189657797,0.00010935465494791667,490,0.0012864741681237956,0.0012461344401041667
0.805,gaussian_iid_L128_q7_W0.805_r70,d9f40994977fec044398ac443b6e4bd9431f65319dc4a7670b1cb49e3768c208,4.0,all_sides,345683,164214,150455,0.4352398006265856,0.38262685139973956,1,150455,0.9162129903662294,43,0.00012439142219895107,0.00010935465494791667,490,0.0014174836483136285,0.0012461344401041667
0.805,gaussian_iid_L128_q7_W0.805_r70,d9f40994977fec044398ac443b6e4bd9431f65319dc4a7670b1cb49e3768c208,8.0,bottom,368666,161746,170396,0.46219613417022454,0.4333394368489583,2,151697,0.9378717248030863,43,0.00011663673894527838,0.00010935465494791667,490,0.001329116327515963,0.0012461344401041667
0.805,gaussian_iid_L128_q7_W0.805_r70,d9f40994977fec044398ac443b6e4bd9431f65319dc4a7670b1cb49e3768c208,8.0,all_sides,300957,143228,133953,0.44509016238200144,0.34066009521484375,1,133953,0.9352431088893233,43,0.00014287755393627662,0.00010935465494791667,490,0.001628139568111059,0.0012461344401041667
0.815,gaussian_iid_L128_q7_W0.815_r34,c389b88b541c1c9488b4ef0e1900b2c633aacc6483a0b8090fd08a1f6a0cca94,2.0,bottom,387072,382545,374840,0.9683986441798942,0.9532674153645834,1,374840,0.9798585787292998,65,0.000167927414021164,0.00016530354817708334,2620,0.006768766534391534,0.006663004557291667
0.815,gaussian_iid_L128_q7_W0.815_r34,c389b88b541c1c9488b4ef0e1900b2c633aacc6483a0b8090fd08a1f6a0cca94,2.0,all_sides,369147,368128,354744,0.9609830230233484,0.90216064453125,1,354744,0.9636430806675939,65,0.00017608161518311134,0.00016530354817708334,2620,0.007097443565842334,0.006663004557291667
0.815,gaussian_iid_L128_q7_W0.815_r34,c389b88b541c1c9488b4ef0e1900b2c633aacc6483a0b8090fd08a1f6a0cca94,4.0,bottom,380951,376434,368712,0.9678725085378435,0.93768310546875,1,368712,0.9794864438387606,65,0.00017062561851786712,0.00016530354817708334,2620,0.006877524931027875,0.006663004557291667
0.815,gaussian_iid_L128_q7_W0.815_r34,c389b88b541c1c9488b4ef0e1900b2c633aacc6483a0b8090fd08a1f6a0cca94,4.0,all_sides,345752,345160,331295,0.9581867928457392,0.8425267537434896,1,331295,0.9598302236643875,65,0.00018799602026886323,0.00016530354817708334,2620,0.007577685740068026,0.006663004557291667
0.815,gaussian_iid_L128_q7_W0.815_r34,c389b88b541c1c9488b4ef0e1900b2c633aacc6483a0b8090fd08a1f6a0cca94,8.0,bottom,368550,364056,354260,0.9612264278930945,0.9009297688802084,1,354260,0.9730920517722548,65,0.0001763668430335097,0.00016530354817708334,2314,0.006278659611992946,0.005884806315104167
0.815,gaussian_iid_L128_q7_W0.815_r34,c389b88b541c1c9488b4ef0e1900b2c633aacc6483a0b8090fd08a1f6a0cca94,8.0,all_sides,300965,300474,218972,0.7275663283106009,0.5568745930989584,1,218972,0.7287552333978979,65,0.00021597195687206154,0.00016530354817708334,1556,0.005170036382968119,0.003957112630208333
0.86,gaussian_iid_L128_q7_W0.86_r14,642f37c7114b5428374da0d23eb9b8360fa772059c314a39aa8f3d1e8ffd1a96,2.0,bottom,387123,383787,377027,0.9739204335572932,0.9588292439778646,1,377027,0.9823860631027106,76,0.00019632003265112122,0.00019327799479166666,53116,0.13720703755653887,0.13508097330729166
0.86,gaussian_iid_L128_q7_W0.86_r14,642f37c7114b5428374da0d23eb9b8360fa772059c314a39aa8f3d1e8ffd1a96,2.0,all_sides,368992,368370,356206,0.9653488422513226,0.9058787027994791,1,356206,0.9669788527838857,76,0.00020596652501951262,0.00019327799479166666,51378,0.13923879108490156,0.1306610107421875
0.86,gaussian_iid_L128_q7_W0.86_r14,642f37c7114b5428374da0d23eb9b8360fa772059c314a39aa8f3d1e8ffd1a96,4.0,bottom,380847,377514,370778,0.9735615614669408,0.9429372151692709,1,370778,0.9821569531196194,76,0.00019955520195774157,0.00019327799479166666,53116,0.13946808035772895,0.13508097330729166
0.86,gaussian_iid_L128_q7_W0.86_r14,642f37c7114b5428374da0d23eb9b8360fa772059c314a39aa8f3d1e8ffd1a96,4.0,all_sides,345604,345110,333130,0.963906667746901,0.8471934000651041,1,333130,0.9652864304134914,76,0.00021990486221224291,0.00019327799479166666,50475,0.14604865684424947,0.12836456298828125
0.86,gaussian_iid_L128_q7_W0.86_r14,642f37c7114b5428374da0d23eb9b8360fa772059c314a39aa8f3d1e8ffd1a96,8.0,bottom,368601,365283,358691,0.9731145601883879,0.9121983846028646,1,358691,0.9819537180761218,76,0.00020618500763698418,0.00019327799479166666,53116,0.1441016166532375,0.13508097330729166
0.86,gaussian_iid_L128_q7_W0.86_r14,642f37c7114b5428374da0d23eb9b8360fa772059c314a39aa8f3d1e8ffd1a96,8.0,all_sides,301043,300607,289942,0.9631248692047315,0.7373606363932291,1,289942,0.964521784256521,76,0.00025245562926226486,0.00019327799479166666,48103,0.15978780440003587,0.12233225504557292
0.9,gaussian_iid_L128_q7_W0.9_r6,fecf8ef2050ea55d22a670d419af53326d8caf57e294af430d5e9d3d6d0a96f8,2.0,bottom,387037,384470,378819,0.9787668879202763,0.9633865356445312,1,378819,0.9853018440970687,172,0.0004444019564021011,0.0004374186197916667,366707,0.9474727222461935,0.9325841267903646
0.9,gaussian_iid_L128_q7_W0.9_r6,fecf8ef2050ea55d22a670d419af53326d8caf57e294af430d5e9d3d6d0a96f8,2.0,all_sides,369080,368440,358005,0.9699929554568115,0.9104537963867188,1,358005,0.9716778851373358,172,0.00046602362631407827,0.0004374186197916667,343228,0.9299555651891189,0.8728739420572916
0.9,gaussian_iid_L128_q7_W0.9_r6,fecf8ef2050ea55d22a670d419af53326d8caf57e294af430d5e9d3d6d0a96f8,4.0,bottom,380828,378271,372369,0.9777878727404498,0.9469833374023438,1,372369,0.9843974293562023,172,0.00045164746289663574,0.0004374186197916667,360448,0.9464850273614335,0.9166666666666666
0.9,gaussian_iid_L128_q7_W0.9_r6,fecf8ef2050ea55d22a670d419af53326d8caf57e294af430d5e9d3d6d0a96f8,4.0,all_sides,345758,345202,334843,0.9684316776473718,0.8515497843424479,1,334843,0.9699914832474898,172,0.0004974577594733889,0.0004374186197916667,323446,0.9354693166897078,0.8225657145182291
0.9,gaussian_iid_L128_q7_W0.9_r6,fecf8ef2050ea55d22a670d419af53326d8caf57e294af430d5e9d3d6d0a96f8,8.0,bottom,368514,365976,360397,0.9779736997780274,0.9165369669596354,1,360397,0.9847558309834524,172,0.00046673939117645465,0.0004374186197916667,351690,0.9543463749002752,0.8943939208984375
0.9,gaussian_iid_L128_q7_W0.9_r6,fecf8ef2050ea55d22a670d419af53326d8caf57e294af430d5e9d3d6d0a96f8,8.0,all_sides,301282,300794,291765,0.9684116541977283,0.7419967651367188,1,291765,0.9699827789118134,172,0.0005708937141946748,0.0004374186197916667,284587,0.9445867990786041,0.7237421671549479
