graph_id,edge_hash,L,W,q,sigma,F_count,F1_count,F2_exact_count,S1
gaussian_iid_L128_q7_W0_r11,62ddb88266f4cc134809e373ced12dcafe7b13bd6a9c799cf7a1a1a8eccf2be3,128,0.0,7,24.0,899,847,45,0.0002593994140625
gaussian_iid_L128_q7_W0_r15,26ccce2ca11d63daac70974231e0f98c0c8f9572836f565545b69bf7dd4b4d55,128,0.0,7,24.0,926,889,35,0.0007527669270833
gaussian_iid_L128_q7_W0_r8,2f59742825377b0a5db364dc37418531e3707ec9604779385d9bf358ec0509fb,128,0.0,7,24.0,897,855,41,0.0003738403320312
gaussian_iid_L128_q7_W0_r16,4af73992ed2009e887ad27a2f326c1b97e7775a90fa577bb78a544795ca587b2,128,0.0,7,24.0,904,860,38,0.0003763834635416
gaussian_iid_L128_q7_W0_r19,6523f317d80c181bfa32ddab051900c8167f2ab0dad99c92d5382bd2dd68a30b,128,0.0,7,24.0,881,854,21,0.000195821126302
gaussian_iid_L128_q7_W0_r20,c0796eb92ad4aa45480aef0923baee73359d6eb32e0fa23661f72d176c1befa0,128,0.0,7,24.0,901,867,28,0.0005823771158854
gaussian_iid_L128_q7_W0_r23,628b0fe49fe6262a70dfff5ca4113bb7e7e1371b04bd90ae1c8237c49bff74f7,128,0.0,7,24.0,928,890,37,0.0004119873046875
gaussian_iid_L128_q7_W0_r13,9da9cf7cd2fe04a84c7c2b13ae9ab5183de7eef13908e4a4512795feb42a4c43,128,0.0,7,24.0,923,876,43,0.0003382364908854
gaussian_iid_L128_q7_W0_r17,4e407b820c874186d8b614fc2f80ff02df22d59df94c6515b14d024f512d17be,128,0.0,7,24.0,896,867,25,0.000287373860677
gaussian_iid_L128_q7_W0_r1,61101537f66c97f280770a8c0810ada82adae8725d842b4d26d59d5e6de0e846,128,0.0,7,24.0,904,873,27,0.0002390543619791
gaussian_iid_L128_q7_W0_r2,9c93ca1c642760e9737495187260c6eeec09380546dc3cf53390e0ed6839509e,128,0.0,7,24.0,897,858,35,0.000244140625
gaussian_iid_L128_q7_W0_r0,0d7af1bb49638676384e5989dd3a6df4d03fc1491947d80c7310aff812835a73,128,0.0,7,24.0,891,860,30,0.0005467732747395
gaussian_iid_L128_q7_W0_r7,0273e2f762b4954486cd9d7b5998f53a98fdf5355845d280f5bf8d9b081d467c,128,0.0,7,24.0,900,855,39,0.0002339680989583
gaussian_iid_L128_q7_W0_r14,95d092c0454717c4b02f9c25f7114ecbf7916aaa207ac8130793eca903d0e9cf,128,0.0,7,24.0,911,879,29,0.0005060831705729
gaussian_iid_L128_q7_W0_r5,4d6408fa5b1c88e98b87db2672521289029e9b7cece7c20b2e99a11a76337846,128,0.0,7,24.0,910,886,24,0.0006103515625
gaussian_iid_L128_q7_W0_r3,852e1b46ea87c56df66c6def4e9a703c1cb26ecd7ec86036d7297db867794018,128,0.0,7,24.0,929,876,48,0.0008163452148437
gaussian_iid_L128_q7_W0_r21,37b416925b26772b4d8edd0622ddccad39f12e2163cd7dc202d24bb3c94eed55,128,0.0,7,24.0,915,864,34,0.0002517700195312
gaussian_iid_L128_q7_W0_r9,c5f6e4b1af5f864deafad069cdb0fc92c3f629271d8860f22586465aceb01107,128,0.0,7,24.0,918,878,39,0.0005747477213541
gaussian_iid_L128_q7_W0_r10,8f04df2fb58c700f4b02df784a68bd881b3a88626eda02815a9710854da3c055,128,0.0,7,24.0,903,858,42,0.0004348754882812
gaussian_iid_L128_q7_W0_r22,a248ee0b8730bfa6bbc4785b0432d2d454d9470e9e2fb571fd2876c52a3244a0,128,0.0,7,24.0,894,866,27,0.0003611246744791
gaussian_iid_L128_q7_W0_r12,cd68545aae70a3cc67d7b964d7aee4fd0d1b0af24e10c0f0a6e430c0290df33f,128,0.0,7,24.0,902,856,36,0.0003306070963541
gaussian_iid_L128_q7_W0_r18,70f8155d2488ac24ce61c884b62ee5bdf48b7fbfbcfa32a8fe48c1a6ac9b4668,128,0.0,7,24.0,916,875,35,0.0003763834635416
gaussian_iid_L128_q7_W0_r4,36e2e6d0241a4ce6ed9daf324ef2e833e8446045f214c4bf1c8402924c7f9651,128,0.0,7,24.0,915,879,35,0.0007298787434895
gaussian_iid_L128_q7_W0_r6,287a794fded47a1e57f865aa9c2e30ce861eda9a49617a45bce667504274f943,128,0.0,7,24.0,902,874,27,0.0002415974934895
