graph_id,edge_hash,d_min_R,d_max_R,d_center_R,source_node_n,upward_edge_n,mean_Z_up,lateral_average
gaussian_iid_L128_q7_W0_r0,0d7af1bb49638676384e5989dd3a6df4d03fc1491947d80c7310aff812835a73,0.0,0.02,0.01,57,343,6.017543859649122,"all x in [0,L]"
gaussian_iid_L128_q7_W0_r0,0d7af1bb49638676384e5989dd3a6df4d03fc1491947d80c7310aff812835a73,0.02,0.04,0.03,49,217,4.428571428571429,"all x in [0,L]"
gaussian_iid_L128_q7_W0_r0,0d7af1bb49638676384e5989dd3a6df4d03fc1491947d80c7310aff812835a73,0.04,0.06,0.05,61,176,2.8852459016393444,"all x in [0,L]"
gaussian_iid_L128_q7_W0_r0,0d7af1bb49638676384e5989dd3a6df4d03fc1491947d80c7310aff812835a73,0.06,0.08,0.07,75,112,1.4933333333333334,"all x in [0,L]"
gaussian_iid_L128_q7_W0_r0,0d7af1bb49638676384e5989dd3a6df4d03fc1491947d80c7310aff812835a73,0.08,0.1,0.09,64,32,0.5,"all x in [0,L]"
gaussian_iid_L128_q7_W0_r0,0d7af1bb49638676384e5989dd3a6df4d03fc1491947d80c7310aff812835a73,0.1,0.12,0.11,65,11,0.1692307692307692,"all x in [0,L]"
gaussian_iid_L128_q7_W0_r0,0d7af1bb49638676384e5989dd3a6df4d03fc1491947d80c7310aff812835a73,0.12,0.14,0.13,48,0,0.0,"all x in [0,L]"
gaussian_iid_L128_q7_W0_r0,0d7af1bb49638676384e5989dd3a6df4d03fc1491947d80c7310aff812835a73,0.14,0.16,0.15,60,0,0.0,"all x in [0,L]"
gaussian_iid_L128_q7_W0_r0,0d7af1bb49638676384e5989dd3a6df4d03fc1491947d80c7310aff812835a73,0.16,0.18,0.1699999999999999,67,0,0.0,"all x in [0,L]"
gaussian_iid_L128_q7_W0_r0,0d7af1bb49638676384e5989dd3a6df4d03fc1491947d80c7310aff812835a73,0.18,0.2,0.19,57,0,0.0,"all x in [0,L]"
gaussian_iid_L128_q7_W0_r0,0d7af1bb49638676384e5989dd3a6df4d03fc1491947d80c7310aff812835a73,0.2,0.22,0.21,52,0,0.0,"all x in [0,L]"
gaussian_iid_L128_q7_W0_r1,61101537f66c97f280770a8c0810ada82adae8725d842b4d26d59d5e6de0e846,0.0,0.02,0.01,56,343,6.125,"all x in [0,L]"
gaussian_iid_L128_q7_W0_r1,61101537f66c97f280770a8c0810ada82adae8725d842b4d26d59d5e6de0e846,0.02,0.04,0.03,57,257,4.508771929824562,"all x in [0,L]"
gaussian_iid_L128_q7_W0_r1,61101537f66c97f280770a8c0810ada82adae8725d842b4d26d59d5e6de0e846,0.04,0.06,0.05,45,139,3.088888888888889,"all x in [0,L]"
gaussian_iid_L128_q7_W0_r1,61101537f66c97f280770a8c0810ada82adae8725d842b4d26d59d5e6de0e846,0.06,0.08,0.07,68,111,1.6323529411764706,"all x in [0,L]"
gaussian_iid_L128_q7_W0_r1,61101537f66c97f280770a8c0810ada82adae8725d842b4d26d59d5e6de0e846,0.08,0.1,0.09,63,24,0.3809523809523809,"all x in [0,L]"
gaussian_iid_L128_q7_W0_r1,61101537f66c97f280770a8c0810ada82adae8725d842b4d26d59d5e6de0e846,0.1,0.12,0.11,67,13,0.1940298507462686,"all x in [0,L]"
gaussian_iid_L128_q7_W0_r1,61101537f66c97f280770a8c0810ada82adae8725d842b4d26d59d5e6de0e846,0.12,0.14,0.13,49,7,0.1428571428571428,"all x in [0,L]"
gaussian_iid_L128_q7_W0_r1,61101537f66c97f280770a8c0810ada82adae8725d842b4d26d59d5e6de0e846,0.14,0.16,0.15,66,8,0.1212121212121212,"all x in [0,L]"
gaussian_iid_L128_q7_W0_r1,61101537f66c97f280770a8c0810ada82adae8725d842b4d26d59d5e6de0e846,0.16,0.18,0.1699999999999999,74,2,0.027027027027027,"all x in [0,L]"
gaussian_iid_L128_q7_W0_r1,61101537f66c97f280770a8c0810ada82adae8725d842b4d26d59d5e6de0e846,0.18,0.2,0.19,62,0,0.0,"all x in [0,L]"
gaussian_iid_L128_q7_W0_r1,61101537f66c97f280770a8c0810ada82adae8725d842b4d26d59d5e6de0e846,0.2,0.22,0.21,69,0,0.0,"all x in [0,L]"
gaussian_iid_L128_q7_W0_r10,8f04df2fb58c700f4b02df784a68bd881b3a88626eda02815a9710854da3c055,0.0,0.02,0.01,58,362,6.241379310344827,"all x in [0,L]"
gaussian_iid_L128_q7_W0_r10,8f04df2fb58c700f4b02df784a68bd881b3a88626eda02815a9710854da3c055,0.02,0.04,0.03,54,234,4.333333333333333,"all x in [0,L]"
gaussian_iid_L128_q7_W0_r10,8f04df2fb58c700f4b02df784a68bd881b3a88626eda02815a9710854da3c055,0.04,0.06,0.05,66,169,2.560606060606061,"all x in [0,L]"
gaussian_iid_L128_q7_W0_r10,8f04df2fb58c700f4b02df784a68bd881b3a88626eda02815a9710854da3c055,0.06,0.08,0.07,67,88,1.3134328358208955,"all x in [0,L]"
gaussian_iid_L128_q7_W0_r10,8f04df2fb58c700f4b02df784a68bd881b3a88626eda02815a9710854da3c055,0.08,0.1,0.09,45,21,0.4666666666666667,"all x in [0,L]"
gaussian_iid_L128_q7_W0_r10,8f04df2fb58c700f4b02df784a68bd881b3a88626eda02815a9710854da3c055,0.1,0.12,0.11,62,19,0.3064516129032258,"all x in [0,L]"
gaussian_iid_L128_q7_W0_r10,8f04df2fb58c700f4b02df784a68bd881b3a88626eda02815a9710854da3c055,0.12,0.14,0.13,66,9,0.1363636363636363,"all x in [0,L]"
gaussian_iid_L128_q7_W0_r10,8f04df2fb58c700f4b02df784a68bd881b3a88626eda02815a9710854da3c055,0.14,0.16,0.15,56,0,0.0,"all x in [0,L]"
gaussian_iid_L128_q7_W0_r10,8f04df2fb58c700f4b02df784a68bd881b3a88626eda02815a9710854da3c055,0.16,0.18,0.1699999999999999,59,1,0.0169491525423728,"all x in [0,L]"
gaussian_iid_L128_q7_W0_r10,8f04df2fb58c700f4b02df784a68bd881b3a88626eda02815a9710854da3c055,0.18,0.2,0.19,82,0,0.0,"all x in [0,L]"
gaussian_iid_L128_q7_W0_r10,8f04df2fb58c700f4b02df784a68bd881b3a88626eda02815a9710854da3c055,0.2,0.22,0.21,53,0,0.0,"all x in [0,L]"
gaussian_iid_L128_q7_W0_r11,62ddb88266f4cc134809e373ced12dcafe7b13bd6a9c799cf7a1a1a8eccf2be3,0.0,0.02,0.01,60,364,6.066666666666666,"all x in [0,L]"
gaussian_iid_L128_q7_W0_r11,62ddb88266f4cc134809e373ced12dcafe7b13bd6a9c799cf7a1a1a8eccf2be3,0.02,0.04,0.03,61,242,3.9672131147540974,"all x in [0,L]"
gaussian_iid_L128_q7_W0_r11,62ddb88266f4cc134809e373ced12dcafe7b13bd6a9c799cf7a1a1a8eccf2be3,0.04,0.06,0.05,58,142,2.4482758620689653,"all x in [0,L]"
gaussian_iid_L128_q7_W0_r11,62ddb88266f4cc134809e373ced12dcafe7b13bd6a9c799cf7a1a1a8eccf2be3,0.06,0.08,0.07,59,65,1.1016949152542372,"all x in [0,L]"
gaussian_iid_L128_q7_W0_r11,62ddb88266f4cc134809e373ced12dcafe7b13bd6a9c799cf7a1a1a8eccf2be3,0.08,0.1,0.09,74,49,0.6621621621621622,"all x in [0,L]"
gaussian_iid_L128_q7_W0_r11,62ddb88266f4cc134809e373ced12dcafe7b13bd6a9c799cf7a1a1a8eccf2be3,0.1,0.12,0.11,74,28,0.3783783783783784,"all x in [0,L]"
gaussian_iid_L128_q7_W0_r11,62ddb88266f4cc134809e373ced12dcafe7b13bd6a9c799cf7a1a1a8eccf2be3,0.12,0.14,0.13,65,9,0.1384615384615384,"all x in [0,L]"
gaussian_iid_L128_q7_W0_r11,62ddb88266f4cc134809e373ced12dcafe7b13bd6a9c799cf7a1a1a8eccf2be3,0.14,0.16,0.15,55,0,0.0,"all x in [0,L]"
gaussian_iid_L128_q7_W0_r11,62ddb88266f4cc134809e373ced12dcafe7b13bd6a9c799cf7a1a1a8eccf2be3,0.16,0.18,0.1699999999999999,77,0,0.0,"all x in [0,L]"
gaussian_iid_L128_q7_W0_r11,62ddb88266f4cc134809e373ced12dcafe7b13bd6a9c799cf7a1a1a8eccf2be3,0.18,0.2,0.19,61,0,0.0,"all x in [0,L]"
gaussian_iid_L128_q7_W0_r11,62ddb88266f4cc134809e373ced12dcafe7b13bd6a9c799cf7a1a1a8eccf2be3,0.2,0.22,0.21,59,0,0.0,"all x in [0,L]"
gaussian_iid_L128_q7_W0_r12,cd68545aae70a3cc67d7b964d7aee4fd0d1b0af24e10c0f0a6e430c0290df33f,0.0,0.02,0.01,60,368,6.133333333333334,"all x in [0,L]"
gaussian_iid_L128_q7_W0_r12,cd68545aae70a3cc67d7b964d7aee4fd0d1b0af24e10c0f0a6e430c0290df33f,0.02,0.04,0.03,56,240,4.285714285714286,"all x in [0,L]"
gaussian_iid_L128_q7_W0_r12,cd68545aae70a3cc67d7b964d7aee4fd0d1b0af24e10c0f0a6e430c0290df33f,0.04,0.06,0.05,73,169,2.315068493150685,"all x in [0,L]"
gaussian_iid_L128_q7_W0_r12,cd68545aae70a3cc67d7b964d7aee4fd0d1b0af24e10c0f0a6e430c0290df33f,0.06,0.08,0.07,66,82,1.2424242424242424,"all x in [0,L]"
gaussian_iid_L128_q7_W0_r12,cd68545aae70a3cc67d7b964d7aee4fd0d1b0af24e10c0f0a6e430c0290df33f,0.08,0.1,0.09,51,20,0.392156862745098,"all x in [0,L]"
gaussian_iid_L128_q7_W0_r12,cd68545aae70a3cc67d7b964d7aee4fd0d1b0af24e10c0f0a6e430c0290df33f,0.1,0.12,0.11,62,8,0.1290322580645161,"all x in [0,L]"
gaussian_iid_L128_q7_W0_r12,cd68545aae70a3cc67d7b964d7aee4fd0d1b0af24e10c0f0a6e430c0290df33f,0.12,0.14,0.13,52,6,0.1153846153846153,"all x in [0,L]"
gaussian_iid_L128_q7_W0_r12,cd68545aae70a3cc67d7b964d7aee4fd0d1b0af24e10c0f0a6e430c0290df33f,0.14,0.16,0.15,64,0,0.0,"all x in [0,L]"
gaussian_iid_L128_q7_W0_r12,cd68545aae70a3cc67d7b964d7aee4fd0d1b0af24e10c0f0a6e430c0290df33f,0.16,0.18,0.1699999999999999,54,7,0.1296296296296296,"all x in [0,L]"
gaussian_iid_L128_q7_W0_r12,cd68545aae70a3cc67d7b964d7aee4fd0d1b0af24e10c0f0a6e430c0290df33f,0.18,0.2,0.19,59,2,0.0338983050847457,"all x in [0,L]"
gaussian_iid_L128_q7_W0_r12,cd68545aae70a3cc67d7b964d7aee4fd0d1b0af24e10c0f0a6e430c0290df33f,0.2,0.22,0.21,62,0,0.0,"all x in [0,L]"
gaussian_iid_L128_q7_W0_r13,9da9cf7cd2fe04a84c7c2b13ae9ab5183de7eef13908e4a4512795feb42a4c43,0.0,0.02,0.01,53,331,6.245283018867925,"all x in [0,L]"
gaussian_iid_L128_q7_W0_r13,9da9cf7cd2fe04a84c7c2b13ae9ab5183de7eef13908e4a4512795feb42a4c43,0.02,0.04,0.03,58,246,4.241379310344827,"all x in [0,L]"
gaussian_iid_L128_q7_W0_r13,9da9cf7cd2fe04a84c7c2b13ae9ab5183de7eef13908e4a4512795feb42a4c43,0.04,0.06,0.05,53,178,3.358490566037736,"all x in [0,L]"
gaussian_iid_L128_q7_W0_r13,9da9cf7cd2fe04a84c7c2b13ae9ab5183de7eef13908e4a4512795feb42a4c43,0.06,0.08,0.07,69,124,1.7971014492753623,"all x in [0,L]"
gaussian_iid_L128_q7_W0_r13,9da9cf7cd2fe04a84c7c2b13ae9ab5183de7eef13908e4a4512795feb42a4c43,0.08,0.1,0.09,61,26,0.4262295081967213,"all x in [0,L]"
gaussian_iid_L128_q7_W0_r13,9da9cf7cd2fe04a84c7c2b13ae9ab5183de7eef13908e4a4512795feb42a4c43,0.1,0.12,0.11,50,12,0.24,"all x in [0,L]"
gaussian_iid_L128_q7_W0_r13,9da9cf7cd2fe04a84c7c2b13ae9ab5183de7eef13908e4a4512795feb42a4c43,0.12,0.14,0.13,62,2,0.032258064516129,"all x in [0,L]"
gaussian_iid_L128_q7_W0_r13,9da9cf7cd2fe04a84c7c2b13ae9ab5183de7eef13908e4a4512795feb42a4c43,0.14,0.16,0.15,57,0,0.0,"all x in [0,L]"
gaussian_iid_L128_q7_W0_r13,9da9cf7cd2fe04a84c7c2b13ae9ab5183de7eef13908e4a4512795feb42a4c43,0.16,0.18,0.1699999999999999,66,3,0.0454545454545454,"all x in [0,L]"
gaussian_iid_L128_q7_W0_r13,9da9cf7cd2fe04a84c7c2b13ae9ab5183de7eef13908e4a4512795feb42a4c43,0.18,0.2,0.19,57,0,0.0,"all x in [0,L]"
gaussian_iid_L128_q7_W0_r13,9da9cf7cd2fe04a84c7c2b13ae9ab5183de7eef13908e4a4512795feb42a4c43,0.2,0.22,0.21,65,1,0.0153846153846153,"all x in [0,L]"
gaussian_iid_L128_q7_W0_r14,95d092c0454717c4b02f9c25f7114ecbf7916aaa207ac8130793eca903d0e9cf,0.0,0.02,0.01,62,387,6.241935483870968,"all x in [0,L]"
gaussian_iid_L128_q7_W0_r14,95d092c0454717c4b02f9c25f7114ecbf7916aaa207ac8130793eca903d0e9cf,0.02,0.04,0.03,72,298,4.138888888888889,"all x in [0,L]"
gaussian_iid_L128_q7_W0_r14,95d092c0454717c4b02f9c25f7114ecbf7916aaa207ac8130793eca903d0e9cf,0.04,0.06,0.05,53,111,2.0943396226415096,"all x in [0,L]"
gaussian_iid_L128_q7_W0_r14,95d092c0454717c4b02f9c25f7114ecbf7916aaa207ac8130793eca903d0e9cf,0.06,0.08,0.07,60,69,1.15,"all x in [0,L]"
gaussian_iid_L128_q7_W0_r14,95d092c0454717c4b02f9c25f7114ecbf7916aaa207ac8130793eca903d0e9cf,0.08,0.1,0.09,65,32,0.4923076923076923,"all x in [0,L]"
gaussian_iid_L128_q7_W0_r14,95d092c0454717c4b02f9c25f7114ecbf7916aaa207ac8130793eca903d0e9cf,0.1,0.12,0.11,72,13,0.1805555555555555,"all x in [0,L]"
gaussian_iid_L128_q7_W0_r14,95d092c0454717c4b02f9c25f7114ecbf7916aaa207ac8130793eca903d0e9cf,0.12,0.14,0.13,55,1,0.0181818181818181,"all x in [0,L]"
gaussian_iid_L128_q7_W0_r14,95d092c0454717c4b02f9c25f7114ecbf7916aaa207ac8130793eca903d0e9cf,0.14,0.16,0.15,55,0,0.0,"all x in [0,L]"
gaussian_iid_L128_q7_W0_r14,95d092c0454717c4b02f9c25f7114ecbf7916aaa207ac8130793eca903d0e9cf,0.16,0.18,0.1699999999999999,61,0,0.0,"all x in [0,L]"
gaussian_iid_L128_q7_W0_r14,95d092c0454717c4b02f9c25f7114ecbf7916aaa207ac8130793eca903d0e9cf,0.18,0.2,0.19,65,0,0.0,"all x in [0,L]"
gaussian_iid_L128_q7_W0_r14,95d092c0454717c4b02f9c25f7114ecbf7916aaa207ac8130793eca903d0e9cf,0.2,0.22,0.21,62,0,0.0,"all x in [0,L]"
gaussian_iid_L128_q7_W0_r15,26ccce2ca11d63daac70974231e0f98c0c8f9572836f565545b69bf7dd4b4d55,0.0,0.02,0.01,55,340,6.181818181818182,"all x in [0,L]"
gaussian_iid_L128_q7_W0_r15,26ccce2ca11d63daac70974231e0f98c0c8f9572836f565545b69bf7dd4b4d55,0.02,0.04,0.03,68,316,4.647058823529412,"all x in [0,L]"
gaussian_iid_L128_q7_W0_r15,26ccce2ca11d63daac70974231e0f98c0c8f9572836f565545b69bf7dd4b4d55,0.04,0.06,0.05,53,151,2.849056603773585,"all x in [0,L]"
gaussian_iid_L128_q7_W0_r15,26ccce2ca11d63daac70974231e0f98c0c8f9572836f565545b69bf7dd4b4d55,0.06,0.08,0.07,73,95,1.3013698630136987,"all x in [0,L]"
gaussian_iid_L128_q7_W0_r15,26ccce2ca11d63daac70974231e0f98c0c8f9572836f565545b69bf7dd4b4d55,0.08,0.1,0.09,67,16,0.2388059701492537,"all x in [0,L]"
gaussian_iid_L128_q7_W0_r15,26ccce2ca11d63daac70974231e0f98c0c8f9572836f565545b69bf7dd4b4d55,0.1,0.12,0.11,80,5,0.0625,"all x in [0,L]"
gaussian_iid_L128_q7_W0_r15,26ccce2ca11d63daac70974231e0f98c0c8f9572836f565545b69bf7dd4b4d55,0.12,0.14,0.13,57,1,0.0175438596491228,"all x in [0,L]"
gaussian_iid_L128_q7_W0_r15,26ccce2ca11d63daac70974231e0f98c0c8f9572836f565545b69bf7dd4b4d55,0.14,0.16,0.15,66,0,0.0,"all x in [0,L]"
gaussian_iid_L128_q7_W0_r15,26ccce2ca11d63daac70974231e0f98c0c8f9572836f565545b69bf7dd4b4d55,0.16,0.18,0.1699999999999999,58,0,0.0,"all x in [0,L]"
gaussian_iid_L128_q7_W0_r15,26ccce2ca11d63daac70974231e0f98c0c8f9572836f565545b69bf7dd4b4d55,0.18,0.2,0.19,62,2,0.032258064516129,"all x in [0,L]"
gaussian_iid_L128_q7_W0_r15,26ccce2ca11d63daac70974231e0f98c0c8f9572836f565545b69bf7dd4b4d55,0.2,0.22,0.21,57,0,0.0,"all x in [0,L]"
gaussian_iid_L128_q7_W0_r16,4af73992ed2009e887ad27a2f326c1b97e7775a90fa577bb78a544795ca587b2,0.0,0.02,0.01,52,328,6.307692307692308,"all x in [0,L]"
gaussian_iid_L128_q7_W0_r16,4af73992ed2009e887ad27a2f326c1b97e7775a90fa577bb78a544795ca587b2,0.02,0.04,0.03,65,261,4.015384615384615,"all x in [0,L]"
gaussian_iid_L128_q7_W0_r16,4af73992ed2009e887ad27a2f326c1b97e7775a90fa577bb78a544795ca587b2,0.04,0.06,0.05,61,159,2.6065573770491803,"all x in [0,L]"
gaussian_iid_L128_q7_W0_r16,4af73992ed2009e887ad27a2f326c1b97e7775a90fa577bb78a544795ca587b2,0.06,0.08,0.07,51,81,1.588235294117647,"all x in [0,L]"
gaussian_iid_L128_q7_W0_r16,4af73992ed2009e887ad27a2f326c1b97e7775a90fa577bb78a544795ca587b2,0.08,0.1,0.09,65,52,0.8,"all x in [0,L]"
gaussian_iid_L128_q7_W0_r16,4af73992ed2009e887ad27a2f326c1b97e7775a90fa577bb78a544795ca587b2,0.1,0.12,0.11,61,11,0.180327868852459,"all x in [0,L]"
gaussian_iid_L128_q7_W0_r16,4af73992ed2009e887ad27a2f326c1b97e7775a90fa577bb78a544795ca587b2,0.12,0.14,0.13,52,6,0.1153846153846153,"all x in [0,L]"
gaussian_iid_L128_q7_W0_r16,4af73992ed2009e887ad27a2f326c1b97e7775a90fa577bb78a544795ca587b2,0.14,0.16,0.15,52,2,0.0384615384615384,"all x in [0,L]"
gaussian_iid_L128_q7_W0_r16,4af73992ed2009e887ad27a2f326c1b97e7775a90fa577bb78a544795ca587b2,0.16,0.18,0.1699999999999999,68,0,0.0,"all x in [0,L]"
gaussian_iid_L128_q7_W0_r16,4af73992ed2009e887ad27a2f326c1b97e7775a90fa577bb78a544795ca587b2,0.18,0.2,0.19,63,0,0.0,"all x in [0,L]"
gaussian_iid_L128_q7_W0_r16,4af73992ed2009e887ad27a2f326c1b97e7775a90fa577bb78a544795ca587b2,0.2,0.22,0.21,59,4,0.0677966101694915,"all x in [0,L]"
gaussian_iid_L128_q7_W0_r17,4e407b820c874186d8b614fc2f80ff02df22d59df94c6515b14d024f512d17be,0.0,0.02,0.01,61,376,6.163934426229508,"all x in [0,L]"
gaussian_iid_L128_q7_W0_r17,4e407b820c874186d8b614fc2f80ff02df22d59df94c6515b14d024f512d17be,0.02,0.04,0.03,51,234,4.588235294117647,"all x in [0,L]"
gaussian_iid_L128_q7_W0_r17,4e407b820c874186d8b614fc2f80ff02df22d59df94c6515b14d024f512d17be,0.04,0.06,0.05,72,157,2.180555555555556,"all x in [0,L]"
gaussian_iid_L128_q7_W0_r17,4e407b820c874186d8b614fc2f80ff02df22d59df94c6515b14d024f512d17be,0.06,0.08,0.07,68,96,1.411764705882353,"all x in [0,L]"
gaussian_iid_L128_q7_W0_r17,4e407b820c874186d8b614fc2f80ff02df22d59df94c6515b14d024f512d17be,0.08,0.1,0.09,51,21,0.4117647058823529,"all x in [0,L]"
gaussian_iid_L128_q7_W0_r17,4e407b820c874186d8b614fc2f80ff02df22d59df94c6515b14d024f512d17be,0.1,0.12,0.11,75,8,0.1066666666666666,"all x in [0,L]"
gaussian_iid_L128_q7_W0_r17,4e407b820c874186d8b614fc2f80ff02df22d59df94c6515b14d024f512d17be,0.12,0.14,0.13,74,4,0.054054054054054,"all x in [0,L]"
gaussian_iid_L128_q7_W0_r17,4e407b820c874186d8b614fc2f80ff02df22d59df94c6515b14d024f512d17be,0.14,0.16,0.15,58,0,0.0,"all x in [0,L]"
gaussian_iid_L128_q7_W0_r17,4e407b820c874186d8b614fc2f80ff02df22d59df94c6515b14d024f512d17be,0.16,0.18,0.1699999999999999,56,0,0.0,"all x in [0,L]"
gaussian_iid_L128_q7_W0_r17,4e407b820c874186d8b614fc2f80ff02df22d59df94c6515b14d024f512d17be,0.18,0.2,0.19,56,0,0.0,"all x in [0,L]"
gaussian_iid_L128_q7_W0_r17,4e407b820c874186d8b614fc2f80ff02df22d59df94c6515b14d024f512d17be,0.2,0.22,0.21,58,0,0.0,"all x in [0,L]"
gaussian_iid_L128_q7_W0_r18,70f8155d2488ac24ce61c884b62ee5bdf48b7fbfbcfa32a8fe48c1a6ac9b4668,0.0,0.02,0.01,57,350,6.140350877192983,"all x in [0,L]"
gaussian_iid_L128_q7_W0_r18,70f8155d2488ac24ce61c884b62ee5bdf48b7fbfbcfa32a8fe48c1a6ac9b4668,0.02,0.04,0.03,54,232,4.296296296296297,"all x in [0,L]"
gaussian_iid_L128_q7_W0_r18,70f8155d2488ac24ce61c884b62ee5bdf48b7fbfbcfa32a8fe48c1a6ac9b4668,0.04,0.06,0.05,53,161,3.037735849056604,"all x in [0,L]"
gaussian_iid_L128_q7_W0_r18,70f8155d2488ac24ce61c884b62ee5bdf48b7fbfbcfa32a8fe48c1a6ac9b4668,0.06,0.08,0.07,61,96,1.5737704918032789,"all x in [0,L]"
gaussian_iid_L128_q7_W0_r18,70f8155d2488ac24ce61c884b62ee5bdf48b7fbfbcfa32a8fe48c1a6ac9b4668,0.08,0.1,0.09,68,36,0.5294117647058824,"all x in [0,L]"
gaussian_iid_L128_q7_W0_r18,70f8155d2488ac24ce61c884b62ee5bdf48b7fbfbcfa32a8fe48c1a6ac9b4668,0.1,0.12,0.11,67,30,0.4477611940298507,"all x in [0,L]"
gaussian_iid_L128_q7_W0_r18,70f8155d2488ac24ce61c884b62ee5bdf48b7fbfbcfa32a8fe48c1a6ac9b4668,0.12,0.14,0.13,65,9,0.1384615384615384,"all x in [0,L]"
gaussian_iid_L128_q7_W0_r18,70f8155d2488ac24ce61c884b62ee5bdf48b7fbfbcfa32a8fe48c1a6ac9b4668,0.14,0.16,0.15,65,2,0.0307692307692307,"all x in [0,L]"
gaussian_iid_L128_q7_W0_r18,70f8155d2488ac24ce61c884b62ee5bdf48b7fbfbcfa32a8fe48c1a6ac9b4668,0.16,0.18,0.1699999999999999,61,0,0.0,"all x in [0,L]"
gaussian_iid_L128_q7_W0_r18,70f8155d2488ac24ce61c884b62ee5bdf48b7fbfbcfa32a8fe48c1a6ac9b4668,0.18,0.2,0.19,67,0,0.0,"all x in [0,L]"
gaussian_iid_L128_q7_W0_r18,70f8155d2488ac24ce61c884b62ee5bdf48b7fbfbcfa32a8fe48c1a6ac9b4668,0.2,0.22,0.21,68,0,0.0,"all x in [0,L]"
gaussian_iid_L128_q7_W0_r19,6523f317d80c181bfa32ddab051900c8167f2ab0dad99c92d5382bd2dd68a30b,0.0,0.02,0.01,60,362,6.033333333333333,"all x in [0,L]"
gaussian_iid_L128_q7_W0_r19,6523f317d80c181bfa32ddab051900c8167f2ab0dad99c92d5382bd2dd68a30b,0.02,0.04,0.03,66,259,3.924242424242424,"all x in [0,L]"
gaussian_iid_L128_q7_W0_r19,6523f317d80c181bfa32ddab051900c8167f2ab0dad99c92d5382bd2dd68a30b,0.04,0.06,0.05,87,168,1.9310344827586208,"all x in [0,L]"
gaussian_iid_L128_q7_W0_r19,6523f317d80c181bfa32ddab051900c8167f2ab0dad99c92d5382bd2dd68a30b,0.06,0.08,0.07,60,46,0.7666666666666667,"all x in [0,L]"
gaussian_iid_L128_q7_W0_r19,6523f317d80c181bfa32ddab051900c8167f2ab0dad99c92d5382bd2dd68a30b,0.08,0.1,0.09,52,34,0.6538461538461539,"all x in [0,L]"
gaussian_iid_L128_q7_W0_r19,6523f317d80c181bfa32ddab051900c8167f2ab0dad99c92d5382bd2dd68a30b,0.1,0.12,0.11,68,10,0.1470588235294117,"all x in [0,L]"
gaussian_iid_L128_q7_W0_r19,6523f317d80c181bfa32ddab051900c8167f2ab0dad99c92d5382bd2dd68a30b,0.12,0.14,0.13,70,2,0.0285714285714285,"all x in [0,L]"
gaussian_iid_L128_q7_W0_r19,6523f317d80c181bfa32ddab051900c8167f2ab0dad99c92d5382bd2dd68a30b,0.14,0.16,0.15,50,0,0.0,"all x in [0,L]"
gaussian_iid_L128_q7_W0_r19,6523f317d80c181bfa32ddab051900c8167f2ab0dad99c92d5382bd2dd68a30b,0.16,0.18,0.1699999999999999,62,0,0.0,"all x in [0,L]"
gaussian_iid_L128_q7_W0_r19,6523f317d80c181bfa32ddab051900c8167f2ab0dad99c92d5382bd2dd68a30b,0.18,0.2,0.19,59,0,0.0,"all x in [0,L]"
gaussian_iid_L128_q7_W0_r19,6523f317d80c181bfa32ddab051900c8167f2ab0dad99c92d5382bd2dd68a30b,0.2,0.22,0.21,60,0,0.0,"all x in [0,L]"
gaussian_iid_L128_q7_W0_r2,9c93ca1c642760e9737495187260c6eeec09380546dc3cf53390e0ed6839509e,0.0,0.02,0.01,59,361,6.11864406779661,"all x in [0,L]"
gaussian_iid_L128_q7_W0_r2,9c93ca1c642760e9737495187260c6eeec09380546dc3cf53390e0ed6839509e,0.02,0.04,0.03,69,287,4.159420289855072,"all x in [0,L]"
gaussian_iid_L128_q7_W0_r2,9c93ca1c642760e9737495187260c6eeec09380546dc3cf53390e0ed6839509e,0.04,0.06,0.05,67,138,2.0597014925373136,"all x in [0,L]"
gaussian_iid_L128_q7_W0_r2,9c93ca1c642760e9737495187260c6eeec09380546dc3cf53390e0ed6839509e,0.06,0.08,0.07,58,62,1.0689655172413792,"all x in [0,L]"
gaussian_iid_L128_q7_W0_r2,9c93ca1c642760e9737495187260c6eeec09380546dc3cf53390e0ed6839509e,0.08,0.1,0.09,56,37,0.6607142857142857,"all x in [0,L]"
gaussian_iid_L128_q7_W0_r2,9c93ca1c642760e9737495187260c6eeec09380546dc3cf53390e0ed6839509e,0.1,0.12,0.11,56,10,0.1785714285714285,"all x in [0,L]"
gaussian_iid_L128_q7_W0_r2,9c93ca1c642760e9737495187260c6eeec09380546dc3cf53390e0ed6839509e,0.12,0.14,0.13,73,2,0.0273972602739726,"all x in [0,L]"
gaussian_iid_L128_q7_W0_r2,9c93ca1c642760e9737495187260c6eeec09380546dc3cf53390e0ed6839509e,0.14,0.16,0.15,54,0,0.0,"all x in [0,L]"
gaussian_iid_L128_q7_W0_r2,9c93ca1c642760e9737495187260c6eeec09380546dc3cf53390e0ed6839509e,0.16,0.18,0.1699999999999999,66,0,0.0,"all x in [0,L]"
gaussian_iid_L128_q7_W0_r2,9c93ca1c642760e9737495187260c6eeec09380546dc3cf53390e0ed6839509e,0.18,0.2,0.19,64,0,0.0,"all x in [0,L]"
gaussian_iid_L128_q7_W0_r2,9c93ca1c642760e9737495187260c6eeec09380546dc3cf53390e0ed6839509e,0.2,0.22,0.21,55,0,0.0,"all x in [0,L]"
gaussian_iid_L128_q7_W0_r20,c0796eb92ad4aa45480aef0923baee73359d6eb32e0fa23661f72d176c1befa0,0.0,0.02,0.01,53,330,6.226415094339623,"all x in [0,L]"
gaussian_iid_L128_q7_W0_r20,c0796eb92ad4aa45480aef0923baee73359d6eb32e0fa23661f72d176c1befa0,0.02,0.04,0.03,63,271,4.301587301587301,"all x in [0,L]"
gaussian_iid_L128_q7_W0_r20,c0796eb92ad4aa45480aef0923baee73359d6eb32e0fa23661f72d176c1befa0,0.04,0.06,0.05,69,168,2.4347826086956523,"all x in [0,L]"
gaussian_iid_L128_q7_W0_r20,c0796eb92ad4aa45480aef0923baee73359d6eb32e0fa23661f72d176c1befa0,0.06,0.08,0.07,68,69,1.0147058823529411,"all x in [0,L]"
gaussian_iid_L128_q7_W0_r20,c0796eb92ad4aa45480aef0923baee73359d6eb32e0fa23661f72d176c1befa0,0.08,0.1,0.09,48,30,0.625,"all x in [0,L]"
gaussian_iid_L128_q7_W0_r20,c0796eb92ad4aa45480aef0923baee73359d6eb32e0fa23661f72d176c1befa0,0.1,0.12,0.11,70,20,0.2857142857142857,"all x in [0,L]"
gaussian_iid_L128_q7_W0_r20,c0796eb92ad4aa45480aef0923baee73359d6eb32e0fa23661f72d176c1befa0,0.12,0.14,0.13,75,5,0.0666666666666666,"all x in [0,L]"
gaussian_iid_L128_q7_W0_r20,c0796eb92ad4aa45480aef0923baee73359d6eb32e0fa23661f72d176c1befa0,0.14,0.16,0.15,72,6,0.0833333333333333,"all x in [0,L]"
gaussian_iid_L128_q7_W0_r20,c0796eb92ad4aa45480aef0923baee73359d6eb32e0fa23661f72d176c1befa0,0.16,0.18,0.1699999999999999,50,0,0.0,"all x in [0,L]"
gaussian_iid_L128_q7_W0_r20,c0796eb92ad4aa45480aef0923baee73359d6eb32e0fa23661f72d176c1befa0,0.18,0.2,0.19,57,0,0.0,"all x in [0,L]"
gaussian_iid_L128_q7_W0_r20,c0796eb92ad4aa45480aef0923baee73359d6eb32e0fa23661f72d176c1befa0,0.2,0.22,0.21,68,1,0.0147058823529411,"all x in [0,L]"
gaussian_iid_L128_q7_W0_r21,37b416925b26772b4d8edd0622ddccad39f12e2163cd7dc202d24bb3c94eed55,0.0,0.02,0.01,65,383,5.892307692307693,"all x in [0,L]"
gaussian_iid_L128_q7_W0_r21,37b416925b26772b4d8edd0622ddccad39f12e2163cd7dc202d24bb3c94eed55,0.02,0.04,0.03,56,220,3.928571428571429,"all x in [0,L]"
gaussian_iid_L128_q7_W0_r21,37b416925b26772b4d8edd0622ddccad39f12e2163cd7dc202d24bb3c94eed55,0.04,0.06,0.05,53,141,2.660377358490566,"all x in [0,L]"
gaussian_iid_L128_q7_W0_r21,37b416925b26772b4d8edd0622ddccad39f12e2163cd7dc202d24bb3c94eed55,0.06,0.08,0.07,68,96,1.411764705882353,"all x in [0,L]"
gaussian_iid_L128_q7_W0_r21,37b416925b26772b4d8edd0622ddccad39f12e2163cd7dc202d24bb3c94eed55,0.08,0.1,0.09,77,58,0.7532467532467533,"all x in [0,L]"
gaussian_iid_L128_q7_W0_r21,37b416925b26772b4d8edd0622ddccad39f12e2163cd7dc202d24bb3c94eed55,0.1,0.12,0.11,57,15,0.2631578947368421,"all x in [0,L]"
gaussian_iid_L128_q7_W0_r21,37b416925b26772b4d8edd0622ddccad39f12e2163cd7dc202d24bb3c94eed55,0.12,0.14,0.13,58,2,0.0344827586206896,"all x in [0,L]"
gaussian_iid_L128_q7_W0_r21,37b416925b26772b4d8edd0622ddccad39f12e2163cd7dc202d24bb3c94eed55,0.14,0.16,0.15,63,0,0.0,"all x in [0,L]"
gaussian_iid_L128_q7_W0_r21,37b416925b26772b4d8edd0622ddccad39f12e2163cd7dc202d24bb3c94eed55,0.16,0.18,0.1699999999999999,53,0,0.0,"all x in [0,L]"
gaussian_iid_L128_q7_W0_r21,37b416925b26772b4d8edd0622ddccad39f12e2163cd7dc202d24bb3c94eed55,0.18,0.2,0.19,47,0,0.0,"all x in [0,L]"
gaussian_iid_L128_q7_W0_r21,37b416925b26772b4d8edd0622ddccad39f12e2163cd7dc202d24bb3c94eed55,0.2,0.22,0.21,54,0,0.0,"all x in [0,L]"
gaussian_iid_L128_q7_W0_r22,a248ee0b8730bfa6bbc4785b0432d2d454d9470e9e2fb571fd2876c52a3244a0,0.0,0.02,0.01,49,301,6.142857142857143,"all x in [0,L]"
gaussian_iid_L128_q7_W0_r22,a248ee0b8730bfa6bbc4785b0432d2d454d9470e9e2fb571fd2876c52a3244a0,0.02,0.04,0.03,55,238,4.327272727272727,"all x in [0,L]"
gaussian_iid_L128_q7_W0_r22,a248ee0b8730bfa6bbc4785b0432d2d454d9470e9e2fb571fd2876c52a3244a0,0.04,0.06,0.05,62,192,3.096774193548387,"all x in [0,L]"
gaussian_iid_L128_q7_W0_r22,a248ee0b8730bfa6bbc4785b0432d2d454d9470e9e2fb571fd2876c52a3244a0,0.06,0.08,0.07,55,97,1.7636363636363637,"all x in [0,L]"
gaussian_iid_L128_q7_W0_r22,a248ee0b8730bfa6bbc4785b0432d2d454d9470e9e2fb571fd2876c52a3244a0,0.08,0.1,0.09,64,40,0.625,"all x in [0,L]"
gaussian_iid_L128_q7_W0_r22,a248ee0b8730bfa6bbc4785b0432d2d454d9470e9e2fb571fd2876c52a3244a0,0.1,0.12,0.11,61,16,0.2622950819672131,"all x in [0,L]"
gaussian_iid_L128_q7_W0_r22,a248ee0b8730bfa6bbc4785b0432d2d454d9470e9e2fb571fd2876c52a3244a0,0.12,0.14,0.13,61,9,0.1475409836065573,"all x in [0,L]"
gaussian_iid_L128_q7_W0_r22,a248ee0b8730bfa6bbc4785b0432d2d454d9470e9e2fb571fd2876c52a3244a0,0.14,0.16,0.15,63,1,0.0158730158730158,"all x in [0,L]"
gaussian_iid_L128_q7_W0_r22,a248ee0b8730bfa6bbc4785b0432d2d454d9470e9e2fb571fd2876c52a3244a0,0.16,0.18,0.1699999999999999,55,0,0.0,"all x in [0,L]"
gaussian_iid_L128_q7_W0_r22,a248ee0b8730bfa6bbc4785b0432d2d454d9470e9e2fb571fd2876c52a3244a0,0.18,0.2,0.19,64,0,0.0,"all x in [0,L]"
gaussian_iid_L128_q7_W0_r22,a248ee0b8730bfa6bbc4785b0432d2d454d9470e9e2fb571fd2876c52a3244a0,0.2,0.22,0.21,58,0,0.0,"all x in [0,L]"
gaussian_iid_L128_q7_W0_r23,628b0fe49fe6262a70dfff5ca4113bb7e7e1371b04bd90ae1c8237c49bff74f7,0.0,0.02,0.01,62,355,5.725806451612903,"all x in [0,L]"
gaussian_iid_L128_q7_W0_r23,628b0fe49fe6262a70dfff5ca4113bb7e7e1371b04bd90ae1c8237c49bff74f7,0.02,0.04,0.03,60,244,4.066666666666666,"all x in [0,L]"
gaussian_iid_L128_q7_W0_r23,628b0fe49fe6262a70dfff5ca4113bb7e7e1371b04bd90ae1c8237c49bff74f7,0.04,0.06,0.05,77,207,2.688311688311688,"all x in [0,L]"
gaussian_iid_L128_q7_W0_r23,628b0fe49fe6262a70dfff5ca4113bb7e7e1371b04bd90ae1c8237c49bff74f7,0.06,0.08,0.07,46,72,1.565217391304348,"all x in [0,L]"
gaussian_iid_L128_q7_W0_r23,628b0fe49fe6262a70dfff5ca4113bb7e7e1371b04bd90ae1c8237c49bff74f7,0.08,0.1,0.09,62,31,0.5,"all x in [0,L]"
gaussian_iid_L128_q7_W0_r23,628b0fe49fe6262a70dfff5ca4113bb7e7e1371b04bd90ae1c8237c49bff74f7,0.1,0.12,0.11,61,19,0.3114754098360656,"all x in [0,L]"
gaussian_iid_L128_q7_W0_r23,628b0fe49fe6262a70dfff5ca4113bb7e7e1371b04bd90ae1c8237c49bff74f7,0.12,0.14,0.13,59,0,0.0,"all x in [0,L]"
gaussian_iid_L128_q7_W0_r23,628b0fe49fe6262a70dfff5ca4113bb7e7e1371b04bd90ae1c8237c49bff74f7,0.14,0.16,0.15,75,0,0.0,"all x in [0,L]"
gaussian_iid_L128_q7_W0_r23,628b0fe49fe6262a70dfff5ca4113bb7e7e1371b04bd90ae1c8237c49bff74f7,0.16,0.18,0.1699999999999999,49,0,0.0,"all x in [0,L]"
gaussian_iid_L128_q7_W0_r23,628b0fe49fe6262a70dfff5ca4113bb7e7e1371b04bd90ae1c8237c49bff74f7,0.18,0.2,0.19,57,0,0.0,"all x in [0,L]"
gaussian_iid_L128_q7_W0_r23,628b0fe49fe6262a70dfff5ca4113bb7e7e1371b04bd90ae1c8237c49bff74f7,0.2,0.22,0.21,69,0,0.0,"all x in [0,L]"
gaussian_iid_L128_q7_W0_r3,852e1b46ea87c56df66c6def4e9a703c1cb26ecd7ec86036d7297db867794018,0.0,0.02,0.01,66,403,6.106060606060606,"all x in [0,L]"
gaussian_iid_L128_q7_W0_r3,852e1b46ea87c56df66c6def4e9a703c1cb26ecd7ec86036d7297db867794018,0.02,0.04,0.03,61,252,4.131147540983607,"all x in [0,L]"
gaussian_iid_L128_q7_W0_r3,852e1b46ea87c56df66c6def4e9a703c1cb26ecd7ec86036d7297db867794018,0.04,0.06,0.05,82,166,2.024390243902439,"all x in [0,L]"
gaussian_iid_L128_q7_W0_r3,852e1b46ea87c56df66c6def4e9a703c1cb26ecd7ec86036d7297db867794018,0.06,0.08,0.07,55,56,1.018181818181818,"all x in [0,L]"
gaussian_iid_L128_q7_W0_r3,852e1b46ea87c56df66c6def4e9a703c1cb26ecd7ec86036d7297db867794018,0.08,0.1,0.09,76,39,0.5131578947368421,"all x in [0,L]"
gaussian_iid_L128_q7_W0_r3,852e1b46ea87c56df66c6def4e9a703c1cb26ecd7ec86036d7297db867794018,0.1,0.12,0.11,64,13,0.203125,"all x in [0,L]"
gaussian_iid_L128_q7_W0_r3,852e1b46ea87c56df66c6def4e9a703c1cb26ecd7ec86036d7297db867794018,0.12,0.14,0.13,64,0,0.0,"all x in [0,L]"
gaussian_iid_L128_q7_W0_r3,852e1b46ea87c56df66c6def4e9a703c1cb26ecd7ec86036d7297db867794018,0.14,0.16,0.15,57,0,0.0,"all x in [0,L]"
gaussian_iid_L128_q7_W0_r3,852e1b46ea87c56df66c6def4e9a703c1cb26ecd7ec86036d7297db867794018,0.16,0.18,0.1699999999999999,55,0,0.0,"all x in [0,L]"
gaussian_iid_L128_q7_W0_r3,852e1b46ea87c56df66c6def4e9a703c1cb26ecd7ec86036d7297db867794018,0.18,0.2,0.19,45,0,0.0,"all x in [0,L]"
gaussian_iid_L128_q7_W0_r3,852e1b46ea87c56df66c6def4e9a703c1cb26ecd7ec86036d7297db867794018,0.2,0.22,0.21,56,0,0.0,"all x in [0,L]"
gaussian_iid_L128_q7_W0_r4,36e2e6d0241a4ce6ed9daf324ef2e833e8446045f214c4bf1c8402924c7f9651,0.0,0.02,0.01,69,401,5.811594202898551,"all x in [0,L]"
gaussian_iid_L128_q7_W0_r4,36e2e6d0241a4ce6ed9daf324ef2e833e8446045f214c4bf1c8402924c7f9651,0.02,0.04,0.03,60,253,4.216666666666667,"all x in [0,L]"
gaussian_iid_L128_q7_W0_r4,36e2e6d0241a4ce6ed9daf324ef2e833e8446045f214c4bf1c8402924c7f9651,0.04,0.06,0.05,63,135,2.142857142857143,"all x in [0,L]"
gaussian_iid_L128_q7_W0_r4,36e2e6d0241a4ce6ed9daf324ef2e833e8446045f214c4bf1c8402924c7f9651,0.06,0.08,0.07,73,90,1.2328767123287672,"all x in [0,L]"
gaussian_iid_L128_q7_W0_r4,36e2e6d0241a4ce6ed9daf324ef2e833e8446045f214c4bf1c8402924c7f9651,0.08,0.1,0.09,52,17,0.3269230769230769,"all x in [0,L]"
gaussian_iid_L128_q7_W0_r4,36e2e6d0241a4ce6ed9daf324ef2e833e8446045f214c4bf1c8402924c7f9651,0.1,0.12,0.11,66,16,0.2424242424242424,"all x in [0,L]"
gaussian_iid_L128_q7_W0_r4,36e2e6d0241a4ce6ed9daf324ef2e833e8446045f214c4bf1c8402924c7f9651,0.12,0.14,0.13,65,3,0.0461538461538461,"all x in [0,L]"
gaussian_iid_L128_q7_W0_r4,36e2e6d0241a4ce6ed9daf324ef2e833e8446045f214c4bf1c8402924c7f9651,0.14,0.16,0.15,62,0,0.0,"all x in [0,L]"
gaussian_iid_L128_q7_W0_r4,36e2e6d0241a4ce6ed9daf324ef2e833e8446045f214c4bf1c8402924c7f9651,0.16,0.18,0.1699999999999999,57,0,0.0,"all x in [0,L]"
gaussian_iid_L128_q7_W0_r4,36e2e6d0241a4ce6ed9daf324ef2e833e8446045f214c4bf1c8402924c7f9651,0.18,0.2,0.19,66,0,0.0,"all x in [0,L]"
gaussian_iid_L128_q7_W0_r4,36e2e6d0241a4ce6ed9daf324ef2e833e8446045f214c4bf1c8402924c7f9651,0.2,0.22,0.21,54,0,0.0,"all x in [0,L]"
gaussian_iid_L128_q7_W0_r5,4d6408fa5b1c88e98b87db2672521289029e9b7cece7c20b2e99a11a76337846,0.0,0.02,0.01,62,373,6.016129032258065,"all x in [0,L]"
gaussian_iid_L128_q7_W0_r5,4d6408fa5b1c88e98b87db2672521289029e9b7cece7c20b2e99a11a76337846,0.02,0.04,0.03,73,295,4.041095890410959,"all x in [0,L]"
gaussian_iid_L128_q7_W0_r5,4d6408fa5b1c88e98b87db2672521289029e9b7cece7c20b2e99a11a76337846,0.04,0.06,0.05,63,160,2.5396825396825395,"all x in [0,L]"
gaussian_iid_L128_q7_W0_r5,4d6408fa5b1c88e98b87db2672521289029e9b7cece7c20b2e99a11a76337846,0.06,0.08,0.07,72,56,0.7777777777777778,"all x in [0,L]"
gaussian_iid_L128_q7_W0_r5,4d6408fa5b1c88e98b87db2672521289029e9b7cece7c20b2e99a11a76337846,0.08,0.1,0.09,58,23,0.396551724137931,"all x in [0,L]"
gaussian_iid_L128_q7_W0_r5,4d6408fa5b1c88e98b87db2672521289029e9b7cece7c20b2e99a11a76337846,0.1,0.12,0.11,62,2,0.032258064516129,"all x in [0,L]"
gaussian_iid_L128_q7_W0_r5,4d6408fa5b1c88e98b87db2672521289029e9b7cece7c20b2e99a11a76337846,0.12,0.14,0.13,68,1,0.0147058823529411,"all x in [0,L]"
gaussian_iid_L128_q7_W0_r5,4d6408fa5b1c88e98b87db2672521289029e9b7cece7c20b2e99a11a76337846,0.14,0.16,0.15,63,0,0.0,"all x in [0,L]"
gaussian_iid_L128_q7_W0_r5,4d6408fa5b1c88e98b87db2672521289029e9b7cece7c20b2e99a11a76337846,0.16,0.18,0.1699999999999999,47,0,0.0,"all x in [0,L]"
gaussian_iid_L128_q7_W0_r5,4d6408fa5b1c88e98b87db2672521289029e9b7cece7c20b2e99a11a76337846,0.18,0.2,0.19,56,0,0.0,"all x in [0,L]"
gaussian_iid_L128_q7_W0_r5,4d6408fa5b1c88e98b87db2672521289029e9b7cece7c20b2e99a11a76337846,0.2,0.22,0.21,60,0,0.0,"all x in [0,L]"
gaussian_iid_L128_q7_W0_r6,287a794fded47a1e57f865aa9c2e30ce861eda9a49617a45bce667504274f943,0.0,0.02,0.01,69,396,5.739130434782608,"all x in [0,L]"
gaussian_iid_L128_q7_W0_r6,287a794fded47a1e57f865aa9c2e30ce861eda9a49617a45bce667504274f943,0.02,0.04,0.03,62,267,4.306451612903226,"all x in [0,L]"
gaussian_iid_L128_q7_W0_r6,287a794fded47a1e57f865aa9c2e30ce861eda9a49617a45bce667504274f943,0.04,0.06,0.05,49,116,2.36734693877551,"all x in [0,L]"
gaussian_iid_L128_q7_W0_r6,287a794fded47a1e57f865aa9c2e30ce861eda9a49617a45bce667504274f943,0.06,0.08,0.07,65,87,1.3384615384615384,"all x in [0,L]"
gaussian_iid_L128_q7_W0_r6,287a794fded47a1e57f865aa9c2e30ce861eda9a49617a45bce667504274f943,0.08,0.1,0.09,59,28,0.4745762711864407,"all x in [0,L]"
gaussian_iid_L128_q7_W0_r6,287a794fded47a1e57f865aa9c2e30ce861eda9a49617a45bce667504274f943,0.1,0.12,0.11,45,7,0.1555555555555555,"all x in [0,L]"
gaussian_iid_L128_q7_W0_r6,287a794fded47a1e57f865aa9c2e30ce861eda9a49617a45bce667504274f943,0.12,0.14,0.13,64,1,0.015625,"all x in [0,L]"
gaussian_iid_L128_q7_W0_r6,287a794fded47a1e57f865aa9c2e30ce861eda9a49617a45bce667504274f943,0.14,0.16,0.15,59,0,0.0,"all x in [0,L]"
gaussian_iid_L128_q7_W0_r6,287a794fded47a1e57f865aa9c2e30ce861eda9a49617a45bce667504274f943,0.16,0.18,0.1699999999999999,62,0,0.0,"all x in [0,L]"
gaussian_iid_L128_q7_W0_r6,287a794fded47a1e57f865aa9c2e30ce861eda9a49617a45bce667504274f943,0.18,0.2,0.19,68,0,0.0,"all x in [0,L]"
gaussian_iid_L128_q7_W0_r6,287a794fded47a1e57f865aa9c2e30ce861eda9a49617a45bce667504274f943,0.2,0.22,0.21,69,0,0.0,"all x in [0,L]"
gaussian_iid_L128_q7_W0_r7,0273e2f762b4954486cd9d7b5998f53a98fdf5355845d280f5bf8d9b081d467c,0.0,0.02,0.01,57,358,6.280701754385965,"all x in [0,L]"
gaussian_iid_L128_q7_W0_r7,0273e2f762b4954486cd9d7b5998f53a98fdf5355845d280f5bf8d9b081d467c,0.02,0.04,0.03,56,239,4.267857142857143,"all x in [0,L]"
gaussian_iid_L128_q7_W0_r7,0273e2f762b4954486cd9d7b5998f53a98fdf5355845d280f5bf8d9b081d467c,0.04,0.06,0.05,67,151,2.253731343283582,"all x in [0,L]"
gaussian_iid_L128_q7_W0_r7,0273e2f762b4954486cd9d7b5998f53a98fdf5355845d280f5bf8d9b081d467c,0.06,0.08,0.07,66,86,1.303030303030303,"all x in [0,L]"
gaussian_iid_L128_q7_W0_r7,0273e2f762b4954486cd9d7b5998f53a98fdf5355845d280f5bf8d9b081d467c,0.08,0.1,0.09,57,30,0.5263157894736842,"all x in [0,L]"
gaussian_iid_L128_q7_W0_r7,0273e2f762b4954486cd9d7b5998f53a98fdf5355845d280f5bf8d9b081d467c,0.1,0.12,0.11,54,7,0.1296296296296296,"all x in [0,L]"
gaussian_iid_L128_q7_W0_r7,0273e2f762b4954486cd9d7b5998f53a98fdf5355845d280f5bf8d9b081d467c,0.12,0.14,0.13,59,11,0.1864406779661017,"all x in [0,L]"
gaussian_iid_L128_q7_W0_r7,0273e2f762b4954486cd9d7b5998f53a98fdf5355845d280f5bf8d9b081d467c,0.14,0.16,0.15,72,15,0.2083333333333333,"all x in [0,L]"
gaussian_iid_L128_q7_W0_r7,0273e2f762b4954486cd9d7b5998f53a98fdf5355845d280f5bf8d9b081d467c,0.16,0.18,0.1699999999999999,72,3,0.0416666666666666,"all x in [0,L]"
gaussian_iid_L128_q7_W0_r7,0273e2f762b4954486cd9d7b5998f53a98fdf5355845d280f5bf8d9b081d467c,0.18,0.2,0.19,68,0,0.0,"all x in [0,L]"
gaussian_iid_L128_q7_W0_r7,0273e2f762b4954486cd9d7b5998f53a98fdf5355845d280f5bf8d9b081d467c,0.2,0.22,0.21,65,0,0.0,"all x in [0,L]"
gaussian_iid_L128_q7_W0_r8,2f59742825377b0a5db364dc37418531e3707ec9604779385d9bf358ec0509fb,0.0,0.02,0.01,55,342,6.218181818181818,"all x in [0,L]"
gaussian_iid_L128_q7_W0_r8,2f59742825377b0a5db364dc37418531e3707ec9604779385d9bf358ec0509fb,0.02,0.04,0.03,67,263,3.925373134328358,"all x in [0,L]"
gaussian_iid_L128_q7_W0_r8,2f59742825377b0a5db364dc37418531e3707ec9604779385d9bf358ec0509fb,0.04,0.06,0.05,62,162,2.6129032258064515,"all x in [0,L]"
gaussian_iid_L128_q7_W0_r8,2f59742825377b0a5db364dc37418531e3707ec9604779385d9bf358ec0509fb,0.06,0.08,0.07,69,91,1.318840579710145,"all x in [0,L]"
gaussian_iid_L128_q7_W0_r8,2f59742825377b0a5db364dc37418531e3707ec9604779385d9bf358ec0509fb,0.08,0.1,0.09,61,25,0.4098360655737705,"all x in [0,L]"
gaussian_iid_L128_q7_W0_r8,2f59742825377b0a5db364dc37418531e3707ec9604779385d9bf358ec0509fb,0.1,0.12,0.11,64,9,0.140625,"all x in [0,L]"
gaussian_iid_L128_q7_W0_r8,2f59742825377b0a5db364dc37418531e3707ec9604779385d9bf358ec0509fb,0.12,0.14,0.13,52,5,0.0961538461538461,"all x in [0,L]"
gaussian_iid_L128_q7_W0_r8,2f59742825377b0a5db364dc37418531e3707ec9604779385d9bf358ec0509fb,0.14,0.16,0.15,46,0,0.0,"all x in [0,L]"
gaussian_iid_L128_q7_W0_r8,2f59742825377b0a5db364dc37418531e3707ec9604779385d9bf358ec0509fb,0.16,0.18,0.1699999999999999,53,0,0.0,"all x in [0,L]"
gaussian_iid_L128_q7_W0_r8,2f59742825377b0a5db364dc37418531e3707ec9604779385d9bf358ec0509fb,0.18,0.2,0.19,64,0,0.0,"all x in [0,L]"
gaussian_iid_L128_q7_W0_r8,2f59742825377b0a5db364dc37418531e3707ec9604779385d9bf358ec0509fb,0.2,0.22,0.21,62,0,0.0,"all x in [0,L]"
gaussian_iid_L128_q7_W0_r9,c5f6e4b1af5f864deafad069cdb0fc92c3f629271d8860f22586465aceb01107,0.0,0.02,0.01,56,346,6.178571428571429,"all x in [0,L]"
gaussian_iid_L128_q7_W0_r9,c5f6e4b1af5f864deafad069cdb0fc92c3f629271d8860f22586465aceb01107,0.02,0.04,0.03,56,248,4.428571428571429,"all x in [0,L]"
gaussian_iid_L128_q7_W0_r9,c5f6e4b1af5f864deafad069cdb0fc92c3f629271d8860f22586465aceb01107,0.04,0.06,0.05,56,153,2.732142857142857,"all x in [0,L]"
gaussian_iid_L128_q7_W0_r9,c5f6e4b1af5f864deafad069cdb0fc92c3f629271d8860f22586465aceb01107,0.06,0.08,0.07,64,85,1.328125,"all x in [0,L]"
gaussian_iid_L128_q7_W0_r9,c5f6e4b1af5f864deafad069cdb0fc92c3f629271d8860f22586465aceb01107,0.08,0.1,0.09,58,36,0.6206896551724138,"all x in [0,L]"
gaussian_iid_L128_q7_W0_r9,c5f6e4b1af5f864deafad069cdb0fc92c3f629271d8860f22586465aceb01107,0.1,0.12,0.11,60,31,0.5166666666666667,"all x in [0,L]"
gaussian_iid_L128_q7_W0_r9,c5f6e4b1af5f864deafad069cdb0fc92c3f629271d8860f22586465aceb01107,0.12,0.14,0.13,67,14,0.208955223880597,"all x in [0,L]"
gaussian_iid_L128_q7_W0_r9,c5f6e4b1af5f864deafad069cdb0fc92c3f629271d8860f22586465aceb01107,0.14,0.16,0.15,70,1,0.0142857142857142,"all x in [0,L]"
gaussian_iid_L128_q7_W0_r9,c5f6e4b1af5f864deafad069cdb0fc92c3f629271d8860f22586465aceb01107,0.16,0.18,0.1699999999999999,53,3,0.0566037735849056,"all x in [0,L]"
gaussian_iid_L128_q7_W0_r9,c5f6e4b1af5f864deafad069cdb0fc92c3f629271d8860f22586465aceb01107,0.18,0.2,0.19,68,1,0.0147058823529411,"all x in [0,L]"
gaussian_iid_L128_q7_W0_r9,c5f6e4b1af5f864deafad069cdb0fc92c3f629271d8860f22586465aceb01107,0.2,0.22,0.21,47,0,0.0,"all x in [0,L]"
