source,target,source_y,target_y,production_label,oracle_label
0,9,104.79492812319178,103.1714772416631,0,0
0,23,104.79492812319178,103.04680425564561,0,0
2,11,104.74305334847661,103.2845365537832,0,0
2,40,104.74305334847661,102.99444905249118,0,0
2,60,104.74305334847661,103.04171544137368,0,0
2,70,104.74305334847661,103.07710341262103,0,0
2,86,104.74305334847661,102.9734335249458,0,0
2,99,104.74305334847661,102.89067295891167,0,0
2,115,104.74305334847661,102.93743599514802,0,0
8,16,104.98668283422757,103.05536753730631,0,0
8,31,104.98668283422757,103.04565091531164,0,0
8,53,104.98668283422757,103.07841212329176,0,0
8,56,104.98668283422757,103.02928714234635,0,0
8,75,104.98668283422757,103.08445761216832,0,0
22,40,104.48652578894256,102.99444905249118,0,0
22,55,104.48652578894256,102.8159997462022,0,0
22,60,104.48652578894256,103.04171544137368,0,0
22,70,104.48652578894256,103.07710341262103,0,0
22,98,104.48652578894256,103.33407741872925,0,0
22,115,104.48652578894256,102.93743599514802,0,0
24,23,104.80439066122915,103.04680425564561,0,0
24,40,104.80439066122915,102.99444905249118,0,0
24,86,104.80439066122915,102.9734335249458,0,0
24,115,104.80439066122915,102.93743599514802,0,0
25,1,103.85865463922916,103.72857578836884,0,0
25,50,103.85865463922916,104.04159029742671,3,3
25,123,103.85865463922916,103.95805884416671,3,3
26,31,104.63957370774797,103.04565091531164,0,0
26,56,104.63957370774797,103.02928714234635,0,0
30,4,104.7729963558623,103.57583973825936,0,0
30,13,104.7729963558623,104.33029897749915,0,0
30,17,104.7729963558623,103.65918658826776,0,0
30,44,104.7729963558623,103.82166235341134,0,0
30,59,104.7729963558623,103.36369954205044,0,0
30,64,104.7729963558623,103.68228282834332,0,0
30,127,104.7729963558623,103.88433877995443,0,0
32,44,104.77760965042215,103.82166235341134,0,0
32,64,104.77760965042215,103.68228282834332,0,0
32,122,104.77760965042215,104.57519417991728,0,0
32,126,104.77760965042215,104.40388991861658,0,0
32,127,104.77760965042215,103.88433877995443,0,0
50,55,104.04159029742671,102.8159997462022,0,0
57,29,105.17813608124014,103.17896340641636,0,0
57,59,105.17813608124014,103.36369954205044,0,0
57,67,105.17813608124014,103.27941944797334,0,0
57,73,105.17813608124014,103.29199418005773,0,0
57,82,105.17813608124014,103.32129076971609,0,0
57,104,105.17813608124014,103.4249527696206,0,0
58,59,105.0900009022446,103.36369954205044,0,0
58,73,105.0900009022446,103.29199418005773,0,0
58,82,105.0900009022446,103.32129076971609,0,0
58,104,105.0900009022446,103.4249527696206,0,0
66,16,103.7252746149929,103.05536753730631,0,0
66,56,103.7252746149929,103.02928714234635,0,0
66,73,103.7252746149929,103.29199418005773,0,0
66,75,103.7252746149929,103.08445761216832,0,0
66,82,103.7252746149929,103.32129076971609,0,0
76,9,104.98219238543129,103.1714772416631,0,0
76,23,104.98219238543129,103.04680425564561,0,0
76,60,104.98219238543129,103.04171544137368,0,0
76,70,104.98219238543129,103.07710341262103,0,0
76,97,104.98219238543129,103.09944341146574,0,0
91,23,104.90322010773406,103.04680425564561,0,0
91,40,104.90322010773406,102.99444905249118,0,0
91,60,104.90322010773406,103.04171544137368,0,0
91,70,104.90322010773406,103.07710341262103,0,0
91,86,104.90322010773406,102.9734335249458,0,0
91,111,104.90322010773406,103.02792505515812,0,0
91,115,104.90322010773406,102.93743599514802,0,0
96,13,105.00209316656047,104.33029897749915,0,0
96,33,105.00209316656047,103.62716969338776,0,0
96,44,105.00209316656047,103.82166235341134,0,0
96,64,105.00209316656047,103.68228282834332,0,0
96,118,105.00209316656047,103.43867298116622,0,0
96,127,105.00209316656047,103.88433877995443,0,0
102,11,104.551223831456,103.2845365537832,0,0
102,40,104.551223831456,102.99444905249118,0,0
102,60,104.551223831456,103.04171544137368,0,0
102,86,104.551223831456,102.9734335249458,0,0
102,99,104.551223831456,102.89067295891167,0,0
102,115,104.551223831456,102.93743599514802,0,0
106,9,104.88858896295224,103.1714772416631,0,0
106,23,104.88858896295224,103.04680425564561,0,0
107,21,105.0839271824222,103.82991285198834,0,0
107,39,105.0839271824222,103.86053358165827,0,0
107,66,105.0839271824222,103.7252746149929,0,0
107,92,105.0839271824222,103.89474708337278,0,0
109,40,104.79602282156732,102.99444905249118,0,0
109,55,104.79602282156732,102.8159997462022,0,0
109,56,104.79602282156732,103.02928714234635,0,0
109,86,104.79602282156732,102.9734335249458,0,0
109,99,104.79602282156732,102.89067295891167,0,0
109,111,104.79602282156732,103.02792505515812,0,0
109,115,104.79602282156732,102.93743599514802,0,0
112,55,104.64786290990774,102.8159997462022,0,0
112,99,104.64786290990774,102.89067295891167,0,0
112,115,104.64786290990774,102.93743599514802,0,0
117,75,105.05886058460236,103.08445761216832,0,0
120,23,104.90446249322001,103.04680425564561,0,0
120,40,104.90446249322001,102.99444905249118,0,0
120,60,104.90446249322001,103.04171544137368,0,0
120,70,104.90446249322001,103.07710341262103,0,0
120,86,104.90446249322001,102.9734335249458,0,0
120,111,104.90446249322001,103.02792505515812,0,0
120,115,104.90446249322001,102.93743599514802,0,0
122,3,104.57519417991728,103.35097344871858,0,0
122,28,104.57519417991728,103.78596587661163,0,0
122,35,104.57519417991728,103.90172172877337,0,0
122,48,104.57519417991728,103.38346703580108,0,0
122,86,104.57519417991728,102.9734335249458,0,0
122,97,104.57519417991728,103.09944341146574,0,0
122,105,104.57519417991728,103.24398147773502,0,0
127,21,103.88433877995443,103.82991285198834,0,0
127,32,103.88433877995443,104.77760965042215,1,1
127,39,103.88433877995443,103.86053358165827,0,0
127,45,103.88433877995443,104.6408144490036,3,3
127,72,103.88433877995443,104.70005802308957,3,3
127,98,103.88433877995443,103.33407741872925,0,0
127,110,103.88433877995443,103.99966421373946,3,3
