dataset,record_id,L,W,geometry_seed,orientation_seed,edge_hash
figure2_reassignment,S1C_W0.79_r00:original,128,0.79,7655837767034734158,934042189007205845,5282c6aaa8a8799845813d740745deb1b8e99576b33e5dbfd798be8b075c6a5e
figure2_reassignment,S1C_W0.79_r00:reassigned,128,0.79,7655837767034734158,934042189007205845,1d6a152f37b4f2e4691d4f5f045e20e7d516bbf54fec7b71120eb928bd2d9441
figure2_reassignment,S1C_W0.79_r01:original,128,0.79,7138177107724583812,18115717769615187850,7464d40813945a2df154084f204d214e7fa7355d45d16bb849225d61a80a6f05
figure2_reassignment,S1C_W0.79_r01:reassigned,128,0.79,7138177107724583812,18115717769615187850,5cea68f8e5b39abbeb3d0f1abd0d64d3477d98ab146003ee091958b21d082e31
figure2_reassignment,S1C_W0.79_r02:original,128,0.79,7301254539265411036,1717762875529522896,3a9ac2647ea98a81b0aa17b58f0be2258081025bdb93e2e65afdfbf2ef9df77a
figure2_reassignment,S1C_W0.79_r02:reassigned,128,0.79,7301254539265411036,1717762875529522896,62066ad791bfc8ffc549d9f1d0b8a461a17812692452a7d2bab735592a14bebb
figure2_reassignment,S1C_W0.79_r03:original,128,0.79,10833399783473843663,9514140423465135883,e86e669451c0dd58efc4b7868173a34c963151de9d3c3bba9bd45747b93b6fa8
figure2_reassignment,S1C_W0.79_r03:reassigned,128,0.79,10833399783473843663,9514140423465135883,5572a0c039a257b987fa4af4d0ac39a21cb3a36c9a9187574522562e219bee67
figure2_reassignment,S1C_W0.79_r04:original,128,0.79,17089777873478898221,16951094302730524563,cc67adb09c8c2262f64a90b5ce11c7af9be73120ef816660859ae50437f18059
figure2_reassignment,S1C_W0.79_r04:reassigned,128,0.79,17089777873478898221,16951094302730524563,03527267f2db4ce3ccf5de7a299c39a8bdcad0f16ea16715840a995cbcb4c4a5
figure2_reassignment,S1C_W0.79_r05:original,128,0.79,10737365616079812786,17714141268111472187,5f567d3452a5f5907b533d717fb68d8a48654603ecb1cdc8929a4f4796fd497f
figure2_reassignment,S1C_W0.79_r05:reassigned,128,0.79,10737365616079812786,17714141268111472187,a1ce71d81cdd6eca644d22a8604196b9db7146de64147bf25e50b36992b7d23f
figure2_reassignment,S1C_W0.79_r06:original,128,0.79,18392522625926627476,17181666016768037737,a8c3a0d454aba858f64f629adb7a243247d0ac7caf743299a93c6eef1f3bafc8
figure2_reassignment,S1C_W0.79_r06:reassigned,128,0.79,18392522625926627476,17181666016768037737,da456df44aa88c060fb418016bf0c62dd598b8c563b0a3e458d8c52ca0693bed
figure2_reassignment,S1C_W0.79_r07:original,128,0.79,10075112737880425626,882632597237696698,1f6c6e81bf97e9a06372da328961a524dc6bdb93f9f10e35576ca4894a7fe933
figure2_reassignment,S1C_W0.79_r07:reassigned,128,0.79,10075112737880425626,882632597237696698,d675e95a5b2b428ca41a78b4bd9f623478b59f7ef80709be42525b87b37abc62
figure2_reassignment,S1C_W0.79_r08:original,128,0.79,4045559426312456630,9351229326151978282,89e89a971d9be003487d8a1c3ec05eeb8eba90173b9c2e1dce7ce69d51a02789
figure2_reassignment,S1C_W0.79_r08:reassigned,128,0.79,4045559426312456630,9351229326151978282,ffdc791a14eb59a85612abc55a894e40fdc92dac3e949eb7e264acda81d08b2a
figure2_reassignment,S1C_W0.79_r09:original,128,0.79,11877919894818629711,2014691400867905938,4b6e8890e5aed1442a53a6e9fb0947cb3f59a59756c1870ab4dd7cf552352a08
figure2_reassignment,S1C_W0.79_r09:reassigned,128,0.79,11877919894818629711,2014691400867905938,4b4c888839414c8f8147bcc8db9448135116c950cf2140428f82d36bcbb21b53
figure2_reassignment,S1C_W0.79_r10:original,128,0.79,12590900716292596139,2117280375500507789,a289eec9796abce64bf442422081fb8337784597b162220d1d8a83a6a3282661
figure2_reassignment,S1C_W0.79_r10:reassigned,128,0.79,12590900716292596139,2117280375500507789,f522c676d8d9ea48ff3aa4ddf93857f726db07924943de06c0e14c7872e0bd04
figure2_reassignment,S1C_W0.79_r11:original,128,0.79,1962789095212423922,8331814245213072405,ee4508a963f4655416b558f0442081e02a849d7021bb6ff668eec9e61a412cab
figure2_reassignment,S1C_W0.79_r11:reassigned,128,0.79,1962789095212423922,8331814245213072405,8b1dec5c47d3a2aaf7b8b81c9c1503e14b29dfe5707df34bfa239431d6663637
figure2_reassignment,S1C_W0.79_r12:original,128,0.79,14510932720716503721,3241278375788733931,b96ed0437984aa833255048e146393c5da35285c4a8467549b61d9810e759cec
figure2_reassignment,S1C_W0.79_r12:reassigned,128,0.79,14510932720716503721,3241278375788733931,aaeb79020b29f20aeb4be82d8d3ebdee37b12ec58491cef68c01f3e5874dff00
figure2_reassignment,S1C_W0.79_r13:original,128,0.79,6160150824468491629,3559034236000207361,13f2ebfd2686e87ddccb154edfe45e110ed5970d04363e7b46c404cec7d71966
figure2_reassignment,S1C_W0.79_r13:reassigned,128,0.79,6160150824468491629,3559034236000207361,f709685dd63773b46268308530ab388ba07ffd6c40df720712e5e351313da503
figure2_reassignment,S1C_W0.79_r14:original,128,0.79,10714398994419119567,2123816966686241028,e8c569af23e050d8a30d08b79ae77a59a4897ab7b85c80ebfc5c7a8f4460905c
figure2_reassignment,S1C_W0.79_r14:reassigned,128,0.79,10714398994419119567,2123816966686241028,e25fac86c66b314f60bad876de960ad4280c92f9ade1012cb5a5ae1300dc0ab1
figure2_reassignment,S1C_W0.79_r15:original,128,0.79,3525784381421185546,9728774493767030428,9defb3ea47f84ab5b371ab957ebe07731e6c99cb7b213e2d892ac90946856599
figure2_reassignment,S1C_W0.79_r15:reassigned,128,0.79,3525784381421185546,9728774493767030428,619e5ee5ac817ec11984ac47ec3b9d9940e8b6295064d4ce3c647b190adf70e2
figure2_reassignment,S1C_W0.80_r00:original,128,0.8,7655837767034734158,934042189007205845,719b675b7b2b31f2c58d9ebe796d55d1b5f44e56bf57d962275c5e7399613e0a
figure2_reassignment,S1C_W0.80_r00:reassigned,128,0.8,7655837767034734158,934042189007205845,cf2d6905b94b1265f3b2eef93442ec373a0349d762be7b86a5be2a9011044919
figure2_reassignment,S1C_W0.80_r01:original,128,0.8,7138177107724583812,18115717769615187850,4d3bda900026b2467a23a751d8f5ef90f49935e0e66e4f14b1e3722c20691db7
figure2_reassignment,S1C_W0.80_r01:reassigned,128,0.8,7138177107724583812,18115717769615187850,a2bacecd2623c3e78f46ede3ede6a2e0d9faace280512093e8a015568ad354b1
figure2_reassignment,S1C_W0.80_r02:original,128,0.8,7301254539265411036,1717762875529522896,61ae7bf1a97614ead2454371fd56b8563dc458a630ea13534ac244e89c592f6e
figure2_reassignment,S1C_W0.80_r02:reassigned,128,0.8,7301254539265411036,1717762875529522896,64fc180edc78ab1612ee9a3c9e007065dd9950fe743874ef228a3b50c58e56c8
figure2_reassignment,S1C_W0.80_r03:original,128,0.8,10833399783473843663,9514140423465135883,f42a27e994c7a0a761d35ca1512022340aac932531be385fb4221ef954ccd34d
figure2_reassignment,S1C_W0.80_r03:reassigned,128,0.8,10833399783473843663,9514140423465135883,985e3178722d436c8b6e496bb6cfb7baa73c644e28ced4c8ead3e9e2ebdba740
figure2_reassignment,S1C_W0.80_r04:original,128,0.8,17089777873478898221,16951094302730524563,17aa185709e12c3b0f224037b0a082b9f764ad9675c2115a532cd25ed78b86a1
figure2_reassignment,S1C_W0.80_r04:reassigned,128,0.8,17089777873478898221,16951094302730524563,a8049cd9cc5e090c6604ad9e3c6c8b3b389ce65a8662a1dc32e64d4fec98f286
figure2_reassignment,S1C_W0.80_r05:original,128,0.8,10737365616079812786,17714141268111472187,e3a3663d18b8500f1309e3e5e8894c5dc8fce4261e16416212f374c67ff6c246
figure2_reassignment,S1C_W0.80_r05:reassigned,128,0.8,10737365616079812786,17714141268111472187,13c52c8a8e106b19507939fd01894984107318cd2526936408cbca6c22c691e9
figure2_reassignment,S1C_W0.80_r06:original,128,0.8,18392522625926627476,17181666016768037737,b75a4457b2796a47ac87856871becf6302e1b4557303163b3efa243de25680e0
figure2_reassignment,S1C_W0.80_r06:reassigned,128,0.8,18392522625926627476,17181666016768037737,497a0c535f076ef68a9b2d931fcc294850f82dbfd6b819a917b0a3eab12dc2ca
figure2_reassignment,S1C_W0.80_r07:original,128,0.8,10075112737880425626,882632597237696698,ca2622555d2ac6788f1c9249d64fef19af991da95c250fab25fa940f79a579d8
figure2_reassignment,S1C_W0.80_r07:reassigned,128,0.8,10075112737880425626,882632597237696698,0317fa58f2b669eee45ca2bc97fb56f976e492d9939766764bfbf88fb34dc90e
figure2_reassignment,S1C_W0.80_r08:original,128,0.8,4045559426312456630,9351229326151978282,335e4f7b04354b36a04a40c34df5a45b26933532dec6bd213302db654731ca34
figure2_reassignment,S1C_W0.80_r08:reassigned,128,0.8,4045559426312456630,9351229326151978282,7ebc2c0f29546ee6a384974c774a9063b4361cb3ebce9082b8f44384973a2dff
figure2_reassignment,S1C_W0.80_r09:original,128,0.8,11877919894818629711,2014691400867905938,8baf8db55f4c3acfecfe05496dddf48dacac196b7bf164974b1d996297cb6c84
figure2_reassignment,S1C_W0.80_r09:reassigned,128,0.8,11877919894818629711,2014691400867905938,4f6aeb2b97bde680cf00a007d24793065d17d7b1904b6c54392e067ec38f0111
figure2_reassignment,S1C_W0.80_r10:original,128,0.8,12590900716292596139,2117280375500507789,aa470db227c164cc2e8419853b05848fd8553918247e237cb1160969656d49c5
figure2_reassignment,S1C_W0.80_r10:reassigned,128,0.8,12590900716292596139,2117280375500507789,2538ea0ac02d517cbc4a52256396e1aede00c19a182553c3dc3be0bc7243d6c8
figure2_reassignment,S1C_W0.80_r11:original,128,0.8,1962789095212423922,8331814245213072405,163088283be86a4b4f1d31791f1ceb647c7b8afdda02ae68360d5d2171ae6d6d
figure2_reassignment,S1C_W0.80_r11:reassigned,128,0.8,1962789095212423922,8331814245213072405,006a729df111b9d6efc3eb8302ebbf3e234e9c6bc5264db3a6678116ce52a7d6
figure2_reassignment,S1C_W0.80_r12:original,128,0.8,14510932720716503721,3241278375788733931,4e6301523bba10b7d40ce030369cb23565cb6538d429b0c2f0584b4a76c08d81
figure2_reassignment,S1C_W0.80_r12:reassigned,128,0.8,14510932720716503721,3241278375788733931,8a553ec595e82663467929df3bc36ccccb26b33122f0505f1e8b38d886b9b4e9
figure2_reassignment,S1C_W0.80_r13:original,128,0.8,6160150824468491629,3559034236000207361,e940cac7afad135f65e236cfc77ae147180e558ab8accbb1b5ef32ac322c317b
figure2_reassignment,S1C_W0.80_r13:reassigned,128,0.8,6160150824468491629,3559034236000207361,27280d775708290f60eaf528c1382dcf7d07ada4887dbeabd0b560d7cb6b9d2e
figure2_reassignment,S1C_W0.80_r14:original,128,0.8,10714398994419119567,2123816966686241028,942c58a2986a68f734e2d4730d0375a4dfe12df3496566ecc073fd0fd41cc0a6
figure2_reassignment,S1C_W0.80_r14:reassigned,128,0.8,10714398994419119567,2123816966686241028,29f1a223a9831d5c7dc69e70d6cedc348eae8bd5d4da28b247eb685c117567df
figure2_reassignment,S1C_W0.80_r15:original,128,0.8,3525784381421185546,9728774493767030428,0280a515025bcc95c41ef7aaa5ae0dd1270c0cd0551b0dd2b0c3245c1135f9ec
figure2_reassignment,S1C_W0.80_r15:reassigned,128,0.8,3525784381421185546,9728774493767030428,e6914ea9aed2ef34abf5d1ba1428c5c8d2b9e11107ee5fa9e293ff8db43798cc
figure2_reassignment,S1C_W0.81_r00:original,128,0.81,7655837767034734158,934042189007205845,04d17a8bdaa42b5ab786e94b4a7a1ca63d0102a685ceac53952fe8769c9066be
figure2_reassignment,S1C_W0.81_r00:reassigned,128,0.81,7655837767034734158,934042189007205845,90b003262d6ffbf0ca28efff5402b609f722c75899901ca75301690e33e64bca
figure2_reassignment,S1C_W0.81_r01:original,128,0.81,7138177107724583812,18115717769615187850,4bcbbc2ff658c9485283bbbcd1fd00120b13c5fb07fa08812029ef846fd99621
figure2_reassignment,S1C_W0.81_r01:reassigned,128,0.81,7138177107724583812,18115717769615187850,d63b1ef4c6685a523247f5c3caf03bf4531817cd1dd76e3860b1dcf382d45b3c
figure2_reassignment,S1C_W0.81_r02:original,128,0.81,7301254539265411036,1717762875529522896,de1cc6f702c1294287f51882fafb282311ecce9be66ce86769a743006dacf365
figure2_reassignment,S1C_W0.81_r02:reassigned,128,0.81,7301254539265411036,1717762875529522896,51cfe2ad6a87f2aebd3c14ebb7d8d8ab40569b9ab47d9bd424655a2c559700c0
figure2_reassignment,S1C_W0.81_r03:original,128,0.81,10833399783473843663,9514140423465135883,e8ffe1cae5cf5103a84c9bf022a0c7ab824c1235c2cb6b542808a77872cbdceb
figure2_reassignment,S1C_W0.81_r03:reassigned,128,0.81,10833399783473843663,9514140423465135883,3cff2d338c76bdc6184f3057b54c8bbccc6bb270eb01c1eade2b325be763aa37
figure2_reassignment,S1C_W0.81_r04:original,128,0.81,17089777873478898221,16951094302730524563,3a2e21b182f92e40d46ced8f61f1060129252019d9a7a08d301fdb01b943a2d0
figure2_reassignment,S1C_W0.81_r04:reassigned,128,0.81,17089777873478898221,16951094302730524563,bca54406c9e76cf95daa1a857372cdea790412d3255eda6bdd4c722c0d7be162
figure2_reassignment,S1C_W0.81_r05:original,128,0.81,10737365616079812786,17714141268111472187,d4e32e1e06ea1e2e070b52ed781a3560010fb4ea3546a152b8e0ff8812f0e6f7
figure2_reassignment,S1C_W0.81_r05:reassigned,128,0.81,10737365616079812786,17714141268111472187,97ebfa306c69d35e36d8f020eb5d4576233d8bd67a6c05818141bb035dc6bd51
figure2_reassignment,S1C_W0.81_r06:original,128,0.81,18392522625926627476,17181666016768037737,855e51a2f4308151d41d8c0ecf454ceb8636224724c373869ab239bc83074106
figure2_reassignment,S1C_W0.81_r06:reassigned,128,0.81,18392522625926627476,17181666016768037737,a1c8de60f0cf135a9fcf9049dad5c0803ecb287f9ebe236e5dc853891b336b8d
figure2_reassignment,S1C_W0.81_r07:original,128,0.81,10075112737880425626,882632597237696698,0b732a69cd77e165c2a2937193fa572618581d4625bef42d2149d676ffba2bd2
figure2_reassignment,S1C_W0.81_r07:reassigned,128,0.81,10075112737880425626,882632597237696698,6ebf4f5cc97b1e4711df45251484a09be8f88f8662f37f3e4d9a676e0650b513
figure2_reassignment,S1C_W0.81_r08:original,128,0.81,4045559426312456630,9351229326151978282,7186734c1255812988126c0a93879f3b5396f0a0c77387268887f2595a6ea141
figure2_reassignment,S1C_W0.81_r08:reassigned,128,0.81,4045559426312456630,9351229326151978282,871f655092be0a972f807c52623581c9681577e4092e2aedc2ebc7e47fa6469e
figure2_reassignment,S1C_W0.81_r09:original,128,0.81,11877919894818629711,2014691400867905938,ae68a56ad596f403f18d7708229b64ab2b860cdb82fd4f800356d92b2700e6ce
figure2_reassignment,S1C_W0.81_r09:reassigned,128,0.81,11877919894818629711,2014691400867905938,a5fadcfcff8fdd3f545abab651360be37dd926e4409cede588a177c22d61c97d
figure2_reassignment,S1C_W0.81_r10:original,128,0.81,12590900716292596139,2117280375500507789,76f0c452a740687d5a751e6cd611a1194a0599d5320852f13f510b9872926139
figure2_reassignment,S1C_W0.81_r10:reassigned,128,0.81,12590900716292596139,2117280375500507789,f2cf60e98a3bb547998075c478da81c104abadfecfa0410ec6de8622c32744e9
figure2_reassignment,S1C_W0.81_r11:original,128,0.81,1962789095212423922,8331814245213072405,a15dc61e072870ed53c08c107765c1ab2816acf72ec4e9f39b44745b7e3360c7
figure2_reassignment,S1C_W0.81_r11:reassigned,128,0.81,1962789095212423922,8331814245213072405,5bd1abffcc2c8c8535d03e022289fcc1387aa1ac3889bd1d72e99e3da359cfca
figure2_reassignment,S1C_W0.81_r12:original,128,0.81,14510932720716503721,3241278375788733931,ec92a192a2c485c9bf62ea7b0128190a4a00d0f2601215a36a66505fcd204d5e
figure2_reassignment,S1C_W0.81_r12:reassigned,128,0.81,14510932720716503721,3241278375788733931,2e71e8835431e38c3237cdf839414b51d3e3508d2a6e2162c7013dbbe3825dba
figure2_reassignment,S1C_W0.81_r13:original,128,0.81,6160150824468491629,3559034236000207361,26b62ec884ad7ced32fb1cc3efcd18892d9fe73db512cd43d4bc262e78353808
figure2_reassignment,S1C_W0.81_r13:reassigned,128,0.81,6160150824468491629,3559034236000207361,fca87ed7981934b27833811c1899612f0f666226b89b6b151cd1f9d27a502575
figure2_reassignment,S1C_W0.81_r14:original,128,0.81,10714398994419119567,2123816966686241028,67568e847e40756b7c9c1a986057e308d30f1a039bc73f88b783fe78e083477f
figure2_reassignment,S1C_W0.81_r14:reassigned,128,0.81,10714398994419119567,2123816966686241028,2c495d727c17cc233cb9659439e9ba386c5d5e478d426b5d9ea25b5ba6fcd890
figure2_reassignment,S1C_W0.81_r15:original,128,0.81,3525784381421185546,9728774493767030428,909c4923d91ec60233627f492571756523ed432b35015264956202a9e57c1526
figure2_reassignment,S1C_W0.81_r15:reassigned,128,0.81,3525784381421185546,9728774493767030428,4ee85af0083cec8170b46ad4db47e4492bb52668d27580534ad43b69a9274575
figure3_direction,pair_q7_sigma24_L128_W0.8050_r001:ORIGINAL,128,0.805,7655837767034734158,934042189007205845,True
figure3_direction,pair_q7_sigma24_L128_W0.8050_r001:REVERSED,128,0.805,7655837767034734158,934042189007205845,True
figure3_direction,pair_q7_sigma24_L128_W0.8050_r001:ROTATED_90,128,0.805,7655837767034734158,934042189007205845,True
figure3_direction,pair_q7_sigma24_L128_W0.8050_r002:ORIGINAL,128,0.805,7138177107724583812,18115717769615187850,True
figure3_direction,pair_q7_sigma24_L128_W0.8050_r002:REVERSED,128,0.805,7138177107724583812,18115717769615187850,True
figure3_direction,pair_q7_sigma24_L128_W0.8050_r002:ROTATED_90,128,0.805,7138177107724583812,18115717769615187850,True
figure3_direction,pair_q7_sigma24_L128_W0.8050_r003:ORIGINAL,128,0.805,7301254539265411036,1717762875529522896,True
figure3_direction,pair_q7_sigma24_L128_W0.8050_r003:REVERSED,128,0.805,7301254539265411036,1717762875529522896,True
figure3_direction,pair_q7_sigma24_L128_W0.8050_r003:ROTATED_90,128,0.805,7301254539265411036,1717762875529522896,True
figure3_direction,pair_q7_sigma24_L128_W0.8050_r004:ORIGINAL,128,0.805,10833399783473843663,9514140423465135883,True
figure3_direction,pair_q7_sigma24_L128_W0.8050_r004:REVERSED,128,0.805,10833399783473843663,9514140423465135883,True
figure3_direction,pair_q7_sigma24_L128_W0.8050_r004:ROTATED_90,128,0.805,10833399783473843663,9514140423465135883,True
figure3_direction,pair_q7_sigma24_L128_W0.8050_r005:ORIGINAL,128,0.805,17089777873478898221,16951094302730524563,True
figure3_direction,pair_q7_sigma24_L128_W0.8050_r005:REVERSED,128,0.805,17089777873478898221,16951094302730524563,True
figure3_direction,pair_q7_sigma24_L128_W0.8050_r005:ROTATED_90,128,0.805,17089777873478898221,16951094302730524563,True
figure3_direction,pair_q7_sigma24_L128_W0.8050_r006:ORIGINAL,128,0.805,10737365616079812786,17714141268111472187,True
figure3_direction,pair_q7_sigma24_L128_W0.8050_r006:REVERSED,128,0.805,10737365616079812786,17714141268111472187,True
figure3_direction,pair_q7_sigma24_L128_W0.8050_r006:ROTATED_90,128,0.805,10737365616079812786,17714141268111472187,True
figure3_direction,pair_q7_sigma24_L128_W0.8050_r007:ORIGINAL,128,0.805,18392522625926627476,17181666016768037737,True
figure3_direction,pair_q7_sigma24_L128_W0.8050_r007:REVERSED,128,0.805,18392522625926627476,17181666016768037737,True
figure3_direction,pair_q7_sigma24_L128_W0.8050_r007:ROTATED_90,128,0.805,18392522625926627476,17181666016768037737,True
figure3_direction,pair_q7_sigma24_L128_W0.8050_r008:ORIGINAL,128,0.805,10075112737880425626,882632597237696698,True
figure3_direction,pair_q7_sigma24_L128_W0.8050_r008:REVERSED,128,0.805,10075112737880425626,882632597237696698,True
figure3_direction,pair_q7_sigma24_L128_W0.8050_r008:ROTATED_90,128,0.805,10075112737880425626,882632597237696698,True
figure3_direction,pair_q7_sigma24_L128_W0.8050_r009:ORIGINAL,128,0.805,4045559426312456630,9351229326151978282,True
figure3_direction,pair_q7_sigma24_L128_W0.8050_r009:REVERSED,128,0.805,4045559426312456630,9351229326151978282,True
figure3_direction,pair_q7_sigma24_L128_W0.8050_r009:ROTATED_90,128,0.805,4045559426312456630,9351229326151978282,True
figure3_direction,pair_q7_sigma24_L128_W0.8050_r010:ORIGINAL,128,0.805,11877919894818629711,2014691400867905938,True
figure3_direction,pair_q7_sigma24_L128_W0.8050_r010:REVERSED,128,0.805,11877919894818629711,2014691400867905938,True
figure3_direction,pair_q7_sigma24_L128_W0.8050_r010:ROTATED_90,128,0.805,11877919894818629711,2014691400867905938,True
figure3_direction,pair_q7_sigma24_L128_W0.8050_r011:ORIGINAL,128,0.805,12590900716292596139,2117280375500507789,True
figure3_direction,pair_q7_sigma24_L128_W0.8050_r011:REVERSED,128,0.805,12590900716292596139,2117280375500507789,True
figure3_direction,pair_q7_sigma24_L128_W0.8050_r011:ROTATED_90,128,0.805,12590900716292596139,2117280375500507789,True
figure3_direction,pair_q7_sigma24_L128_W0.8050_r012:ORIGINAL,128,0.805,1962789095212423922,8331814245213072405,True
figure3_direction,pair_q7_sigma24_L128_W0.8050_r012:REVERSED,128,0.805,1962789095212423922,8331814245213072405,True
figure3_direction,pair_q7_sigma24_L128_W0.8050_r012:ROTATED_90,128,0.805,1962789095212423922,8331814245213072405,True
figure3_direction,pair_q7_sigma24_L128_W0.8050_r013:ORIGINAL,128,0.805,14510932720716503721,3241278375788733931,True
figure3_direction,pair_q7_sigma24_L128_W0.8050_r013:REVERSED,128,0.805,14510932720716503721,3241278375788733931,True
figure3_direction,pair_q7_sigma24_L128_W0.8050_r013:ROTATED_90,128,0.805,14510932720716503721,3241278375788733931,True
figure3_direction,pair_q7_sigma24_L128_W0.8050_r014:ORIGINAL,128,0.805,6160150824468491629,3559034236000207361,True
figure3_direction,pair_q7_sigma24_L128_W0.8050_r014:REVERSED,128,0.805,6160150824468491629,3559034236000207361,True
figure3_direction,pair_q7_sigma24_L128_W0.8050_r014:ROTATED_90,128,0.805,6160150824468491629,3559034236000207361,True
figure3_direction,pair_q7_sigma24_L128_W0.8050_r015:ORIGINAL,128,0.805,10714398994419119567,2123816966686241028,True
figure3_direction,pair_q7_sigma24_L128_W0.8050_r015:REVERSED,128,0.805,10714398994419119567,2123816966686241028,True
figure3_direction,pair_q7_sigma24_L128_W0.8050_r015:ROTATED_90,128,0.805,10714398994419119567,2123816966686241028,True
figure3_direction,pair_q7_sigma24_L128_W0.8050_r016:ORIGINAL,128,0.805,3525784381421185546,9728774493767030428,True
figure3_direction,pair_q7_sigma24_L128_W0.8050_r016:REVERSED,128,0.805,3525784381421185546,9728774493767030428,True
figure3_direction,pair_q7_sigma24_L128_W0.8050_r016:ROTATED_90,128,0.805,3525784381421185546,9728774493767030428,True
figure3_direction,pair_q7_sigma24_L128_W0.8050_r017:ORIGINAL,128,0.805,4593127672809587576,8413295898909659687,True
figure3_direction,pair_q7_sigma24_L128_W0.8050_r017:REVERSED,128,0.805,4593127672809587576,8413295898909659687,True
figure3_direction,pair_q7_sigma24_L128_W0.8050_r017:ROTATED_90,128,0.805,4593127672809587576,8413295898909659687,True
figure3_direction,pair_q7_sigma24_L128_W0.8050_r018:ORIGINAL,128,0.805,6429217990907285520,6222212454039518241,True
figure3_direction,pair_q7_sigma24_L128_W0.8050_r018:REVERSED,128,0.805,6429217990907285520,6222212454039518241,True
figure3_direction,pair_q7_sigma24_L128_W0.8050_r018:ROTATED_90,128,0.805,6429217990907285520,6222212454039518241,True
figure3_direction,pair_q7_sigma24_L128_W0.8050_r019:ORIGINAL,128,0.805,16334574573290883234,6665082092450601631,True
figure3_direction,pair_q7_sigma24_L128_W0.8050_r019:REVERSED,128,0.805,16334574573290883234,6665082092450601631,True
figure3_direction,pair_q7_sigma24_L128_W0.8050_r019:ROTATED_90,128,0.805,16334574573290883234,6665082092450601631,True
figure3_direction,pair_q7_sigma24_L128_W0.8050_r020:ORIGINAL,128,0.805,4688524306576409668,4347135371660193113,True
figure3_direction,pair_q7_sigma24_L128_W0.8050_r020:REVERSED,128,0.805,4688524306576409668,4347135371660193113,True
figure3_direction,pair_q7_sigma24_L128_W0.8050_r020:ROTATED_90,128,0.805,4688524306576409668,4347135371660193113,True
figure3_direction,pair_q7_sigma24_L128_W0.8050_r021:ORIGINAL,128,0.805,5298617954072494676,12679546620346881797,True
figure3_direction,pair_q7_sigma24_L128_W0.8050_r021:REVERSED,128,0.805,5298617954072494676,12679546620346881797,True
figure3_direction,pair_q7_sigma24_L128_W0.8050_r021:ROTATED_90,128,0.805,5298617954072494676,12679546620346881797,True
figure3_direction,pair_q7_sigma24_L128_W0.8050_r022:ORIGINAL,128,0.805,11284598016601390760,11048363596849849106,True
figure3_direction,pair_q7_sigma24_L128_W0.8050_r022:REVERSED,128,0.805,11284598016601390760,11048363596849849106,True
figure3_direction,pair_q7_sigma24_L128_W0.8050_r022:ROTATED_90,128,0.805,11284598016601390760,11048363596849849106,True
figure3_direction,pair_q7_sigma24_L128_W0.8050_r023:ORIGINAL,128,0.805,12923416282862128457,9352390377317204358,True
figure3_direction,pair_q7_sigma24_L128_W0.8050_r023:REVERSED,128,0.805,12923416282862128457,9352390377317204358,True
figure3_direction,pair_q7_sigma24_L128_W0.8050_r023:ROTATED_90,128,0.805,12923416282862128457,9352390377317204358,True
figure3_direction,pair_q7_sigma24_L128_W0.8050_r024:ORIGINAL,128,0.805,5797620660727937147,2547394744985847370,True
figure3_direction,pair_q7_sigma24_L128_W0.8050_r024:REVERSED,128,0.805,5797620660727937147,2547394744985847370,True
figure3_direction,pair_q7_sigma24_L128_W0.8050_r024:ROTATED_90,128,0.805,5797620660727937147,2547394744985847370,True
figure3_direction,pair_q7_sigma24_L256_W0.8050_r001:ORIGINAL,256,0.805,407302382256070282,15138323546896750450,True
figure3_direction,pair_q7_sigma24_L256_W0.8050_r001:REVERSED,256,0.805,407302382256070282,15138323546896750450,True
figure3_direction,pair_q7_sigma24_L256_W0.8050_r001:ROTATED_90,256,0.805,407302382256070282,15138323546896750450,True
figure3_direction,pair_q7_sigma24_L256_W0.8050_r002:ORIGINAL,256,0.805,10898541309838070974,6987869517004659130,True
figure3_direction,pair_q7_sigma24_L256_W0.8050_r002:REVERSED,256,0.805,10898541309838070974,6987869517004659130,True
figure3_direction,pair_q7_sigma24_L256_W0.8050_r002:ROTATED_90,256,0.805,10898541309838070974,6987869517004659130,True
figure3_direction,pair_q7_sigma24_L256_W0.8050_r003:ORIGINAL,256,0.805,1630746095019188899,11590521327748944231,True
figure3_direction,pair_q7_sigma24_L256_W0.8050_r003:REVERSED,256,0.805,1630746095019188899,11590521327748944231,True
figure3_direction,pair_q7_sigma24_L256_W0.8050_r003:ROTATED_90,256,0.805,1630746095019188899,11590521327748944231,True
figure3_direction,pair_q7_sigma24_L256_W0.8050_r004:ORIGINAL,256,0.805,8151141439397300814,16272614022676428198,True
figure3_direction,pair_q7_sigma24_L256_W0.8050_r004:REVERSED,256,0.805,8151141439397300814,16272614022676428198,True
figure3_direction,pair_q7_sigma24_L256_W0.8050_r004:ROTATED_90,256,0.805,8151141439397300814,16272614022676428198,True
figure3_direction,pair_q7_sigma24_L256_W0.8050_r005:ORIGINAL,256,0.805,1355782271009203375,1456198691152206362,True
figure3_direction,pair_q7_sigma24_L256_W0.8050_r005:REVERSED,256,0.805,1355782271009203375,1456198691152206362,True
figure3_direction,pair_q7_sigma24_L256_W0.8050_r005:ROTATED_90,256,0.805,1355782271009203375,1456198691152206362,True
figure3_direction,pair_q7_sigma24_L256_W0.8050_r006:ORIGINAL,256,0.805,7051222358130670194,3171066387391728087,True
figure3_direction,pair_q7_sigma24_L256_W0.8050_r006:REVERSED,256,0.805,7051222358130670194,3171066387391728087,True
figure3_direction,pair_q7_sigma24_L256_W0.8050_r006:ROTATED_90,256,0.805,7051222358130670194,3171066387391728087,True
figure3_direction,pair_q7_sigma24_L256_W0.8050_r007:ORIGINAL,256,0.805,2759055210233142366,13177858783278893433,True
figure3_direction,pair_q7_sigma24_L256_W0.8050_r007:REVERSED,256,0.805,2759055210233142366,13177858783278893433,True
figure3_direction,pair_q7_sigma24_L256_W0.8050_r007:ROTATED_90,256,0.805,2759055210233142366,13177858783278893433,True
figure3_direction,pair_q7_sigma24_L256_W0.8050_r008:ORIGINAL,256,0.805,12189443633789346967,10447406747342441857,True
figure3_direction,pair_q7_sigma24_L256_W0.8050_r008:REVERSED,256,0.805,12189443633789346967,10447406747342441857,True
figure3_direction,pair_q7_sigma24_L256_W0.8050_r008:ROTATED_90,256,0.805,12189443633789346967,10447406747342441857,True
figure3_direction,pair_q7_sigma24_L256_W0.8050_r009:ORIGINAL,256,0.805,8799919093756005008,8297520681837593978,True
figure3_direction,pair_q7_sigma24_L256_W0.8050_r009:REVERSED,256,0.805,8799919093756005008,8297520681837593978,True
figure3_direction,pair_q7_sigma24_L256_W0.8050_r009:ROTATED_90,256,0.805,8799919093756005008,8297520681837593978,True
figure3_direction,pair_q7_sigma24_L256_W0.8050_r010:ORIGINAL,256,0.805,1720380824211307671,8644258392917872201,True
figure3_direction,pair_q7_sigma24_L256_W0.8050_r010:REVERSED,256,0.805,1720380824211307671,8644258392917872201,True
figure3_direction,pair_q7_sigma24_L256_W0.8050_r010:ROTATED_90,256,0.805,1720380824211307671,8644258392917872201,True
figure3_direction,pair_q7_sigma24_L256_W0.8050_r011:ORIGINAL,256,0.805,15753625242152967154,17482056986330994353,True
figure3_direction,pair_q7_sigma24_L256_W0.8050_r011:REVERSED,256,0.805,15753625242152967154,17482056986330994353,True
figure3_direction,pair_q7_sigma24_L256_W0.8050_r011:ROTATED_90,256,0.805,15753625242152967154,17482056986330994353,True
figure3_direction,pair_q7_sigma24_L256_W0.8050_r012:ORIGINAL,256,0.805,7154229844577928932,8417812990408950314,True
figure3_direction,pair_q7_sigma24_L256_W0.8050_r012:REVERSED,256,0.805,7154229844577928932,8417812990408950314,True
figure3_direction,pair_q7_sigma24_L256_W0.8050_r012:ROTATED_90,256,0.805,7154229844577928932,8417812990408950314,True
figure3_direction,pair_q7_sigma24_L256_W0.8050_r013:ORIGINAL,256,0.805,8421990013243659630,15432230510231004215,True
figure3_direction,pair_q7_sigma24_L256_W0.8050_r013:REVERSED,256,0.805,8421990013243659630,15432230510231004215,True
figure3_direction,pair_q7_sigma24_L256_W0.8050_r013:ROTATED_90,256,0.805,8421990013243659630,15432230510231004215,True
figure3_direction,pair_q7_sigma24_L256_W0.8050_r014:ORIGINAL,256,0.805,9667094337169612296,11312113278852254394,True
figure3_direction,pair_q7_sigma24_L256_W0.8050_r014:REVERSED,256,0.805,9667094337169612296,11312113278852254394,True
figure3_direction,pair_q7_sigma24_L256_W0.8050_r014:ROTATED_90,256,0.805,9667094337169612296,11312113278852254394,True
figure3_direction,pair_q7_sigma24_L256_W0.8050_r015:ORIGINAL,256,0.805,3619054342645366318,14168847510442437302,True
figure3_direction,pair_q7_sigma24_L256_W0.8050_r015:REVERSED,256,0.805,3619054342645366318,14168847510442437302,True
figure3_direction,pair_q7_sigma24_L256_W0.8050_r015:ROTATED_90,256,0.805,3619054342645366318,14168847510442437302,True
figure3_direction,pair_q7_sigma24_L256_W0.8050_r016:ORIGINAL,256,0.805,234441854828156142,8165746495116629843,True
figure3_direction,pair_q7_sigma24_L256_W0.8050_r016:REVERSED,256,0.805,234441854828156142,8165746495116629843,True
figure3_direction,pair_q7_sigma24_L256_W0.8050_r016:ROTATED_90,256,0.805,234441854828156142,8165746495116629843,True
figure3_direction,pair_q7_sigma24_L256_W0.8050_r017:ORIGINAL,256,0.805,6759605086156970725,17957446061751615939,True
figure3_direction,pair_q7_sigma24_L256_W0.8050_r017:REVERSED,256,0.805,6759605086156970725,17957446061751615939,True
figure3_direction,pair_q7_sigma24_L256_W0.8050_r017:ROTATED_90,256,0.805,6759605086156970725,17957446061751615939,True
figure3_direction,pair_q7_sigma24_L256_W0.8050_r018:ORIGINAL,256,0.805,4359656381861733780,16385461255088207671,True
figure3_direction,pair_q7_sigma24_L256_W0.8050_r018:REVERSED,256,0.805,4359656381861733780,16385461255088207671,True
figure3_direction,pair_q7_sigma24_L256_W0.8050_r018:ROTATED_90,256,0.805,4359656381861733780,16385461255088207671,True
figure3_direction,pair_q7_sigma24_L256_W0.8050_r019:ORIGINAL,256,0.805,14788865000006053544,8966510155791980751,True
figure3_direction,pair_q7_sigma24_L256_W0.8050_r019:REVERSED,256,0.805,14788865000006053544,8966510155791980751,True
figure3_direction,pair_q7_sigma24_L256_W0.8050_r019:ROTATED_90,256,0.805,14788865000006053544,8966510155791980751,True
figure3_direction,pair_q7_sigma24_L256_W0.8050_r020:ORIGINAL,256,0.805,18188446321460722954,7331501807296818799,True
figure3_direction,pair_q7_sigma24_L256_W0.8050_r020:REVERSED,256,0.805,18188446321460722954,7331501807296818799,True
figure3_direction,pair_q7_sigma24_L256_W0.8050_r020:ROTATED_90,256,0.805,18188446321460722954,7331501807296818799,True
figure3_direction,pair_q7_sigma24_L256_W0.8050_r021:ORIGINAL,256,0.805,15757679774288830671,14930107466342174396,True
figure3_direction,pair_q7_sigma24_L256_W0.8050_r021:REVERSED,256,0.805,15757679774288830671,14930107466342174396,True
figure3_direction,pair_q7_sigma24_L256_W0.8050_r021:ROTATED_90,256,0.805,15757679774288830671,14930107466342174396,True
figure3_direction,pair_q7_sigma24_L256_W0.8050_r022:ORIGINAL,256,0.805,14303918204290909393,1817470840400350974,True
figure3_direction,pair_q7_sigma24_L256_W0.8050_r022:REVERSED,256,0.805,14303918204290909393,1817470840400350974,True
figure3_direction,pair_q7_sigma24_L256_W0.8050_r022:ROTATED_90,256,0.805,14303918204290909393,1817470840400350974,True
figure3_direction,pair_q7_sigma24_L256_W0.8050_r023:ORIGINAL,256,0.805,14404974388016076190,2141650377576805648,True
figure3_direction,pair_q7_sigma24_L256_W0.8050_r023:REVERSED,256,0.805,14404974388016076190,2141650377576805648,True
figure3_direction,pair_q7_sigma24_L256_W0.8050_r023:ROTATED_90,256,0.805,14404974388016076190,2141650377576805648,True
figure3_direction,pair_q7_sigma24_L256_W0.8050_r024:ORIGINAL,256,0.805,124847815784041794,12785155006204033598,True
figure3_direction,pair_q7_sigma24_L256_W0.8050_r024:REVERSED,256,0.805,124847815784041794,12785155006204033598,True
figure3_direction,pair_q7_sigma24_L256_W0.8050_r024:ROTATED_90,256,0.805,124847815784041794,12785155006204033598,True
figure3_direction,pair_q7_sigma24_L512_W0.8050_r001:ORIGINAL,512,0.805,1322820816163914144,16580808588712520511,True
figure3_direction,pair_q7_sigma24_L512_W0.8050_r001:REVERSED,512,0.805,1322820816163914144,16580808588712520511,True
figure3_direction,pair_q7_sigma24_L512_W0.8050_r001:ROTATED_90,512,0.805,1322820816163914144,16580808588712520511,True
figure3_direction,pair_q7_sigma24_L512_W0.8050_r002:ORIGINAL,512,0.805,17639529821701268200,1141486334759451501,True
figure3_direction,pair_q7_sigma24_L512_W0.8050_r002:REVERSED,512,0.805,17639529821701268200,1141486334759451501,True
figure3_direction,pair_q7_sigma24_L512_W0.8050_r002:ROTATED_90,512,0.805,17639529821701268200,1141486334759451501,True
figure3_direction,pair_q7_sigma24_L512_W0.8050_r003:ORIGINAL,512,0.805,7497552714998189089,4613370779836777886,True
figure3_direction,pair_q7_sigma24_L512_W0.8050_r003:REVERSED,512,0.805,7497552714998189089,4613370779836777886,True
figure3_direction,pair_q7_sigma24_L512_W0.8050_r003:ROTATED_90,512,0.805,7497552714998189089,4613370779836777886,True
figure3_direction,pair_q7_sigma24_L512_W0.8050_r004:ORIGINAL,512,0.805,15570414112699332637,3775005447158478720,True
figure3_direction,pair_q7_sigma24_L512_W0.8050_r004:REVERSED,512,0.805,15570414112699332637,3775005447158478720,True
figure3_direction,pair_q7_sigma24_L512_W0.8050_r004:ROTATED_90,512,0.805,15570414112699332637,3775005447158478720,True
figure3_direction,pair_q7_sigma24_L512_W0.8050_r005:ORIGINAL,512,0.805,9109953381597219306,6966235153510007566,True
figure3_direction,pair_q7_sigma24_L512_W0.8050_r005:REVERSED,512,0.805,9109953381597219306,6966235153510007566,True
figure3_direction,pair_q7_sigma24_L512_W0.8050_r005:ROTATED_90,512,0.805,9109953381597219306,6966235153510007566,True
figure3_direction,pair_q7_sigma24_L512_W0.8050_r006:ORIGINAL,512,0.805,2894270350680804313,18225150949109822512,True
figure3_direction,pair_q7_sigma24_L512_W0.8050_r006:REVERSED,512,0.805,2894270350680804313,18225150949109822512,True
figure3_direction,pair_q7_sigma24_L512_W0.8050_r006:ROTATED_90,512,0.805,2894270350680804313,18225150949109822512,True
figure3_direction,pair_q7_sigma24_L512_W0.8050_r007:ORIGINAL,512,0.805,285335549037634403,3912817362221209679,True
figure3_direction,pair_q7_sigma24_L512_W0.8050_r007:REVERSED,512,0.805,285335549037634403,3912817362221209679,True
figure3_direction,pair_q7_sigma24_L512_W0.8050_r007:ROTATED_90,512,0.805,285335549037634403,3912817362221209679,True
figure3_direction,pair_q7_sigma24_L512_W0.8050_r008:ORIGINAL,512,0.805,15683251653271522887,4337363538350465874,True
figure3_direction,pair_q7_sigma24_L512_W0.8050_r008:REVERSED,512,0.805,15683251653271522887,4337363538350465874,True
figure3_direction,pair_q7_sigma24_L512_W0.8050_r008:ROTATED_90,512,0.805,15683251653271522887,4337363538350465874,True
figure3_direction,pair_q7_sigma24_L512_W0.8050_r009:ORIGINAL,512,0.805,17352483008503033247,6052090689164164293,True
figure3_direction,pair_q7_sigma24_L512_W0.8050_r009:REVERSED,512,0.805,17352483008503033247,6052090689164164293,True
figure3_direction,pair_q7_sigma24_L512_W0.8050_r009:ROTATED_90,512,0.805,17352483008503033247,6052090689164164293,True
figure3_direction,pair_q7_sigma24_L512_W0.8050_r010:ORIGINAL,512,0.805,1996468286132413331,16886071266064971954,True
figure3_direction,pair_q7_sigma24_L512_W0.8050_r010:REVERSED,512,0.805,1996468286132413331,16886071266064971954,True
figure3_direction,pair_q7_sigma24_L512_W0.8050_r010:ROTATED_90,512,0.805,1996468286132413331,16886071266064971954,True
figure3_direction,pair_q7_sigma24_L512_W0.8050_r011:ORIGINAL,512,0.805,18359107652727007172,2520514225996590870,True
figure3_direction,pair_q7_sigma24_L512_W0.8050_r011:REVERSED,512,0.805,18359107652727007172,2520514225996590870,True
figure3_direction,pair_q7_sigma24_L512_W0.8050_r011:ROTATED_90,512,0.805,18359107652727007172,2520514225996590870,True
figure3_direction,pair_q7_sigma24_L512_W0.8050_r012:ORIGINAL,512,0.805,10122198590415236760,17556566936833041797,True
figure3_direction,pair_q7_sigma24_L512_W0.8050_r012:REVERSED,512,0.805,10122198590415236760,17556566936833041797,True
figure3_direction,pair_q7_sigma24_L512_W0.8050_r012:ROTATED_90,512,0.805,10122198590415236760,17556566936833041797,True
figure3_direction,pair_q7_sigma24_L512_W0.8050_r013:ORIGINAL,512,0.805,807081537243443959,13391485820234800750,True
figure3_direction,pair_q7_sigma24_L512_W0.8050_r013:REVERSED,512,0.805,807081537243443959,13391485820234800750,True
figure3_direction,pair_q7_sigma24_L512_W0.8050_r013:ROTATED_90,512,0.805,807081537243443959,13391485820234800750,True
figure3_direction,pair_q7_sigma24_L512_W0.8050_r014:ORIGINAL,512,0.805,6686715006534706813,11010894854959098437,True
figure3_direction,pair_q7_sigma24_L512_W0.8050_r014:REVERSED,512,0.805,6686715006534706813,11010894854959098437,True
figure3_direction,pair_q7_sigma24_L512_W0.8050_r014:ROTATED_90,512,0.805,6686715006534706813,11010894854959098437,True
figure3_direction,pair_q7_sigma24_L512_W0.8050_r015:ORIGINAL,512,0.805,13638790916217796218,12977153538605431908,True
figure3_direction,pair_q7_sigma24_L512_W0.8050_r015:REVERSED,512,0.805,13638790916217796218,12977153538605431908,True
figure3_direction,pair_q7_sigma24_L512_W0.8050_r015:ROTATED_90,512,0.805,13638790916217796218,12977153538605431908,True
figure3_direction,pair_q7_sigma24_L512_W0.8050_r016:ORIGINAL,512,0.805,716413670035739932,1358091466459676244,True
figure3_direction,pair_q7_sigma24_L512_W0.8050_r016:REVERSED,512,0.805,716413670035739932,1358091466459676244,True
figure3_direction,pair_q7_sigma24_L512_W0.8050_r016:ROTATED_90,512,0.805,716413670035739932,1358091466459676244,True
figure3_direction,pair_q7_sigma24_L128_W0.8150_r001:ORIGINAL,128,0.815,7655837767034734158,934042189007205845,True
figure3_direction,pair_q7_sigma24_L128_W0.8150_r001:REVERSED,128,0.815,7655837767034734158,934042189007205845,True
figure3_direction,pair_q7_sigma24_L128_W0.8150_r001:ROTATED_90,128,0.815,7655837767034734158,934042189007205845,True
figure3_direction,pair_q7_sigma24_L128_W0.8150_r002:ORIGINAL,128,0.815,7138177107724583812,18115717769615187850,True
figure3_direction,pair_q7_sigma24_L128_W0.8150_r002:REVERSED,128,0.815,7138177107724583812,18115717769615187850,True
figure3_direction,pair_q7_sigma24_L128_W0.8150_r002:ROTATED_90,128,0.815,7138177107724583812,18115717769615187850,True
figure3_direction,pair_q7_sigma24_L128_W0.8150_r003:ORIGINAL,128,0.815,7301254539265411036,1717762875529522896,True
figure3_direction,pair_q7_sigma24_L128_W0.8150_r003:REVERSED,128,0.815,7301254539265411036,1717762875529522896,True
figure3_direction,pair_q7_sigma24_L128_W0.8150_r003:ROTATED_90,128,0.815,7301254539265411036,1717762875529522896,True
figure3_direction,pair_q7_sigma24_L128_W0.8150_r004:ORIGINAL,128,0.815,10833399783473843663,9514140423465135883,True
figure3_direction,pair_q7_sigma24_L128_W0.8150_r004:REVERSED,128,0.815,10833399783473843663,9514140423465135883,True
figure3_direction,pair_q7_sigma24_L128_W0.8150_r004:ROTATED_90,128,0.815,10833399783473843663,9514140423465135883,True
figure3_direction,pair_q7_sigma24_L128_W0.8150_r005:ORIGINAL,128,0.815,17089777873478898221,16951094302730524563,True
figure3_direction,pair_q7_sigma24_L128_W0.8150_r005:REVERSED,128,0.815,17089777873478898221,16951094302730524563,True
figure3_direction,pair_q7_sigma24_L128_W0.8150_r005:ROTATED_90,128,0.815,17089777873478898221,16951094302730524563,True
figure3_direction,pair_q7_sigma24_L128_W0.8150_r006:ORIGINAL,128,0.815,10737365616079812786,17714141268111472187,True
figure3_direction,pair_q7_sigma24_L128_W0.8150_r006:REVERSED,128,0.815,10737365616079812786,17714141268111472187,True
figure3_direction,pair_q7_sigma24_L128_W0.8150_r006:ROTATED_90,128,0.815,10737365616079812786,17714141268111472187,True
figure3_direction,pair_q7_sigma24_L128_W0.8150_r007:ORIGINAL,128,0.815,18392522625926627476,17181666016768037737,True
figure3_direction,pair_q7_sigma24_L128_W0.8150_r007:REVERSED,128,0.815,18392522625926627476,17181666016768037737,True
figure3_direction,pair_q7_sigma24_L128_W0.8150_r007:ROTATED_90,128,0.815,18392522625926627476,17181666016768037737,True
figure3_direction,pair_q7_sigma24_L128_W0.8150_r008:ORIGINAL,128,0.815,10075112737880425626,882632597237696698,True
figure3_direction,pair_q7_sigma24_L128_W0.8150_r008:REVERSED,128,0.815,10075112737880425626,882632597237696698,True
figure3_direction,pair_q7_sigma24_L128_W0.8150_r008:ROTATED_90,128,0.815,10075112737880425626,882632597237696698,True
figure3_direction,pair_q7_sigma24_L128_W0.8150_r009:ORIGINAL,128,0.815,4045559426312456630,9351229326151978282,True
figure3_direction,pair_q7_sigma24_L128_W0.8150_r009:REVERSED,128,0.815,4045559426312456630,9351229326151978282,True
figure3_direction,pair_q7_sigma24_L128_W0.8150_r009:ROTATED_90,128,0.815,4045559426312456630,9351229326151978282,True
figure3_direction,pair_q7_sigma24_L128_W0.8150_r010:ORIGINAL,128,0.815,11877919894818629711,2014691400867905938,True
figure3_direction,pair_q7_sigma24_L128_W0.8150_r010:REVERSED,128,0.815,11877919894818629711,2014691400867905938,True
figure3_direction,pair_q7_sigma24_L128_W0.8150_r010:ROTATED_90,128,0.815,11877919894818629711,2014691400867905938,True
figure3_direction,pair_q7_sigma24_L128_W0.8150_r011:ORIGINAL,128,0.815,12590900716292596139,2117280375500507789,True
figure3_direction,pair_q7_sigma24_L128_W0.8150_r011:REVERSED,128,0.815,12590900716292596139,2117280375500507789,True
figure3_direction,pair_q7_sigma24_L128_W0.8150_r011:ROTATED_90,128,0.815,12590900716292596139,2117280375500507789,True
figure3_direction,pair_q7_sigma24_L128_W0.8150_r012:ORIGINAL,128,0.815,1962789095212423922,8331814245213072405,True
figure3_direction,pair_q7_sigma24_L128_W0.8150_r012:REVERSED,128,0.815,1962789095212423922,8331814245213072405,True
figure3_direction,pair_q7_sigma24_L128_W0.8150_r012:ROTATED_90,128,0.815,1962789095212423922,8331814245213072405,True
figure3_direction,pair_q7_sigma24_L128_W0.8150_r013:ORIGINAL,128,0.815,14510932720716503721,3241278375788733931,True
figure3_direction,pair_q7_sigma24_L128_W0.8150_r013:REVERSED,128,0.815,14510932720716503721,3241278375788733931,True
figure3_direction,pair_q7_sigma24_L128_W0.8150_r013:ROTATED_90,128,0.815,14510932720716503721,3241278375788733931,True
figure3_direction,pair_q7_sigma24_L128_W0.8150_r014:ORIGINAL,128,0.815,6160150824468491629,3559034236000207361,True
figure3_direction,pair_q7_sigma24_L128_W0.8150_r014:REVERSED,128,0.815,6160150824468491629,3559034236000207361,True
figure3_direction,pair_q7_sigma24_L128_W0.8150_r014:ROTATED_90,128,0.815,6160150824468491629,3559034236000207361,True
figure3_direction,pair_q7_sigma24_L128_W0.8150_r015:ORIGINAL,128,0.815,10714398994419119567,2123816966686241028,True
figure3_direction,pair_q7_sigma24_L128_W0.8150_r015:REVERSED,128,0.815,10714398994419119567,2123816966686241028,True
figure3_direction,pair_q7_sigma24_L128_W0.8150_r015:ROTATED_90,128,0.815,10714398994419119567,2123816966686241028,True
figure3_direction,pair_q7_sigma24_L128_W0.8150_r016:ORIGINAL,128,0.815,3525784381421185546,9728774493767030428,True
figure3_direction,pair_q7_sigma24_L128_W0.8150_r016:REVERSED,128,0.815,3525784381421185546,9728774493767030428,True
figure3_direction,pair_q7_sigma24_L128_W0.8150_r016:ROTATED_90,128,0.815,3525784381421185546,9728774493767030428,True
figure3_direction,pair_q7_sigma24_L128_W0.8150_r017:ORIGINAL,128,0.815,4593127672809587576,8413295898909659687,True
figure3_direction,pair_q7_sigma24_L128_W0.8150_r017:REVERSED,128,0.815,4593127672809587576,8413295898909659687,True
figure3_direction,pair_q7_sigma24_L128_W0.8150_r017:ROTATED_90,128,0.815,4593127672809587576,8413295898909659687,True
figure3_direction,pair_q7_sigma24_L128_W0.8150_r018:ORIGINAL,128,0.815,6429217990907285520,6222212454039518241,True
figure3_direction,pair_q7_sigma24_L128_W0.8150_r018:REVERSED,128,0.815,6429217990907285520,6222212454039518241,True
figure3_direction,pair_q7_sigma24_L128_W0.8150_r018:ROTATED_90,128,0.815,6429217990907285520,6222212454039518241,True
figure3_direction,pair_q7_sigma24_L128_W0.8150_r019:ORIGINAL,128,0.815,16334574573290883234,6665082092450601631,True
figure3_direction,pair_q7_sigma24_L128_W0.8150_r019:REVERSED,128,0.815,16334574573290883234,6665082092450601631,True
figure3_direction,pair_q7_sigma24_L128_W0.8150_r019:ROTATED_90,128,0.815,16334574573290883234,6665082092450601631,True
figure3_direction,pair_q7_sigma24_L128_W0.8150_r020:ORIGINAL,128,0.815,4688524306576409668,4347135371660193113,True
figure3_direction,pair_q7_sigma24_L128_W0.8150_r020:REVERSED,128,0.815,4688524306576409668,4347135371660193113,True
figure3_direction,pair_q7_sigma24_L128_W0.8150_r020:ROTATED_90,128,0.815,4688524306576409668,4347135371660193113,True
figure3_direction,pair_q7_sigma24_L128_W0.8150_r021:ORIGINAL,128,0.815,5298617954072494676,12679546620346881797,True
figure3_direction,pair_q7_sigma24_L128_W0.8150_r021:REVERSED,128,0.815,5298617954072494676,12679546620346881797,True
figure3_direction,pair_q7_sigma24_L128_W0.8150_r021:ROTATED_90,128,0.815,5298617954072494676,12679546620346881797,True
figure3_direction,pair_q7_sigma24_L128_W0.8150_r022:ORIGINAL,128,0.815,11284598016601390760,11048363596849849106,True
figure3_direction,pair_q7_sigma24_L128_W0.8150_r022:REVERSED,128,0.815,11284598016601390760,11048363596849849106,True
figure3_direction,pair_q7_sigma24_L128_W0.8150_r022:ROTATED_90,128,0.815,11284598016601390760,11048363596849849106,True
figure3_direction,pair_q7_sigma24_L128_W0.8150_r023:ORIGINAL,128,0.815,12923416282862128457,9352390377317204358,True
figure3_direction,pair_q7_sigma24_L128_W0.8150_r023:REVERSED,128,0.815,12923416282862128457,9352390377317204358,True
figure3_direction,pair_q7_sigma24_L128_W0.8150_r023:ROTATED_90,128,0.815,12923416282862128457,9352390377317204358,True
figure3_direction,pair_q7_sigma24_L128_W0.8150_r024:ORIGINAL,128,0.815,5797620660727937147,2547394744985847370,True
figure3_direction,pair_q7_sigma24_L128_W0.8150_r024:REVERSED,128,0.815,5797620660727937147,2547394744985847370,True
figure3_direction,pair_q7_sigma24_L128_W0.8150_r024:ROTATED_90,128,0.815,5797620660727937147,2547394744985847370,True
figure3_direction,pair_q7_sigma24_L256_W0.8150_r001:ORIGINAL,256,0.815,2882029015437996747,4616069467501988701,True
figure3_direction,pair_q7_sigma24_L256_W0.8150_r001:REVERSED,256,0.815,2882029015437996747,4616069467501988701,True
figure3_direction,pair_q7_sigma24_L256_W0.8150_r001:ROTATED_90,256,0.815,2882029015437996747,4616069467501988701,True
figure3_direction,pair_q7_sigma24_L256_W0.8150_r002:ORIGINAL,256,0.815,4986780076894899113,16770629145775357045,True
figure3_direction,pair_q7_sigma24_L256_W0.8150_r002:REVERSED,256,0.815,4986780076894899113,16770629145775357045,True
figure3_direction,pair_q7_sigma24_L256_W0.8150_r002:ROTATED_90,256,0.815,4986780076894899113,16770629145775357045,True
figure3_direction,pair_q7_sigma24_L256_W0.8150_r003:ORIGINAL,256,0.815,7293115328370790948,12809380472688084077,True
figure3_direction,pair_q7_sigma24_L256_W0.8150_r003:REVERSED,256,0.815,7293115328370790948,12809380472688084077,True
figure3_direction,pair_q7_sigma24_L256_W0.8150_r003:ROTATED_90,256,0.815,7293115328370790948,12809380472688084077,True
figure3_direction,pair_q7_sigma24_L256_W0.8150_r004:ORIGINAL,256,0.815,18001607572694327954,6221883883758509420,True
figure3_direction,pair_q7_sigma24_L256_W0.8150_r004:REVERSED,256,0.815,18001607572694327954,6221883883758509420,True
figure3_direction,pair_q7_sigma24_L256_W0.8150_r004:ROTATED_90,256,0.815,18001607572694327954,6221883883758509420,True
figure3_direction,pair_q7_sigma24_L256_W0.8150_r005:ORIGINAL,256,0.815,8835512795795930156,4877485787784802990,True
figure3_direction,pair_q7_sigma24_L256_W0.8150_r005:REVERSED,256,0.815,8835512795795930156,4877485787784802990,True
figure3_direction,pair_q7_sigma24_L256_W0.8150_r005:ROTATED_90,256,0.815,8835512795795930156,4877485787784802990,True
figure3_direction,pair_q7_sigma24_L256_W0.8150_r006:ORIGINAL,256,0.815,8413388257192734003,6889281424238286374,True
figure3_direction,pair_q7_sigma24_L256_W0.8150_r006:REVERSED,256,0.815,8413388257192734003,6889281424238286374,True
figure3_direction,pair_q7_sigma24_L256_W0.8150_r006:ROTATED_90,256,0.815,8413388257192734003,6889281424238286374,True
figure3_direction,pair_q7_sigma24_L256_W0.8150_r007:ORIGINAL,256,0.815,2963253460533611292,18187175719354657507,True
figure3_direction,pair_q7_sigma24_L256_W0.8150_r007:REVERSED,256,0.815,2963253460533611292,18187175719354657507,True
figure3_direction,pair_q7_sigma24_L256_W0.8150_r007:ROTATED_90,256,0.815,2963253460533611292,18187175719354657507,True
figure3_direction,pair_q7_sigma24_L256_W0.8150_r008:ORIGINAL,256,0.815,15026068473711709991,2723876779658110873,True
figure3_direction,pair_q7_sigma24_L256_W0.8150_r008:REVERSED,256,0.815,15026068473711709991,2723876779658110873,True
figure3_direction,pair_q7_sigma24_L256_W0.8150_r008:ROTATED_90,256,0.815,15026068473711709991,2723876779658110873,True
figure3_direction,pair_q7_sigma24_L256_W0.8150_r009:ORIGINAL,256,0.815,15464020394315651874,12921039213146066491,True
figure3_direction,pair_q7_sigma24_L256_W0.8150_r009:REVERSED,256,0.815,15464020394315651874,12921039213146066491,True
figure3_direction,pair_q7_sigma24_L256_W0.8150_r009:ROTATED_90,256,0.815,15464020394315651874,12921039213146066491,True
figure3_direction,pair_q7_sigma24_L256_W0.8150_r010:ORIGINAL,256,0.815,11116405984141153167,3920165648415730957,True
figure3_direction,pair_q7_sigma24_L256_W0.8150_r010:REVERSED,256,0.815,11116405984141153167,3920165648415730957,True
figure3_direction,pair_q7_sigma24_L256_W0.8150_r010:ROTATED_90,256,0.815,11116405984141153167,3920165648415730957,True
figure3_direction,pair_q7_sigma24_L256_W0.8150_r011:ORIGINAL,256,0.815,11605870789540254001,8344972246060539761,True
figure3_direction,pair_q7_sigma24_L256_W0.8150_r011:REVERSED,256,0.815,11605870789540254001,8344972246060539761,True
figure3_direction,pair_q7_sigma24_L256_W0.8150_r011:ROTATED_90,256,0.815,11605870789540254001,8344972246060539761,True
figure3_direction,pair_q7_sigma24_L256_W0.8150_r012:ORIGINAL,256,0.815,9020181826257279638,18442537124699307820,True
figure3_direction,pair_q7_sigma24_L256_W0.8150_r012:REVERSED,256,0.815,9020181826257279638,18442537124699307820,True
figure3_direction,pair_q7_sigma24_L256_W0.8150_r012:ROTATED_90,256,0.815,9020181826257279638,18442537124699307820,True
figure3_direction,pair_q7_sigma24_L256_W0.8150_r013:ORIGINAL,256,0.815,1992693579957091592,8342900053045659475,True
figure3_direction,pair_q7_sigma24_L256_W0.8150_r013:REVERSED,256,0.815,1992693579957091592,8342900053045659475,True
figure3_direction,pair_q7_sigma24_L256_W0.8150_r013:ROTATED_90,256,0.815,1992693579957091592,8342900053045659475,True
figure3_direction,pair_q7_sigma24_L256_W0.8150_r014:ORIGINAL,256,0.815,1958962388468197942,16722599276705184012,True
figure3_direction,pair_q7_sigma24_L256_W0.8150_r014:REVERSED,256,0.815,1958962388468197942,16722599276705184012,True
figure3_direction,pair_q7_sigma24_L256_W0.8150_r014:ROTATED_90,256,0.815,1958962388468197942,16722599276705184012,True
figure3_direction,pair_q7_sigma24_L256_W0.8150_r015:ORIGINAL,256,0.815,13200976015076272326,5140503956590498503,True
figure3_direction,pair_q7_sigma24_L256_W0.8150_r015:REVERSED,256,0.815,13200976015076272326,5140503956590498503,True
figure3_direction,pair_q7_sigma24_L256_W0.8150_r015:ROTATED_90,256,0.815,13200976015076272326,5140503956590498503,True
figure3_direction,pair_q7_sigma24_L256_W0.8150_r016:ORIGINAL,256,0.815,9771675997271800547,16979165563087039032,True
figure3_direction,pair_q7_sigma24_L256_W0.8150_r016:REVERSED,256,0.815,9771675997271800547,16979165563087039032,True
figure3_direction,pair_q7_sigma24_L256_W0.8150_r016:ROTATED_90,256,0.815,9771675997271800547,16979165563087039032,True
figure3_direction,pair_q7_sigma24_L256_W0.8150_r017:ORIGINAL,256,0.815,4259033755189878047,10789528731150893124,True
figure3_direction,pair_q7_sigma24_L256_W0.8150_r017:REVERSED,256,0.815,4259033755189878047,10789528731150893124,True
figure3_direction,pair_q7_sigma24_L256_W0.8150_r017:ROTATED_90,256,0.815,4259033755189878047,10789528731150893124,True
figure3_direction,pair_q7_sigma24_L256_W0.8150_r018:ORIGINAL,256,0.815,5294428945503365300,18062085761282052747,True
figure3_direction,pair_q7_sigma24_L256_W0.8150_r018:REVERSED,256,0.815,5294428945503365300,18062085761282052747,True
figure3_direction,pair_q7_sigma24_L256_W0.8150_r018:ROTATED_90,256,0.815,5294428945503365300,18062085761282052747,True
figure3_direction,pair_q7_sigma24_L256_W0.8150_r019:ORIGINAL,256,0.815,2412176353350778410,18436223696195560654,True
figure3_direction,pair_q7_sigma24_L256_W0.8150_r019:REVERSED,256,0.815,2412176353350778410,18436223696195560654,True
figure3_direction,pair_q7_sigma24_L256_W0.8150_r019:ROTATED_90,256,0.815,2412176353350778410,18436223696195560654,True
figure3_direction,pair_q7_sigma24_L256_W0.8150_r020:ORIGINAL,256,0.815,18333256895073516301,5523615523928296431,True
figure3_direction,pair_q7_sigma24_L256_W0.8150_r020:REVERSED,256,0.815,18333256895073516301,5523615523928296431,True
figure3_direction,pair_q7_sigma24_L256_W0.8150_r020:ROTATED_90,256,0.815,18333256895073516301,5523615523928296431,True
figure3_direction,pair_q7_sigma24_L256_W0.8150_r021:ORIGINAL,256,0.815,13188209355832384097,8217339527146254008,True
figure3_direction,pair_q7_sigma24_L256_W0.8150_r021:REVERSED,256,0.815,13188209355832384097,8217339527146254008,True
figure3_direction,pair_q7_sigma24_L256_W0.8150_r021:ROTATED_90,256,0.815,13188209355832384097,8217339527146254008,True
figure3_direction,pair_q7_sigma24_L256_W0.8150_r022:ORIGINAL,256,0.815,1782294536176824769,14655088318334980360,True
figure3_direction,pair_q7_sigma24_L256_W0.8150_r022:REVERSED,256,0.815,1782294536176824769,14655088318334980360,True
figure3_direction,pair_q7_sigma24_L256_W0.8150_r022:ROTATED_90,256,0.815,1782294536176824769,14655088318334980360,True
figure3_direction,pair_q7_sigma24_L256_W0.8150_r023:ORIGINAL,256,0.815,14657330166817858683,960444322696908552,True
figure3_direction,pair_q7_sigma24_L256_W0.8150_r023:REVERSED,256,0.815,14657330166817858683,960444322696908552,True
figure3_direction,pair_q7_sigma24_L256_W0.8150_r023:ROTATED_90,256,0.815,14657330166817858683,960444322696908552,True
figure3_direction,pair_q7_sigma24_L256_W0.8150_r024:ORIGINAL,256,0.815,17636922915639534617,16166991119983299524,True
figure3_direction,pair_q7_sigma24_L256_W0.8150_r024:REVERSED,256,0.815,17636922915639534617,16166991119983299524,True
figure3_direction,pair_q7_sigma24_L256_W0.8150_r024:ROTATED_90,256,0.815,17636922915639534617,16166991119983299524,True
figure3_direction,pair_q7_sigma24_L512_W0.8150_r001:ORIGINAL,512,0.815,1322820816163914144,16580808588712520511,True
figure3_direction,pair_q7_sigma24_L512_W0.8150_r001:REVERSED,512,0.815,1322820816163914144,16580808588712520511,True
figure3_direction,pair_q7_sigma24_L512_W0.8150_r001:ROTATED_90,512,0.815,1322820816163914144,16580808588712520511,True
figure3_direction,pair_q7_sigma24_L512_W0.8150_r002:ORIGINAL,512,0.815,15519615016510156568,4434735538384364286,True
figure3_direction,pair_q7_sigma24_L512_W0.8150_r002:REVERSED,512,0.815,15519615016510156568,4434735538384364286,True
figure3_direction,pair_q7_sigma24_L512_W0.8150_r002:ROTATED_90,512,0.815,15519615016510156568,4434735538384364286,True
figure3_direction,pair_q7_sigma24_L512_W0.8150_r003:ORIGINAL,512,0.815,4122735263097732371,1898346900019182567,True
figure3_direction,pair_q7_sigma24_L512_W0.8150_r003:REVERSED,512,0.815,4122735263097732371,1898346900019182567,True
figure3_direction,pair_q7_sigma24_L512_W0.8150_r003:ROTATED_90,512,0.815,4122735263097732371,1898346900019182567,True
figure3_direction,pair_q7_sigma24_L512_W0.8150_r004:ORIGINAL,512,0.815,15038304916148375168,13594083121743887217,True
figure3_direction,pair_q7_sigma24_L512_W0.8150_r004:REVERSED,512,0.815,15038304916148375168,13594083121743887217,True
figure3_direction,pair_q7_sigma24_L512_W0.8150_r004:ROTATED_90,512,0.815,15038304916148375168,13594083121743887217,True
figure3_direction,pair_q7_sigma24_L512_W0.8150_r005:ORIGINAL,512,0.815,17604453024044977708,7585134236943792333,True
figure3_direction,pair_q7_sigma24_L512_W0.8150_r005:REVERSED,512,0.815,17604453024044977708,7585134236943792333,True
figure3_direction,pair_q7_sigma24_L512_W0.8150_r005:ROTATED_90,512,0.815,17604453024044977708,7585134236943792333,True
figure3_direction,pair_q7_sigma24_L512_W0.8150_r006:ORIGINAL,512,0.815,17486356508923326334,9155968679739928319,True
figure3_direction,pair_q7_sigma24_L512_W0.8150_r006:REVERSED,512,0.815,17486356508923326334,9155968679739928319,True
figure3_direction,pair_q7_sigma24_L512_W0.8150_r006:ROTATED_90,512,0.815,17486356508923326334,9155968679739928319,True
figure3_direction,pair_q7_sigma24_L512_W0.8150_r007:ORIGINAL,512,0.815,15812119871021561132,11053735838593413135,True
figure3_direction,pair_q7_sigma24_L512_W0.8150_r007:REVERSED,512,0.815,15812119871021561132,11053735838593413135,True
figure3_direction,pair_q7_sigma24_L512_W0.8150_r007:ROTATED_90,512,0.815,15812119871021561132,11053735838593413135,True
figure3_direction,pair_q7_sigma24_L512_W0.8150_r008:ORIGINAL,512,0.815,5921063102374974740,12775745292319666923,True
figure3_direction,pair_q7_sigma24_L512_W0.8150_r008:REVERSED,512,0.815,5921063102374974740,12775745292319666923,True
figure3_direction,pair_q7_sigma24_L512_W0.8150_r008:ROTATED_90,512,0.815,5921063102374974740,12775745292319666923,True
figure3_direction,pair_q7_sigma24_L512_W0.8150_r009:ORIGINAL,512,0.815,6831472297825145427,6046323993400448657,True
figure3_direction,pair_q7_sigma24_L512_W0.8150_r009:REVERSED,512,0.815,6831472297825145427,6046323993400448657,True
figure3_direction,pair_q7_sigma24_L512_W0.8150_r009:ROTATED_90,512,0.815,6831472297825145427,6046323993400448657,True
figure3_direction,pair_q7_sigma24_L512_W0.8150_r010:ORIGINAL,512,0.815,1996468286132413331,16886071266064971954,True
figure3_direction,pair_q7_sigma24_L512_W0.8150_r010:REVERSED,512,0.815,1996468286132413331,16886071266064971954,True
figure3_direction,pair_q7_sigma24_L512_W0.8150_r010:ROTATED_90,512,0.815,1996468286132413331,16886071266064971954,True
figure3_direction,pair_q7_sigma24_L512_W0.8150_r011:ORIGINAL,512,0.815,12868631184013255958,4244217339255834194,True
figure3_direction,pair_q7_sigma24_L512_W0.8150_r011:REVERSED,512,0.815,12868631184013255958,4244217339255834194,True
figure3_direction,pair_q7_sigma24_L512_W0.8150_r011:ROTATED_90,512,0.815,12868631184013255958,4244217339255834194,True
figure3_direction,pair_q7_sigma24_L512_W0.8150_r012:ORIGINAL,512,0.815,11884904223860300582,14037127872685741570,True
figure3_direction,pair_q7_sigma24_L512_W0.8150_r012:REVERSED,512,0.815,11884904223860300582,14037127872685741570,True
figure3_direction,pair_q7_sigma24_L512_W0.8150_r012:ROTATED_90,512,0.815,11884904223860300582,14037127872685741570,True
figure3_direction,pair_q7_sigma24_L512_W0.8150_r013:ORIGINAL,512,0.815,4482259486621864108,2923321532566595617,True
figure3_direction,pair_q7_sigma24_L512_W0.8150_r013:REVERSED,512,0.815,4482259486621864108,2923321532566595617,True
figure3_direction,pair_q7_sigma24_L512_W0.8150_r013:ROTATED_90,512,0.815,4482259486621864108,2923321532566595617,True
figure3_direction,pair_q7_sigma24_L512_W0.8150_r014:ORIGINAL,512,0.815,17387933154740632739,7699214322499252726,True
figure3_direction,pair_q7_sigma24_L512_W0.8150_r014:REVERSED,512,0.815,17387933154740632739,7699214322499252726,True
figure3_direction,pair_q7_sigma24_L512_W0.8150_r014:ROTATED_90,512,0.815,17387933154740632739,7699214322499252726,True
figure3_direction,pair_q7_sigma24_L512_W0.8150_r015:ORIGINAL,512,0.815,4417416506594807661,14937569893736430129,True
figure3_direction,pair_q7_sigma24_L512_W0.8150_r015:REVERSED,512,0.815,4417416506594807661,14937569893736430129,True
figure3_direction,pair_q7_sigma24_L512_W0.8150_r015:ROTATED_90,512,0.815,4417416506594807661,14937569893736430129,True
figure3_direction,pair_q7_sigma24_L512_W0.8150_r016:ORIGINAL,512,0.815,556492487883545955,4551251595724187543,True
figure3_direction,pair_q7_sigma24_L512_W0.8150_r016:REVERSED,512,0.815,556492487883545955,4551251595724187543,True
figure3_direction,pair_q7_sigma24_L512_W0.8150_r016:ROTATED_90,512,0.815,556492487883545955,4551251595724187543,True
figure1_bulk_validation,gaussian_iid_L128_q7_W0.805_r70,128,0.805,,,d9f40994977fec044398ac443b6e4bd9431f65319dc4a7670b1cb49e3768c208
figure1_bulk_validation,gaussian_iid_L128_q7_W0.815_r34,128,0.815,,,c389b88b541c1c9488b4ef0e1900b2c633aacc6483a0b8090fd08a1f6a0cca94
figure1_bulk_validation,gaussian_iid_L128_q7_W0.86_r14,128,0.86,,,642f37c7114b5428374da0d23eb9b8360fa772059c314a39aa8f3d1e8ffd1a96
figure1_bulk_validation,gaussian_iid_L128_q7_W0.9_r6,128,0.9,,,fecf8ef2050ea55d22a670d419af53326d8caf57e294af430d5e9d3d6d0a96f8
figure4_clean_feedback,gaussian_iid_L128_q7_W0_r11,128,0.0,,,62ddb88266f4cc134809e373ced12dcafe7b13bd6a9c799cf7a1a1a8eccf2be3
figure4_clean_feedback,gaussian_iid_L128_q7_W0_r15,128,0.0,,,26ccce2ca11d63daac70974231e0f98c0c8f9572836f565545b69bf7dd4b4d55
figure4_clean_feedback,gaussian_iid_L128_q7_W0_r8,128,0.0,,,2f59742825377b0a5db364dc37418531e3707ec9604779385d9bf358ec0509fb
figure4_clean_feedback,gaussian_iid_L128_q7_W0_r16,128,0.0,,,4af73992ed2009e887ad27a2f326c1b97e7775a90fa577bb78a544795ca587b2
figure4_clean_feedback,gaussian_iid_L128_q7_W0_r19,128,0.0,,,6523f317d80c181bfa32ddab051900c8167f2ab0dad99c92d5382bd2dd68a30b
figure4_clean_feedback,gaussian_iid_L128_q7_W0_r20,128,0.0,,,c0796eb92ad4aa45480aef0923baee73359d6eb32e0fa23661f72d176c1befa0
figure4_clean_feedback,gaussian_iid_L128_q7_W0_r23,128,0.0,,,628b0fe49fe6262a70dfff5ca4113bb7e7e1371b04bd90ae1c8237c49bff74f7
figure4_clean_feedback,gaussian_iid_L128_q7_W0_r13,128,0.0,,,9da9cf7cd2fe04a84c7c2b13ae9ab5183de7eef13908e4a4512795feb42a4c43
figure4_clean_feedback,gaussian_iid_L128_q7_W0_r17,128,0.0,,,4e407b820c874186d8b614fc2f80ff02df22d59df94c6515b14d024f512d17be
figure4_clean_feedback,gaussian_iid_L128_q7_W0_r1,128,0.0,,,61101537f66c97f280770a8c0810ada82adae8725d842b4d26d59d5e6de0e846
figure4_clean_feedback,gaussian_iid_L128_q7_W0_r2,128,0.0,,,9c93ca1c642760e9737495187260c6eeec09380546dc3cf53390e0ed6839509e
figure4_clean_feedback,gaussian_iid_L128_q7_W0_r0,128,0.0,,,0d7af1bb49638676384e5989dd3a6df4d03fc1491947d80c7310aff812835a73
figure4_clean_feedback,gaussian_iid_L128_q7_W0_r7,128,0.0,,,0273e2f762b4954486cd9d7b5998f53a98fdf5355845d280f5bf8d9b081d467c
figure4_clean_feedback,gaussian_iid_L128_q7_W0_r14,128,0.0,,,95d092c0454717c4b02f9c25f7114ecbf7916aaa207ac8130793eca903d0e9cf
figure4_clean_feedback,gaussian_iid_L128_q7_W0_r5,128,0.0,,,4d6408fa5b1c88e98b87db2672521289029e9b7cece7c20b2e99a11a76337846
figure4_clean_feedback,gaussian_iid_L128_q7_W0_r3,128,0.0,,,852e1b46ea87c56df66c6def4e9a703c1cb26ecd7ec86036d7297db867794018
figure4_clean_feedback,gaussian_iid_L128_q7_W0_r21,128,0.0,,,37b416925b26772b4d8edd0622ddccad39f12e2163cd7dc202d24bb3c94eed55
figure4_clean_feedback,gaussian_iid_L128_q7_W0_r9,128,0.0,,,c5f6e4b1af5f864deafad069cdb0fc92c3f629271d8860f22586465aceb01107
figure4_clean_feedback,gaussian_iid_L128_q7_W0_r10,128,0.0,,,8f04df2fb58c700f4b02df784a68bd881b3a88626eda02815a9710854da3c055
figure4_clean_feedback,gaussian_iid_L128_q7_W0_r22,128,0.0,,,a248ee0b8730bfa6bbc4785b0432d2d454d9470e9e2fb571fd2876c52a3244a0
figure4_clean_feedback,gaussian_iid_L128_q7_W0_r12,128,0.0,,,cd68545aae70a3cc67d7b964d7aee4fd0d1b0af24e10c0f0a6e430c0290df33f
figure4_clean_feedback,gaussian_iid_L128_q7_W0_r18,128,0.0,,,70f8155d2488ac24ce61c884b62ee5bdf48b7fbfbcfa32a8fe48c1a6ac9b4668
figure4_clean_feedback,gaussian_iid_L128_q7_W0_r4,128,0.0,,,36e2e6d0241a4ce6ed9daf324ef2e833e8446045f214c4bf1c8402924c7f9651
figure4_clean_feedback,gaussian_iid_L128_q7_W0_r6,128,0.0,,,287a794fded47a1e57f865aa9c2e30ce861eda9a49617a45bce667504274f943
