distribution,correlation_family,control_name,direction,q,sigma,L,ell_x,ell_y,n_total,control_values,control_min,control_max,n_per_condition_min,n_per_condition_max,smallest_condition_median,largest_condition_median
gaussian,ANISO_X,alpha,-1.0,7.0,24.0,64.0,12.0,2.0,1416,41,0.03647242,1.0,24,48,0.0004679361979166,0.9635467529296876
gaussian,ANISO_X,alpha,-1.0,7.0,24.0,128.0,12.0,2.0,928,37,0.03647242,0.40903905,16,32,0.1413892110188802,0.9872233072916669
gaussian,ANISO_Y,alpha,-1.0,7.0,24.0,64.0,2.0,12.0,1464,43,0.0,1.0,24,48,0.0005594889322916,0.9629313151041669
gaussian,ANISO_Y,alpha,-1.0,7.0,24.0,128.0,2.0,12.0,912,36,0.03492467,0.38885738,16,32,0.0594838460286458,0.9855613708496094
gaussian,iid,W,1.0,4.0,24.0,64.0,0.0,0.0,1104,28,0.89852819,0.94902337,24,48,0.1566670735677083,0.9461263020833334
gaussian,iid,W,1.0,4.0,24.0,128.0,0.0,0.0,784,30,0.89852819,0.94902337,16,32,0.1497039794921874,0.9611918131510416
gaussian,iid,W,1.0,4.0,24.0,256.0,0.0,0.0,336,27,0.89852819,0.94902337,8,16,0.1304521560668945,0.967350959777832
gaussian,iid,W,1.0,5.0,24.0,64.0,0.0,0.0,320,11,0.82,0.98,16,32,0.0401967366536458,0.9788004557291666
gaussian,iid,W,1.0,5.0,24.0,128.0,0.0,0.0,240,11,0.82,0.98,12,24,0.0171966552734374,0.9844500223795574
gaussian,iid,W,1.0,6.0,24.0,64.0,0.0,0.0,624,15,0.79,0.87,24,48,0.0461680094401041,0.9783274332682292
gaussian,iid,W,1.0,6.0,24.0,128.0,0.0,0.0,352,13,0.79,0.87,16,32,0.0203018188476562,0.987555185953776
gaussian,iid,W,1.0,6.0,24.0,256.0,0.0,0.0,84,7,0.815,0.845,12,12,0.121652603149414,0.9885543187459308
gaussian,iid,W,1.0,7.0,24.0,64.0,0.0,0.0,1880,21,0.75,0.9,8,128,0.0264383951822916,0.9889017740885416
gaussian,iid,W,1.0,7.0,24.0,128.0,0.0,0.0,1528,24,0.75,0.9,8,96,0.0158538818359374,0.9939181009928384
gaussian,iid,W,1.0,7.0,24.0,256.0,0.0,0.0,544,13,0.75,0.9,8,48,0.0069157282511393,0.9963407516479492
gaussian,iid,W,1.0,7.0,24.0,512.0,0.0,0.0,200,14,0.75,0.9,4,16,0.0033650398254394,0.9973917007446288
gaussian,iid,W,1.0,8.0,24.0,64.0,0.0,0.0,576,14,0.735,0.815,24,48,0.0388692220052083,0.9836883544921876
gaussian,iid,W,1.0,8.0,24.0,128.0,0.0,0.0,336,13,0.735,0.815,16,32,0.0189628601074218,0.9918912251790364
gaussian,iid,W,1.0,8.0,24.0,256.0,0.0,0.0,84,7,0.76,0.79,12,12,0.0822016398111978,0.9917125701904296
gaussian,iid,W,1.0,10.0,24.0,64.0,0.0,0.0,384,13,0.65,0.85,16,32,0.0180969238281249,0.99432373046875
gaussian,iid,W,1.0,10.0,24.0,128.0,0.0,0.0,180,9,0.65,0.85,12,24,0.0098762512207031,0.9973068237304688
gaussian,iid,W,1.0,12.0,24.0,64.0,0.0,0.0,1560,47,0.4,0.9,24,48,0.0115712483723958,0.998199462890625
gaussian,iid,W,1.0,12.0,24.0,128.0,0.0,0.0,768,33,0.69623302,0.73376207,16,32,0.1283175150553385,0.9936065673828124
gaussian,iid,W,1.0,12.0,24.0,256.0,0.0,0.0,440,36,0.69623302,0.73376207,8,16,0.0927562713623046,0.9964701334635416
gaussian,rank_iso_1R,alpha,-1.0,7.0,24.0,64.0,2.0,2.0,1152,36,0.04461264,1.0,24,48,0.0005798339843749,0.8349202473958333
gaussian,rank_iso_1R,alpha,-1.0,7.0,24.0,128.0,2.0,2.0,896,35,0.04461264,0.40692341,16,32,0.083502451578776,0.9874178568522136
gaussian,rank_iso_2R,alpha,-1.0,7.0,24.0,64.0,4.0,4.0,768,17,0.0,0.45,24,48,0.0405832926432291,0.9656575520833334
gaussian,rank_iso_2R,alpha,-1.0,7.0,24.0,128.0,4.0,4.0,384,14,0.0,0.45,16,32,0.0224482218424478,0.9880752563476562
gaussian,rank_iso_2R,alpha,-1.0,7.0,24.0,256.0,4.0,4.0,144,9,0.15,0.35,16,16,0.0581035614013671,0.9913625717163086
gaussian,rank_iso_3R,alpha,-1.0,7.0,24.0,64.0,6.0,6.0,1416,41,0.06357557,1.0,24,48,0.0003153483072916,0.9651336669921876
gaussian,rank_iso_3R,alpha,-1.0,7.0,24.0,128.0,6.0,6.0,896,35,0.06357557,0.33348388,16,32,0.0999984741210937,0.9856618245442708
gaussian,rank_iso_6R,alpha,-1.0,7.0,24.0,64.0,12.0,12.0,1128,35,0.08295848,1.0,24,48,0.000213623046875,0.9024607340494792
gaussian,rank_iso_6R,alpha,-1.0,7.0,24.0,128.0,12.0,12.0,864,35,0.08295848,0.3134742,16,32,0.1108894348144531,0.986676534016927
laplace,iid,b,1.0,7.0,24.0,64.0,0.0,0.0,1728,53,0.3,1.1,24,48,0.0081431070963541,0.9972025553385416
laplace,iid,b,1.0,7.0,24.0,128.0,0.0,0.0,800,30,0.49918683,0.53579986,16,32,0.1318715413411458,0.9854367574055988
uniform,iid,A,1.0,7.0,24.0,64.0,0.0,0.0,456,18,1.6,1.8,24,32,0.0336659749348958,0.993494669596354
uniform,iid,A,1.0,7.0,24.0,128.0,0.0,0.0,336,18,1.6,1.8,16,32,0.0206540425618488,0.9960810343424478
vonmises,iid,kappa,-1.0,7.0,24.0,64.0,0.0,0.0,720,18,2.1,2.9,24,48,0.0179290771484375,0.987645467122396
vonmises,iid,kappa,-1.0,7.0,24.0,128.0,0.0,0.0,416,16,2.1,2.9,16,32,0.0090421040852864,0.9928550720214844
